"Title","ID","Created Date","Updated Date","Owner","entityType","entityId","action","summary","oldValue","newValue","actorEmail","actorName","createdAt","retentionUntil"
,"009d6cc2-81a8-4e41-a1a6-a20ad2a2b9c6",2026-04-04T12:56:56Z,2026-04-04T12:56:56Z,"4139a8c1-c961-498e-9512-465437a7bf6c","pricing.businessSettings","a5128991-cf12-4a62-bcde-64e77309b454","pricing.saveBusinessSettings","Ενημέρωση business settings","{""stationSettings"":{""ath"":{""vehiclesPageModelsSource"":""fleet"",""rentalTermsIntro"":""Στην παρακάτω σελίδα συγκεντρώνονται βασικοί όροι, προϋποθέσεις και πολιτικές της ενοικίασης με μορφή εύκολη για ανάγνωση και ενημέρωση από το backroom."",""nightEndHour"":8,""stationProfiles"":[{""key"":""default"",""label"":""Κεντρικός σταθμός"",""description"":""""},{""key"":""ath"",""label"":""ATH Athens"",""description"":""""}],""bookingCanceledTriggerId"":"""",""defaultDeposit"":0,""operatingHoursLabel"":""08:00 - 22:00"",""companyPhone"":""+30 2310 000 000"",""companyAddress"":""Θεσσαλονίκη, Ελλάδα"",""insuranceTermsBody"":""Η βασική κάλυψη αφορά την τυπική συμμετοχή του ενοικιαστή σύμφωνα με τους όρους της εταιρίας. Οι επιπλέον καλύψεις μειώνουν ή περιορίζουν την ευθύνη ανάλογα με το πρόγραμμα που θα επιλεγεί. Πριν από την τελική παράδοση του οχήματος, η ομάδα μας επιβεβαιώνει ξανά τις καλύψεις, τις εξαιρέσεις και το ύψος της συμμετοχής. Δεν καλύπτονται περιστατικά που προκύπτουν από παραβίαση του ΚΟΚ, οδήγηση υπό επήρεια, μη εξουσιοδοτημένο οδηγό, απώλεια κλειδιών ή εγγράφων και χρήση του οχήματος εκτός των συμφωνημένων όρων. Οι πληροφορίες της σελίδας έχουν ενημερωτικό χαρακτήρα και υπερισχύουν οι τελικοί όροι που επιβεβαιώνονται από την εταιρία πριν την παραλαβή."",""insuranceTermsIntro"":""Οι ασφαλιστικές επιλογές και οι σχετικοί όροι παρουσιάζονται με απλό τρόπο πριν από την ολοκλήρωση της κράτησης."",""insuranceDetailsTitle"":""Λεπτομέρειες ασφαλιστικών επιλογών"",""insuranceDetailsIntro"":""Παρακάτω βλέπεις συνοπτικά τις επιλογές κάλυψης που χρησιμοποιούνται στο front booking flow."",""insuranceDetailsBody"":""Το CDW αποτελεί τη βασική κάλυψη χωρίς επιπλέον ημερήσια χρέωση. Το SCDW μειώνει περαιτέρω την οικονομική έκθεση του οδηγού, ενώ το FULL παρέχει την πιο ενισχυμένη επιλογή προστασίας που εμφανίζεται στο backroom και στο booking flow. Για κάθε κράτηση, το τελικό πρόγραμμα ασφάλισης, οι χρεώσεις και οι εξαιρέσεις επιβεβαιώνονται από την ομάδα μας πριν από την παράδοση."",""rentalPrivacyBody"":""Τα προσωπικά δεδομένα χρησιμοποιούνται αποκλειστικά για την εξυπηρέτηση της κράτησης, την επικοινωνία με τον πελάτη και την εκπλήρωση νομικών ή φορολογικών υποχρεώσεων της εταιρίας. Για ειδικά αιτήματα, διορθώσεις στοιχείων ή απορίες σχετικά με την επεξεργασία δεδομένων, ο πελάτης μπορεί να επικοινωνεί με την εταιρία στα διαθέσιμα στοιχεία επικοινωνίας."",""nightStartHour"":22,""allowOverbooking"":true,""companyName"":""DIAMOND Rent A Car"",""insuranceTermsTitle"":""Όροι και λεπτομέρειες ασφαλειών"",""rentalTermsTitle"":""Όροι ενοικίασης και πολιτικές"",""companyCity"":""Thessaloniki"",""bookingConfirmedTriggerId"":"""",""currency"":""EUR"",""footerNote"":""Επαγγελματική εμπειρία ενοικίασης οχήματος με καθαρή ροή κράτησης, ξεκάθαρη τιμολόγηση και προσωπική επιβεβαίωση."",""title"":""Business settings"",""companyEmail"":""info@diamondrentacar.gr"",""companyTagline"":""Ενοικίαση οχημάτων στη Θεσσαλονίκη με καθαρή διαδικασία και γρήγορη επιβεβαίωση."",""rentalTermsBody"":""Η ενοικίαση ολοκληρώνεται μόνο μετά από επιβεβαίωση της διαθεσιμότητας από την εταιρία και έλεγχο των στοιχείων του οδηγού. Η εταιρία διατηρεί το δικαίωμα να προτείνει ισοδύναμο όχημα ίδιας ή ανώτερης κατηγορίας όταν αυτό απαιτηθεί από λειτουργικούς λόγους, χωρίς πρόσθετη χρέωση για τον πελάτη."",""vatRate"":24,""rentalRequirementsBody"":""Ο κύριος οδηγός οφείλει να διαθέτει ισχύουσα άδεια οδήγησης, ταυτότητα ή διαβατήριο και κάρτα ή άλλο μέσο πληρωμής αποδεκτό από την εταιρία. Ελάχιστη ηλικία, έτη κατοχής διπλώματος, εγγύηση και τυχόν επασφάλιστρα εξαρτώνται από την κατηγορία οχήματος και την τελική επιβεβαίωση της κράτησης."",""vehiclesPageDisplayMode"":""categories"",""enableTriggeredEmails"":false,""rentalPoliciesBody"":""Η πολιτική καυσίμου, οι ώρες παράδοσης και παραλαβής, οι χρεώσεις εκτός ωραρίου, οι ακυρώσεις, οι καθυστερήσεις και οι όροι επέκτασης της μίσθωσης επιβεβαιώνονται πριν την παράδοση. Τυχόν ζημιές, πρόστιμα, απώλειες εξοπλισμού ή χρήση του οχήματος κατά παράβαση των συμφωνημένων όρων βαρύνουν τον ενοικιαστή σύμφωνα με την τελική σύμβαση."",""active"":true,""afterHoursNotice"":""Για εξυπηρέτηση εκτός ωραρίου ισχύουν επιπλέον χρεώσεις.""},""skg"":{""vehiclesPageModelsSource"":""fleet"",""rentalTermsIntro"":""Στην παρακάτω σελίδα συγκεντρώνονται βασικοί όροι, προϋποθέσεις και πολιτικές της ενοικίασης με μορφή εύκολη για ανάγνωση και ενημέρωση από το backroom."",""nightEndHour"":8,""stationProfiles"":[{""key"":""skg"",""label"":""Κεντρικός σταθμός"",""description"":""""},{""key"":""a"",""label"":""a"",""description"":""""},{""key"":""ath"",""label"":""ATH Athens"",""description"":""""}],""bookingCanceledTriggerId"":"""",""defaultDeposit"":0,""operatingHoursLabel"":""08:00 - 22:00"",""companyPhone"":""+30 2310 000 000"",""companyAddress"":""Θεσσαλονίκη, Ελλάδα"",""insuranceTermsBody"":""Η βασική κάλυψη αφορά την τυπική συμμετοχή του ενοικιαστή σύμφωνα με τους όρους της εταιρίας. Οι επιπλέον καλύψεις μειώνουν ή περιορίζουν την ευθύνη ανάλογα με το πρόγραμμα που θα επιλεγεί. Πριν από την τελική παράδοση του οχήματος, η ομάδα μας επιβεβαιώνει ξανά τις καλύψεις, τις εξαιρέσεις και το ύψος της συμμετοχής. Δεν καλύπτονται περιστατικά που προκύπτουν από παραβίαση του ΚΟΚ, οδήγηση υπό επήρεια, μη εξουσιοδοτημένο οδηγό, απώλεια κλειδιών ή εγγράφων και χρήση του οχήματος εκτός των συμφωνημένων όρων. Οι πληροφορίες της σελίδας έχουν ενημερωτικό χαρακτήρα και υπερισχύουν οι τελικοί όροι που επιβεβαιώνονται από την εταιρία πριν την παραλαβή."",""insuranceTermsIntro"":""Οι ασφαλιστικές επιλογές και οι σχετικοί όροι παρουσιάζονται με απλό τρόπο πριν από την ολοκλήρωση της κράτησης."",""insuranceDetailsTitle"":""Λεπτομέρειες ασφαλιστικών επιλογών"",""insuranceDetailsIntro"":""Παρακάτω βλέπεις συνοπτικά τις επιλογές κάλυψης που χρησιμοποιούνται στο front booking flow."",""insuranceDetailsBody"":""Το CDW αποτελεί τη βασική κάλυψη χωρίς επιπλέον ημερήσια χρέωση. Το SCDW μειώνει περαιτέρω την οικονομική έκθεση του οδηγού, ενώ το FULL παρέχει την πιο ενισχυμένη επιλογή προστασίας που εμφανίζεται στο backroom και στο booking flow. Για κάθε κράτηση, το τελικό πρόγραμμα ασφάλισης, οι χρεώσεις και οι εξαιρέσεις επιβεβαιώνονται από την ομάδα μας πριν από την παράδοση."",""rentalPrivacyBody"":""Τα προσωπικά δεδομένα χρησιμοποιούνται αποκλειστικά για την εξυπηρέτηση της κράτησης, την επικοινωνία με τον πελάτη και την εκπλήρωση νομικών ή φορολογικών υποχρεώσεων της εταιρίας. Για ειδικά αιτήματα, διορθώσεις στοιχείων ή απορίες σχετικά με την επεξεργασία δεδομένων, ο πελάτης μπορεί να επικοινωνεί με την εταιρία στα διαθέσιμα στοιχεία επικοινωνίας."",""nightStartHour"":22,""allowOverbooking"":true,""companyName"":""DIAMOND Rent A Car"",""insuranceTermsTitle"":""Όροι και λεπτομέρειες ασφαλειών"",""rentalTermsTitle"":""Όροι ενοικίασης και πολιτικές"",""companyCity"":""Thessaloniki"",""bookingConfirmedTriggerId"":"""",""currency"":""EUR"",""footerNote"":""Επαγγελματική εμπειρία ενοικίασης οχήματος με καθαρή ροή κράτησης, ξεκάθαρη τιμολόγηση και προσωπική επιβεβαίωση."",""title"":""Business settings"",""companyEmail"":""info@diamondrentacar.gr"",""companyTagline"":""Ενοικίαση οχημάτων στη Θεσσαλονίκη με καθαρή διαδικασία και γρήγορη επιβεβαίωση."",""rentalTermsBody"":""Η ενοικίαση ολοκληρώνεται μόνο μετά από επιβεβαίωση της διαθεσιμότητας από την εταιρία και έλεγχο των στοιχείων του οδηγού. Η εταιρία διατηρεί το δικαίωμα να προτείνει ισοδύναμο όχημα ίδιας ή ανώτερης κατηγορίας όταν αυτό απαιτηθεί από λειτουργικούς λόγους, χωρίς πρόσθετη χρέωση για τον πελάτη."",""vatRate"":24,""rentalRequirementsBody"":""Ο κύριος οδηγός οφείλει να διαθέτει ισχύουσα άδεια οδήγησης, ταυτότητα ή διαβατήριο και κάρτα ή άλλο μέσο πληρωμής αποδεκτό από την εταιρία. Ελάχιστη ηλικία, έτη κατοχής διπλώματος, εγγύηση και τυχόν επασφάλιστρα εξαρτώνται από την κατηγορία οχήματος και την τελική επιβεβαίωση της κράτησης."",""vehiclesPageDisplayMode"":""categories"",""enableTriggeredEmails"":false,""rentalPoliciesBody"":""Η πολιτική καυσίμου, οι ώρες παράδοσης και παραλαβής, οι χρεώσεις εκτός ωραρίου, οι ακυρώσεις, οι καθυστερήσεις και οι όροι επέκτασης της μίσθωσης επιβεβαιώνονται πριν την παράδοση. Τυχόν ζημιές, πρόστιμα, απώλειες εξοπλισμού ή χρήση του οχήματος κατά παράβαση των συμφωνημένων όρων βαρύνουν τον ενοικιαστή σύμφωνα με την τελική σύμβαση."",""active"":true,""afterHoursNotice"":""Για εξυπηρέτηση εκτός ωραρίου ισχύουν επιπλέον χρεώσεις.""}},""vehiclesPageModelsSource"":""fleet"",""rentalTermsIntro"":""Στην παρακάτω σελίδα συγκεντρώνονται βασικοί όροι, προϋποθέσεις και πολιτικές της ενοικίασης με μορφή εύκολη για ανάγνωση και ενημέρωση από το backroom."",""nightEndHour"":8,""stationProfiles"":[{""key"":""default"",""label"":""Κεντρικός σταθμός"",""description"":""""},{""key"":""skg"",""label"":""Κεντρικός σταθμός"",""description"":""""},{""key"":""a"",""label"":""a"",""description"":""""},{""key"":""ath"",""label"":""ATH Athens"",""description"":""""}],""bookingCanceledTriggerId"":"""",""defaultDeposit"":0,""operatingHoursLabel"":""08:00 - 22:00"",""companyPhone"":""+30 2310 000 000"",""companyAddress"":""Θεσσαλονίκη, Ελλάδα"",""_id"":""a5128991-cf12-4a62-bcde-64e77309b454"",""insuranceTermsBody"":""Η βασική κάλυψη αφορά την τυπική συμμετοχή του ενοικιαστή σύμφωνα με τους όρους της εταιρίας. Οι επιπλέον καλύψεις μειώνουν ή περιορίζουν την ευθύνη ανάλογα με το πρόγραμμα που θα επιλεγεί. Πριν από την τελική παράδοση του οχήματος, η ομάδα μας επιβεβαιώνει ξανά τις καλύψεις, τις εξαιρέσεις και το ύψος της συμμετοχής. Δεν καλύπτονται περιστατικά που προκύπτουν από παραβίαση του ΚΟΚ, οδήγηση υπό επήρεια, μη εξουσιοδοτημένο οδηγό, απώλεια κλειδιών ή εγγράφων και χρήση του οχήματος εκτός των συμφωνημένων όρων. Οι πληροφορίες της σελίδας έχουν ενημερωτικό χαρακτήρα και υπερισχύουν οι τελικοί όροι που επιβεβαιώνονται από την εταιρία πριν την παραλαβή."",""_owner"":""284e089f-48c1-4969-b018-a9add65901a8"",""_createdDate"":""2026-03-15T14:21:47.499Z"",""insuranceTermsIntro"":""Οι ασφαλιστικές επιλογές και οι σχετικοί όροι παρουσιάζονται με απλό τρόπο πριν από την ολοκλήρωση της κράτησης."",""insuranceDetailsTitle"":""Λεπτομέρειες ασφαλιστικών επιλογών"",""insuranceDetailsIntro"":""Παρακάτω βλέπεις συνοπτικά τις επιλογές κάλυψης που χρησιμοποιούνται στο front booking flow."",""insuranceDetailsBody"":""Το CDW αποτελεί τη βασική κάλυψη χωρίς επιπλέον ημερήσια χρέωση. Το SCDW μειώνει περαιτέρω την οικονομική έκθεση του οδηγού, ενώ το FULL παρέχει την πιο ενισχυμένη επιλογή προστασίας που εμφανίζεται στο backroom και στο booking flow. Για κάθε κράτηση, το τελικό πρόγραμμα ασφάλισης, οι χρεώσεις και οι εξαιρέσεις επιβεβαιώνονται από την ομάδα μας πριν από την παράδοση."",""rentalPrivacyBody"":""Τα προσωπικά δεδομένα χρησιμοποιούνται αποκλειστικά για την εξυπηρέτηση της κράτησης, την επικοινωνία με τον πελάτη και την εκπλήρωση νομικών ή φορολογικών υποχρεώσεων της εταιρίας. Για ειδικά αιτήματα, διορθώσεις στοιχείων ή απορίες σχετικά με την επεξεργασία δεδομένων, ο πελάτης μπορεί να επικοινωνεί με την εταιρία στα διαθέσιμα στοιχεία επικοινωνίας."",""nightStartHour"":22,""_updatedDate"":""2026-04-04T12:55:12.217Z"",""allowOverbooking"":true,""companyName"":""DIAMOND Rent A Car"",""insuranceTermsTitle"":""Όροι και λεπτομέρειες ασφαλειών"",""rentalTermsTitle"":""Όροι ενοικίασης και πολιτικές"",""companyCity"":""Thessaloniki"",""bookingConfirmedTriggerId"":"""",""currency"":""EUR"",""footerNote"":""Επαγγελματική εμπειρία ενοικίασης οχήματος με καθαρή ροή κράτησης, ξεκάθαρη τιμολόγηση και προσωπική επιβεβαίωση."",""title"":""Business settings"",""companyEmail"":""info@diamondrentacar.gr"",""companyTagline"":""Ενοικίαση οχημάτων στη Θεσσαλονίκη με καθαρή διαδικασία και γρήγορη επιβεβαίωση."",""rentalTermsBody"":""Η ενοικίαση ολοκληρώνεται μόνο μετά από επιβεβαίωση της διαθεσιμότητας από την εταιρία και έλεγχο των στοιχείων του οδηγού. Η εταιρία διατηρεί το δικαίωμα να προτείνει ισοδύναμο όχημα ίδιας ή ανώτερης κατηγορίας όταν αυτό απαιτηθεί από λειτουργικούς λόγους, χωρίς πρόσθετη χρέωση για τον πελάτη."",""vatRate"":24,""rentalRequirementsBody"":""Ο κύριος οδηγός οφείλει να διαθέτει ισχύουσα άδεια οδήγησης, ταυτότητα ή διαβατήριο και κάρτα ή άλλο μέσο πληρωμής αποδεκτό από την εταιρία. Ελάχιστη ηλικία, έτη κατοχής διπλώματος, εγγύηση και τυχόν επασφάλιστρα εξαρτώνται από την κατηγορία οχήματος και την τελική επιβεβαίωση της κράτησης."",""vehiclesPageDisplayMode"":""categories"",""enableTriggeredEmails"":false,""rentalPoliciesBody"":""Η πολιτική καυσίμου, οι ώρες παράδοσης και παραλαβής, οι χρεώσεις εκτός ωραρίου, οι ακυρώσεις, οι καθυστερήσεις και οι όροι επέκτασης της μίσθωσης επιβεβαιώνονται πριν την παράδοση. Τυχόν ζημιές, πρόστιμα, απώλειες εξοπλισμού ή χρήση του οχήματος κατά παράβαση των συμφωνημένων όρων βαρύνουν τον ενοικιαστή σύμφωνα με την τελική σύμβαση."",""active"":true,""afterHoursNotice"":""Για εξυπηρέτηση εκτός ωραρίου ισχύουν επιπλέον χρεώσεις.""}","{""stationSettings"":{""ath"":{""vehiclesPageModelsSource"":""fleet"",""rentalTermsIntro"":""Στην παρακάτω σελίδα συγκεντρώνονται βασικοί όροι, προϋποθέσεις και πολιτικές της ενοικίασης με μορφή εύκολη για ανάγνωση και ενημέρωση από το backroom."",""nightEndHour"":8,""stationProfiles"":[{""key"":""default"",""label"":""Κεντρικός σταθμός"",""description"":""""},{""key"":""ath"",""label"":""ATH Athens"",""description"":""""}],""bookingCanceledTriggerId"":"""",""defaultDeposit"":0,""operatingHoursLabel"":""08:00 - 22:00"",""companyPhone"":""+30 2310 000 000"",""companyAddress"":""Θεσσαλονίκη, Ελλάδα"",""insuranceTermsBody"":""Η βασική κάλυψη αφορά την τυπική συμμετοχή του ενοικιαστή σύμφωνα με τους όρους της εταιρίας. Οι επιπλέον καλύψεις μειώνουν ή περιορίζουν την ευθύνη ανάλογα με το πρόγραμμα που θα επιλεγεί. Πριν από την τελική παράδοση του οχήματος, η ομάδα μας επιβεβαιώνει ξανά τις καλύψεις, τις εξαιρέσεις και το ύψος της συμμετοχής. Δεν καλύπτονται περιστατικά που προκύπτουν από παραβίαση του ΚΟΚ, οδήγηση υπό επήρεια, μη εξουσιοδοτημένο οδηγό, απώλεια κλειδιών ή εγγράφων και χρήση του οχήματος εκτός των συμφωνημένων όρων. Οι πληροφορίες της σελίδας έχουν ενημερωτικό χαρακτήρα και υπερισχύουν οι τελικοί όροι που επιβεβαιώνονται από την εταιρία πριν την παραλαβή."",""insuranceTermsIntro"":""Οι ασφαλιστικές επιλογές και οι σχετικοί όροι παρουσιάζονται με απλό τρόπο πριν από την ολοκλήρωση της κράτησης."",""insuranceDetailsTitle"":""Λεπτομέρειες ασφαλιστικών επιλογών"",""insuranceDetailsIntro"":""Παρακάτω βλέπεις συνοπτικά τις επιλογές κάλυψης που χρησιμοποιούνται στο front booking flow."",""insuranceDetailsBody"":""Το CDW αποτελεί τη βασική κάλυψη χωρίς επιπλέον ημερήσια χρέωση. Το SCDW μειώνει περαιτέρω την οικονομική έκθεση του οδηγού, ενώ το FULL παρέχει την πιο ενισχυμένη επιλογή προστασίας που εμφανίζεται στο backroom και στο booking flow. Για κάθε κράτηση, το τελικό πρόγραμμα ασφάλισης, οι χρεώσεις και οι εξαιρέσεις επιβεβαιώνονται από την ομάδα μας πριν από την παράδοση."",""rentalPrivacyBody"":""Τα προσωπικά δεδομένα χρησιμοποιούνται αποκλειστικά για την εξυπηρέτηση της κράτησης, την επικοινωνία με τον πελάτη και την εκπλήρωση νομικών ή φορολογικών υποχρεώσεων της εταιρίας. Για ειδικά αιτήματα, διορθώσεις στοιχείων ή απορίες σχετικά με την επεξεργασία δεδομένων, ο πελάτης μπορεί να επικοινωνεί με την εταιρία στα διαθέσιμα στοιχεία επικοινωνίας."",""nightStartHour"":22,""allowOverbooking"":true,""companyName"":""DIAMOND Rent A Car"",""insuranceTermsTitle"":""Όροι και λεπτομέρειες ασφαλειών"",""rentalTermsTitle"":""Όροι ενοικίασης και πολιτικές"",""companyCity"":""Thessaloniki"",""bookingConfirmedTriggerId"":"""",""currency"":""EUR"",""footerNote"":""Επαγγελματική εμπειρία ενοικίασης οχήματος με καθαρή ροή κράτησης, ξεκάθαρη τιμολόγηση και προσωπική επιβεβαίωση."",""title"":""Business settings"",""companyEmail"":""info@diamondrentacar.gr"",""companyTagline"":""Ενοικίαση οχημάτων στη Θεσσαλονίκη με καθαρή διαδικασία και γρήγορη επιβεβαίωση."",""rentalTermsBody"":""Η ενοικίαση ολοκληρώνεται μόνο μετά από επιβεβαίωση της διαθεσιμότητας από την εταιρία και έλεγχο των στοιχείων του οδηγού. Η εταιρία διατηρεί το δικαίωμα να προτείνει ισοδύναμο όχημα ίδιας ή ανώτερης κατηγορίας όταν αυτό απαιτηθεί από λειτουργικούς λόγους, χωρίς πρόσθετη χρέωση για τον πελάτη."",""vatRate"":24,""rentalRequirementsBody"":""Ο κύριος οδηγός οφείλει να διαθέτει ισχύουσα άδεια οδήγησης, ταυτότητα ή διαβατήριο και κάρτα ή άλλο μέσο πληρωμής αποδεκτό από την εταιρία. Ελάχιστη ηλικία, έτη κατοχής διπλώματος, εγγύηση και τυχόν επασφάλιστρα εξαρτώνται από την κατηγορία οχήματος και την τελική επιβεβαίωση της κράτησης."",""vehiclesPageDisplayMode"":""categories"",""enableTriggeredEmails"":false,""rentalPoliciesBody"":""Η πολιτική καυσίμου, οι ώρες παράδοσης και παραλαβής, οι χρεώσεις εκτός ωραρίου, οι ακυρώσεις, οι καθυστερήσεις και οι όροι επέκτασης της μίσθωσης επιβεβαιώνονται πριν την παράδοση. Τυχόν ζημιές, πρόστιμα, απώλειες εξοπλισμού ή χρήση του οχήματος κατά παράβαση των συμφωνημένων όρων βαρύνουν τον ενοικιαστή σύμφωνα με την τελική σύμβαση."",""active"":true,""afterHoursNotice"":""Για εξυπηρέτηση εκτός ωραρίου ισχύουν επιπλέον χρεώσεις.""},""default"":{""vehiclesPageModelsSource"":""fleet"",""rentalTermsIntro"":""Στην παρακάτω σελίδα συγκεντρώνονται βασικοί όροι, προϋποθέσεις και πολιτικές της ενοικίασης με μορφή εύκολη για ανάγνωση και ενημέρωση από το backroom."",""nightEndHour"":8,""stationProfiles"":[{""key"":""a"",""label"":""a"",""description"":""""},{""key"":""ath"",""label"":""ATH Athens"",""description"":""""},{""key"":""default"",""label"":""SKG Thessaloniki"",""description"":""""}],""bookingCanceledTriggerId"":"""",""defaultDeposit"":0,""operatingHoursLabel"":""08:00 - 22:00"",""companyPhone"":""+30 2310 000 000"",""companyAddress"":""Θεσσαλονίκη, Ελλάδα"",""insuranceTermsBody"":""Η βασική κάλυψη αφορά την τυπική συμμετοχή του ενοικιαστή σύμφωνα με τους όρους της εταιρίας. Οι επιπλέον καλύψεις μειώνουν ή περιορίζουν την ευθύνη ανάλογα με το πρόγραμμα που θα επιλεγεί. Πριν από την τελική παράδοση του οχήματος, η ομάδα μας επιβεβαιώνει ξανά τις καλύψεις, τις εξαιρέσεις και το ύψος της συμμετοχής. Δεν καλύπτονται περιστατικά που προκύπτουν από παραβίαση του ΚΟΚ, οδήγηση υπό επήρεια, μη εξουσιοδοτημένο οδηγό, απώλεια κλειδιών ή εγγράφων και χρήση του οχήματος εκτός των συμφωνημένων όρων. Οι πληροφορίες της σελίδας έχουν ενημερωτικό χαρακτήρα και υπερισχύουν οι τελικοί όροι που επιβεβαιώνονται από την εταιρία πριν την παραλαβή."",""insuranceTermsIntro"":""Οι ασφαλιστικές επιλογές και οι σχετικοί όροι παρουσιάζονται με απλό τρόπο πριν από την ολοκλήρωση της κράτησης."",""insuranceDetailsTitle"":""Λεπτομέρειες ασφαλιστικών επιλογών"",""insuranceDetailsIntro"":""Παρακάτω βλέπεις συνοπτικά τις επιλογές κάλυψης που χρησιμοποιούνται στο front booking flow."",""insuranceDetailsBody"":""Το CDW αποτελεί τη βασική κάλυψη χωρίς επιπλέον ημερήσια χρέωση. Το SCDW μειώνει περαιτέρω την οικονομική έκθεση του οδηγού, ενώ το FULL παρέχει την πιο ενισχυμένη επιλογή προστασίας που εμφανίζεται στο backroom και στο booking flow. Για κάθε κράτηση, το τελικό πρόγραμμα ασφάλισης, οι χρεώσεις και οι εξαιρέσεις επιβεβαιώνονται από την ομάδα μας πριν από την παράδοση."",""rentalPrivacyBody"":""Τα προσωπικά δεδομένα χρησιμοποιούνται αποκλειστικά για την εξυπηρέτηση της κράτησης, την επικοινωνία με τον πελάτη και την εκπλήρωση νομικών ή φορολογικών υποχρεώσεων της εταιρίας. Για ειδικά αιτήματα, διορθώσεις στοιχείων ή απορίες σχετικά με την επεξεργασία δεδομένων, ο πελάτης μπορεί να επικοινωνεί με την εταιρία στα διαθέσιμα στοιχεία επικοινωνίας."",""nightStartHour"":22,""allowOverbooking"":true,""companyName"":""DIAMOND Rent A Car"",""insuranceTermsTitle"":""Όροι και λεπτομέρειες ασφαλειών"",""rentalTermsTitle"":""Όροι ενοικίασης και πολιτικές"",""companyCity"":""Thessaloniki"",""bookingConfirmedTriggerId"":"""",""currency"":""EUR"",""footerNote"":""Επαγγελματική εμπειρία ενοικίασης οχήματος με καθαρή ροή κράτησης, ξεκάθαρη τιμολόγηση και προσωπική επιβεβαίωση."",""title"":""Business settings"",""companyEmail"":""info@diamondrentacar.gr"",""companyTagline"":""Ενοικίαση οχημάτων στη Θεσσαλονίκη με καθαρή διαδικασία και γρήγορη επιβεβαίωση."",""rentalTermsBody"":""Η ενοικίαση ολοκληρώνεται μόνο μετά από επιβεβαίωση της διαθεσιμότητας από την εταιρία και έλεγχο των στοιχείων του οδηγού. Η εταιρία διατηρεί το δικαίωμα να προτείνει ισοδύναμο όχημα ίδιας ή ανώτερης κατηγορίας όταν αυτό απαιτηθεί από λειτουργικούς λόγους, χωρίς πρόσθετη χρέωση για τον πελάτη."",""vatRate"":24,""rentalRequirementsBody"":""Ο κύριος οδηγός οφείλει να διαθέτει ισχύουσα άδεια οδήγησης, ταυτότητα ή διαβατήριο και κάρτα ή άλλο μέσο πληρωμής αποδεκτό από την εταιρία. Ελάχιστη ηλικία, έτη κατοχής διπλώματος, εγγύηση και τυχόν επασφάλιστρα εξαρτώνται από την κατηγορία οχήματος και την τελική επιβεβαίωση της κράτησης."",""vehiclesPageDisplayMode"":""categories"",""enableTriggeredEmails"":false,""rentalPoliciesBody"":""Η πολιτική καυσίμου, οι ώρες παράδοσης και παραλαβής, οι χρεώσεις εκτός ωραρίου, οι ακυρώσεις, οι καθυστερήσεις και οι όροι επέκτασης της μίσθωσης επιβεβαιώνονται πριν την παράδοση. Τυχόν ζημιές, πρόστιμα, απώλειες εξοπλισμού ή χρήση του οχήματος κατά παράβαση των συμφωνημένων όρων βαρύνουν τον ενοικιαστή σύμφωνα με την τελική σύμβαση."",""active"":true,""afterHoursNotice"":""Για εξυπηρέτηση εκτός ωραρίου ισχύουν επιπλέον χρεώσεις.""}},""vehiclesPageModelsSource"":""fleet"",""rentalTermsIntro"":""Στην παρακάτω σελίδα συγκεντρώνονται βασικοί όροι, προϋποθέσεις και πολιτικές της ενοικίασης με μορφή εύκολη για ανάγνωση και ενημέρωση από το backroom."",""nightEndHour"":8,""stationProfiles"":[{""key"":""a"",""label"":""a"",""description"":""""},{""key"":""ath"",""label"":""ATH Athens"",""description"":""""},{""key"":""default"",""label"":""SKG Thessaloniki"",""description"":""""}],""bookingCanceledTriggerId"":"""",""defaultDeposit"":0,""operatingHoursLabel"":""08:00 - 22:00"",""companyPhone"":""+30 2310 000 000"",""companyAddress"":""Θεσσαλονίκη, Ελλάδα"",""_id"":""a5128991-cf12-4a62-bcde-64e77309b454"",""insuranceTermsBody"":""Η βασική κάλυψη αφορά την τυπική συμμετοχή του ενοικιαστή σύμφωνα με τους όρους της εταιρίας. Οι επιπλέον καλύψεις μειώνουν ή περιορίζουν την ευθύνη ανάλογα με το πρόγραμμα που θα επιλεγεί. Πριν από την τελική παράδοση του οχήματος, η ομάδα μας επιβεβαιώνει ξανά τις καλύψεις, τις εξαιρέσεις και το ύψος της συμμετοχής. Δεν καλύπτονται περιστατικά που προκύπτουν από παραβίαση του ΚΟΚ, οδήγηση υπό επήρεια, μη εξουσιοδοτημένο οδηγό, απώλεια κλειδιών ή εγγράφων και χρήση του οχήματος εκτός των συμφωνημένων όρων. Οι πληροφορίες της σελίδας έχουν ενημερωτικό χαρακτήρα και υπερισχύουν οι τελικοί όροι που επιβεβαιώνονται από την εταιρία πριν την παραλαβή."",""_owner"":""284e089f-48c1-4969-b018-a9add65901a8"",""_createdDate"":""2026-03-15T14:21:47.499Z"",""insuranceTermsIntro"":""Οι ασφαλιστικές επιλογές και οι σχετικοί όροι παρουσιάζονται με απλό τρόπο πριν από την ολοκλήρωση της κράτησης."",""insuranceDetailsTitle"":""Λεπτομέρειες ασφαλιστικών επιλογών"",""insuranceDetailsIntro"":""Παρακάτω βλέπεις συνοπτικά τις επιλογές κάλυψης που χρησιμοποιούνται στο front booking flow."",""insuranceDetailsBody"":""Το CDW αποτελεί τη βασική κάλυψη χωρίς επιπλέον ημερήσια χρέωση. Το SCDW μειώνει περαιτέρω την οικονομική έκθεση του οδηγού, ενώ το FULL παρέχει την πιο ενισχυμένη επιλογή προστασίας που εμφανίζεται στο backroom και στο booking flow. Για κάθε κράτηση, το τελικό πρόγραμμα ασφάλισης, οι χρεώσεις και οι εξαιρέσεις επιβεβαιώνονται από την ομάδα μας πριν από την παράδοση."",""rentalPrivacyBody"":""Τα προσωπικά δεδομένα χρησιμοποιούνται αποκλειστικά για την εξυπηρέτηση της κράτησης, την επικοινωνία με τον πελάτη και την εκπλήρωση νομικών ή φορολογικών υποχρεώσεων της εταιρίας. Για ειδικά αιτήματα, διορθώσεις στοιχείων ή απορίες σχετικά με την επεξεργασία δεδομένων, ο πελάτης μπορεί να επικοινωνεί με την εταιρία στα διαθέσιμα στοιχεία επικοινωνίας."",""nightStartHour"":22,""_updatedDate"":""2026-04-04T12:56:56.291Z"",""allowOverbooking"":true,""companyName"":""DIAMOND Rent A Car"",""insuranceTermsTitle"":""Όροι και λεπτομέρειες ασφαλειών"",""rentalTermsTitle"":""Όροι ενοικίασης και πολιτικές"",""companyCity"":""Thessaloniki"",""bookingConfirmedTriggerId"":"""",""currency"":""EUR"",""footerNote"":""Επαγγελματική εμπειρία ενοικίασης οχήματος με καθαρή ροή κράτησης, ξεκάθαρη τιμολόγηση και προσωπική επιβεβαίωση."",""title"":""Business settings"",""companyEmail"":""info@diamondrentacar.gr"",""companyTagline"":""Ενοικίαση οχημάτων στη Θεσσαλονίκη με καθαρή διαδικασία και γρήγορη επιβεβαίωση."",""rentalTermsBody"":""Η ενοικίαση ολοκληρώνεται μόνο μετά από επιβεβαίωση της διαθεσιμότητας από την εταιρία και έλεγχο των στοιχείων του οδηγού. Η εταιρία διατηρεί το δικαίωμα να προτείνει ισοδύναμο όχημα ίδιας ή ανώτερης κατηγορίας όταν αυτό απαιτηθεί από λειτουργικούς λόγους, χωρίς πρόσθετη χρέωση για τον πελάτη."",""vatRate"":24,""rentalRequirementsBody"":""Ο κύριος οδηγός οφείλει να διαθέτει ισχύουσα άδεια οδήγησης, ταυτότητα ή διαβατήριο και κάρτα ή άλλο μέσο πληρωμής αποδεκτό από την εταιρία. Ελάχιστη ηλικία, έτη κατοχής διπλώματος, εγγύηση και τυχόν επασφάλιστρα εξαρτώνται από την κατηγορία οχήματος και την τελική επιβεβαίωση της κράτησης."",""vehiclesPageDisplayMode"":""categories"",""enableTriggeredEmails"":false,""rentalPoliciesBody"":""Η πολιτική καυσίμου, οι ώρες παράδοσης και παραλαβής, οι χρεώσεις εκτός ωραρίου, οι ακυρώσεις, οι καθυστερήσεις και οι όροι επέκτασης της μίσθωσης επιβεβαιώνονται πριν την παράδοση. Τυχόν ζημιές, πρόστιμα, απώλειες εξοπλισμού ή χρήση του οχήματος κατά παράβαση των συμφωνημένων όρων βαρύνουν τον ενοικιαστή σύμφωνα με την τελική σύμβαση."",""active"":true,""afterHoursNotice"":""Για εξυπηρέτηση εκτός ωραρίου ισχύουν επιπλέον χρεώσεις.""}","ckatz1995@gmail.com","Nik nik",2026-04-04T12:56:56Z,2027-04-04T12:56:56Z
,"020d8375-776e-4260-8e30-3c5562d44716",2026-03-15T14:47:07Z,2026-03-15T14:47:07Z,"4139a8c1-c961-498e-9512-465437a7bf6c","user","admin@diamondrentacar.gr","passwordSet","Ορίστηκε νέο password από admin",,,"ckatz1995@gmail.com","Nik nik",2026-03-15T14:47:07Z,2027-03-15T14:47:07Z
,"02c1d24e-f6b7-46c9-ac40-894c0d80bc71",2026-03-15T14:27:40Z,2026-03-15T14:27:40Z,"4139a8c1-c961-498e-9512-465437a7bf6c","staffAuth","admin@diamondrentacar.gr","loginFailed","Wrong password",,,"admin@diamondrentacar.gr","Site Admin",2026-03-15T14:27:40Z,2027-03-15T14:27:40Z
,"02f45e52-0f5d-4a7e-8537-ad93c2200ec7",2026-03-15T22:15:42Z,2026-03-15T22:15:42Z,"4139a8c1-c961-498e-9512-465437a7bf6c","pricing.vehicleCategory","81e5ca63-92d3-4a82-ac49-987dfb6d4b9e","pricing.updateVehicleCategory","Ενημέρωση κατηγορία οχήματος B - B -  Seat Ibiza","{""image"":""wix:image://v1/284e08_d6ec3f641551459db35a12c54dd32100~mv2.png/seat-ibiza-fr-black-edition-2025_edited_edited_edited_edited_edited.png#originWidth=1068&originHeight=586"",""_id"":""81e5ca63-92d3-4a82-ac49-987dfb6d4b9e"",""_owner"":""284e089f-48c1-4969-b018-a9add65901a8"",""_createdDate"":""2026-02-23T11:18:57.726Z"",""fuelType"":""Βενζίνη"",""price"":25,""doors"":5,""_updatedDate"":""2026-03-15T20:34:17.508Z"",""engineCc"":1200,""status"":""Available"",""category"":""B"",""title"":""B -  Seat Ibiza "",""seats"":5,""transmission"":""Χειροκίνητο"",""airCondition"":true,""luggage"":2,""luggage1"":2,""active"":true}","{""image"":""wix:image://v1/284e08_d6ec3f641551459db35a12c54dd32100~mv2.png/seat-ibiza-fr-black-edition-2025_edited_edited_edited_edited_edited.png#originWidth=1068&originHeight=586"",""_id"":""81e5ca63-92d3-4a82-ac49-987dfb6d4b9e"",""_owner"":""284e089f-48c1-4969-b018-a9add65901a8"",""_createdDate"":""2026-02-23T11:18:57.726Z"",""fuelType"":""Βενζίνη"",""price"":20,""doors"":""5"",""_updatedDate"":""2026-03-15T22:15:42.272Z"",""engineCc"":1200,""status"":""Available"",""category"":""B"",""title"":""B -  Seat Ibiza"",""seats"":""5"",""transmission"":""Χειροκίνητο"",""airCondition"":true,""luggage"":""2"",""luggage1"":2,""active"":true,""sortOrder"":9999,""publicVisible"":true,""badge"":"""",""description"":""""}","ckatz1995@gmail.com","Nik nik",2026-03-15T22:15:42Z,2027-03-15T22:15:42Z
,"0354c6f2-7f48-4346-9e74-387d7645443b",2026-03-16T15:54:21Z,2026-03-16T15:54:21Z,"48ba7aa5-ed2b-43d2-bdd7-6596e6ec75a8","pricing.fleetVehicle","c3680ffd-a16b-46db-a8c0-a1088647daa2","pricing.updateFleetVehicle","Ενημέρωση όχημα στόλου ZXX 7828 - Mii (A)","{""plate"":""ZXX 7828"",""model"":""Mii"",""_id"":""c3680ffd-a16b-46db-a8c0-a1088647daa2"",""_owner"":""284e089f-48c1-4969-b018-a9add65901a8"",""_createdDate"":""2026-02-26T07:08:06.181Z"",""_updatedDate"":""2026-03-01T21:17:54.643Z"",""miliage"":3000,""status"":""Available"",""category"":""46362b25-3bbb-4d22-826d-48ae404e5e85"",""title"":""ZXX 7828"",""active"":true}","{""plate"":""ZXX 7828"",""model"":""Mii"",""_id"":""c3680ffd-a16b-46db-a8c0-a1088647daa2"",""_owner"":""284e089f-48c1-4969-b018-a9add65901a8"",""_createdDate"":""2026-02-26T07:08:06.181Z"",""_updatedDate"":""2026-03-16T15:54:21.074Z"",""miliage"":3000,""status"":""available"",""category"":""A"",""title"":""ZXX 7828"",""active"":true,""categoryId"":"""",""categoryDisplayTitle"":""A"",""categoryTitle"":"""",""notes"":""""}","ckatz1995@gmail.com","Nik nik",2026-03-16T15:54:21Z,2027-03-16T15:54:21Z
,"03c3c3e8-8e71-48fc-907b-77a6009022a1",2026-04-04T12:57:10Z,2026-04-04T12:57:10Z,"4139a8c1-c961-498e-9512-465437a7bf6c","pricing.pickupLocation","thessaloniki_airport","pricing.update","Ενημέρωση τοποθεσία Αεροδρόμιο Θεσσαλονίκης","{""stationKey"":""a"",""description"":""Παραλαβή / παράδοση στο αεροδρόμιο SKG."",""_id"":""8d8b21f6-6a1d-414f-b222-5557e8e41038"",""_owner"":""284e089f-48c1-4969-b018-a9add65901a8"",""_createdDate"":""2026-03-15T22:56:27.552Z"",""mapUrl"":"""",""publicVisible"":true,""label"":""Αεροδρόμιο Θεσσαλονίκης"",""_updatedDate"":""2026-04-04T12:29:14.017Z"",""stationLabel"":""a"",""key"":""thessaloniki_airport"",""extraFee"":0,""sortOrder"":10,""address"":""Κρατικός Αερολιμένας Θεσσαλονίκης Μακεδονία, Θεσσαλονίκη"",""locationType"":""both"",""active"":true}","{""stationKey"":""default"",""description"":""Παραλαβή / παράδοση στο αεροδρόμιο SKG."",""_id"":""8d8b21f6-6a1d-414f-b222-5557e8e41038"",""_owner"":""284e089f-48c1-4969-b018-a9add65901a8"",""_createdDate"":""2026-03-15T22:56:27.552Z"",""mapUrl"":"""",""publicVisible"":true,""label"":""Αεροδρόμιο Θεσσαλονίκης"",""_updatedDate"":""2026-04-04T12:57:10.534Z"",""stationLabel"":""SKG Thessaloniki"",""key"":""thessaloniki_airport"",""extraFee"":0,""sortOrder"":10,""address"":""Κρατικός Αερολιμένας Θεσσαλονίκης Μακεδονία, Θεσσαλονίκη"",""locationType"":""both"",""active"":true}","ckatz1995@gmail.com","Nik nik",2026-04-04T12:57:10Z,2027-04-04T12:57:10Z
,"03d84326-0773-40c3-b6e0-904638c02207",2026-03-15T14:33:08Z,2026-03-15T14:33:08Z,"4139a8c1-c961-498e-9512-465437a7bf6c","staffAuth","admin@diamondrentacar.gr","loginFailed","Wrong password",,,"admin@diamondrentacar.gr","Site Admin",2026-03-15T14:33:08Z,2027-03-15T14:33:08Z
,"03efba67-5182-488f-b61d-06e8b8340ed7",2026-03-16T15:27:02Z,2026-03-16T15:27:02Z,"48ba7aa5-ed2b-43d2-bdd7-6596e6ec75a8","pricing.extra","seconddriver","pricing.insert","Νέο extra service Δεύτερος οδηγός",,"{""title"":""Δεύτερος οδηγός"",""key"":""seconddriver"",""label"":""Δεύτερος οδηγός"",""description"":"""",""sortOrder"":40,""active"":false,""publicVisible"":false,""price"":7,""billingMode"":""perDay"",""_id"":""a36dbf2a-a3ce-4c57-9aa3-df049b5d2bd8"",""_owner"":""48ba7aa5-ed2b-43d2-bdd7-6596e6ec75a8"",""_createdDate"":""2026-03-16T15:27:02.051Z"",""_updatedDate"":""2026-03-16T15:27:02.051Z""}","ckatz1995@gmail.com","Nik nik",2026-03-16T15:27:02Z,2027-03-16T15:27:02Z
,"0493daa8-e567-474f-9275-16a580437fcf",2026-03-17T11:18:26Z,2026-03-17T11:18:26Z,"48ba7aa5-ed2b-43d2-bdd7-6596e6ec75a8","pricing.businessSettings","a5128991-cf12-4a62-bcde-64e77309b454","pricing.saveBusinessSettings","Ενημέρωση business settings","{""nightEndHour"":8,""defaultDeposit"":0,""companyPhone"":""+30 2310 000 000"",""companyAddress"":""Θεσσαλονίκη, Ελλάδα"",""_id"":""a5128991-cf12-4a62-bcde-64e77309b454"",""insuranceTermsBody"":""Η βασική κάλυψη αφορά την τυπική συμμετοχή του ενοικιαστή σύμφωνα με τους όρους της εταιρίας. Οι επιπλέον καλύψεις μειώνουν ή περιορίζουν την ευθύνη ανάλογα με το πρόγραμμα που θα επιλεγεί. Πριν από την τελική παράδοση του οχήματος, η ομάδα μας επιβεβαιώνει ξανά τις καλύψεις, τις εξαιρέσεις και το ύψος της συμμετοχής. Δεν καλύπτονται περιστατικά που προκύπτουν από παραβίαση του ΚΟΚ, οδήγηση υπό επήρεια, μη εξουσιοδοτημένο οδηγό, απώλεια κλειδιών ή εγγράφων και χρήση του οχήματος εκτός των συμφωνημένων όρων. Οι πληροφορίες της σελίδας έχουν ενημερωτικό χαρακτήρα και υπερισχύουν οι τελικοί όροι που επιβεβαιώνονται από την εταιρία πριν την παραλαβή."",""_owner"":""284e089f-48c1-4969-b018-a9add65901a8"",""_createdDate"":""2026-03-15T14:21:47.499Z"",""insuranceTermsIntro"":""Οι ασφαλιστικές επιλογές και οι σχετικοί όροι παρουσιάζονται με απλό τρόπο πριν από την ολοκλήρωση της κράτησης."",""insuranceDetailsTitle"":""Λεπτομέρειες ασφαλιστικών επιλογών"",""insuranceDetailsIntro"":""Παρακάτω βλέπεις συνοπτικά τις επιλογές κάλυψης που χρησιμοποιούνται στο front booking flow."",""insuranceDetailsBody"":""Το CDW αποτελεί τη βασική κάλυψη χωρίς επιπλέον ημερήσια χρέωση. Το SCDW μειώνει περαιτέρω την οικονομική έκθεση του οδηγού, ενώ το FULL παρέχει την πιο ενισχυμένη επιλογή προστασίας που εμφανίζεται στο backroom και στο booking flow. Για κάθε κράτηση, το τελικό πρόγραμμα ασφάλισης, οι χρεώσεις και οι εξαιρέσεις επιβεβαιώνονται από την ομάδα μας πριν από την παράδοση."",""nightStartHour"":22,""_updatedDate"":""2026-03-16T18:02:48.062Z"",""companyName"":""DIAMOND Rent A Car"",""insuranceTermsTitle"":""Όροι και λεπτομέρειες ασφαλειών"",""companyCity"":""Thessaloniki"",""currency"":""EUR"",""footerNote"":""Επαγγελματική εμπειρία ενοικίασης οχήματος με καθαρή ροή κράτησης, ξεκάθαρη τιμολόγηση και προσωπική επιβεβαίωση."",""title"":""Default business settings"",""companyEmail"":""info@diamondrentacar.gr"",""companyTagline"":""Ενοικίαση οχημάτων στη Θεσσαλονίκη με καθαρή διαδικασία και γρήγορη επιβεβαίωση."",""vatRate"":24,""active"":true}","{""nightEndHour"":8,""defaultDeposit"":0,""companyPhone"":""+30 2310 000 000"",""companyAddress"":""Θεσσαλονίκη, Ελλάδα"",""_id"":""a5128991-cf12-4a62-bcde-64e77309b454"",""insuranceTermsBody"":""Η βασική κάλυψη αφορά την τυπική συμμετοχή του ενοικιαστή σύμφωνα με τους όρους της εταιρίας. Οι επιπλέον καλύψεις μειώνουν ή περιορίζουν την ευθύνη ανάλογα με το πρόγραμμα που θα επιλεγεί. Πριν από την τελική παράδοση του οχήματος, η ομάδα μας επιβεβαιώνει ξανά τις καλύψεις, τις εξαιρέσεις και το ύψος της συμμετοχής. Δεν καλύπτονται περιστατικά που προκύπτουν από παραβίαση του ΚΟΚ, οδήγηση υπό επήρεια, μη εξουσιοδοτημένο οδηγό, απώλεια κλειδιών ή εγγράφων και χρήση του οχήματος εκτός των συμφωνημένων όρων. Οι πληροφορίες της σελίδας έχουν ενημερωτικό χαρακτήρα και υπερισχύουν οι τελικοί όροι που επιβεβαιώνονται από την εταιρία πριν την παραλαβή."",""_owner"":""284e089f-48c1-4969-b018-a9add65901a8"",""_createdDate"":""2026-03-15T14:21:47.499Z"",""insuranceTermsIntro"":""Οι ασφαλιστικές επιλογές και οι σχετικοί όροι παρουσιάζονται με απλό τρόπο πριν από την ολοκλήρωση της κράτησης."",""insuranceDetailsTitle"":""Λεπτομέρειες ασφαλιστικών επιλογών"",""insuranceDetailsIntro"":""Παρακάτω βλέπεις συνοπτικά τις επιλογές κάλυψης που χρησιμοποιούνται στο front booking flow."",""insuranceDetailsBody"":""Το CDW αποτελεί τη βασική κάλυψη χωρίς επιπλέον ημερήσια χρέωση. Το SCDW μειώνει περαιτέρω την οικονομική έκθεση του οδηγού, ενώ το FULL παρέχει την πιο ενισχυμένη επιλογή προστασίας που εμφανίζεται στο backroom και στο booking flow. Για κάθε κράτηση, το τελικό πρόγραμμα ασφάλισης, οι χρεώσεις και οι εξαιρέσεις επιβεβαιώνονται από την ομάδα μας πριν από την παράδοση."",""nightStartHour"":22,""_updatedDate"":""2026-03-17T11:18:25.822Z"",""companyName"":""DIAMOND Rent A Car"",""insuranceTermsTitle"":""Όροι και λεπτομέρειες ασφαλειών"",""companyCity"":""Thessaloniki"",""currency"":""EUR"",""footerNote"":""Επαγγελματική εμπειρία ενοικίασης οχήματος με καθαρή ροή κράτησης, ξεκάθαρη τιμολόγηση και προσωπική επιβεβαίωση."",""title"":""Default business settings"",""companyEmail"":""info@diamondrentacar.gr"",""companyTagline"":""Ενοικίαση οχημάτων στη Θεσσαλονίκη με καθαρή διαδικασία και γρήγορη επιβεβαίωση."",""vatRate"":24,""active"":true,""allowOverbooking"":false,""bookingConfirmedTriggerId"":"""",""bookingCanceledTriggerId"":"""",""rentalTermsTitle"":""Όροι ενοικίασης και πολιτικές"",""rentalTermsIntro"":""Στην παρακάτω σελίδα συγκεντρώνονται βασικοί όροι, προϋποθέσεις και πολιτικές της ενοικίασης με μορφή εύκολη για ανάγνωση και ενημέρωση από το backroom. 1"",""rentalTermsBody"":""Η ενοικίαση ολοκληρώνεται μόνο μετά από επιβεβαίωση της διαθεσιμότητας από την εταιρία και έλεγχο των στοιχείων του οδηγού. Η εταιρία διατηρεί το δικαίωμα να προτείνει ισοδύναμο όχημα ίδιας ή ανώτερης κατηγορίας όταν αυτό απαιτηθεί από λειτουργικούς λόγους, χωρίς πρόσθετη χρέωση για τον πελάτη."",""rentalRequirementsBody"":""Ο κύριος οδηγός οφείλει να διαθέτει ισχύουσα άδεια οδήγησης, ταυτότητα ή διαβατήριο και κάρτα ή άλλο μέσο πληρωμής αποδεκτό από την εταιρία. Ελάχιστη ηλικία, έτη κατοχής διπλώματος, εγγύηση και τυχόν επασφάλιστρα εξαρτώνται από την κατηγορία οχήματος και την τελική επιβεβαίωση της κράτησης."",""rentalPoliciesBody"":""Η πολιτική καυσίμου, οι ώρες παράδοσης και παραλαβής, οι χρεώσεις εκτός ωραρίου, οι ακυρώσεις, οι καθυστερήσεις και οι όροι επέκτασης της μίσθωσης επιβεβαιώνονται πριν την παράδοση. Τυχόν ζημιές, πρόστιμα, απώλειες εξοπλισμού ή χρήση του οχήματος κατά παράβαση των συμφωνημένων όρων βαρύνουν τον ενοικιαστή σύμφωνα με την τελική σύμβαση."",""rentalPrivacyBody"":""Τα προσωπικά δεδομένα χρησιμοποιούνται αποκλειστικά για την εξυπηρέτηση της κράτησης, την επικοινωνία με τον πελάτη και την εκπλήρωση νομικών ή φορολογικών υποχρεώσεων της εταιρίας. Για ειδικά αιτήματα, διορθώσεις στοιχείων ή απορίες σχετικά με την επεξεργασία δεδομένων, ο πελάτης μπορεί να επικοινωνεί με την εταιρία στα διαθέσιμα στοιχεία επικοινωνίας.""}","ckatz1995@gmail.com","Nik nik",2026-03-17T11:18:25Z,2027-03-17T11:18:25Z
,"0535119b-dd23-46e9-bc0f-236a3ee60441",2026-03-16T15:19:50Z,2026-03-16T15:19:50Z,"48ba7aa5-ed2b-43d2-bdd7-6596e6ec75a8","pricing.fee","nightdropoff","pricing.update","Ενημέρωση fee rule Χρέωση παράδοσης εκτός ωραρίου 22:00-08:00","{""audienceGroup"":""22:00-08:00"",""description"":"""",""_id"":""f04f0506-f64d-4a75-a01b-d0988eddd2d0"",""_owner"":""284e089f-48c1-4969-b018-a9add65901a8"",""_createdDate"":""2026-03-15T14:23:42.991Z"",""billingMode"":""perBooking"",""publicVisible"":true,""label"":""Χρέωση παράδοσης εκτός ωραρίου"",""_updatedDate"":""2026-03-15T16:29:57.807Z"",""ruleType"":""nightDropoff"",""amount"":25,""key"":""nightDropoff"",""sortOrder"":40,""title"":""Χρέωση παράδοσης εκτός ωραρίου"",""active"":true}","{""audienceGroup"":""22:00-08:00"",""description"":"""",""_id"":""f04f0506-f64d-4a75-a01b-d0988eddd2d0"",""_owner"":""284e089f-48c1-4969-b018-a9add65901a8"",""_createdDate"":""2026-03-15T14:23:42.991Z"",""billingMode"":""perBooking"",""publicVisible"":true,""label"":""Χρέωση παράδοσης εκτός ωραρίου 22:00-08:00"",""_updatedDate"":""2026-03-16T15:19:50.002Z"",""ruleType"":""nightDropoff"",""amount"":25,""key"":""nightdropoff"",""sortOrder"":40,""title"":""Χρέωση παράδοσης εκτός ωραρίου 22:00-08:00"",""active"":true}","ckatz1995@gmail.com","Nik nik",2026-03-16T15:19:50Z,2027-03-16T15:19:50Z
,"05eb0efa-06f6-4acf-afe9-ab8cb03622e5",2026-03-22T10:08:30Z,2026-03-22T10:08:30Z,"4139a8c1-c961-498e-9512-465437a7bf6c","pricing.pickupLocation","ose_thessaloniki_pickup","pricing.update","Ενημέρωση τοποθεσία ΟΣΕ Θεσσαλονίκης","{""description"":"""",""_id"":""dd0bb313-76aa-4dce-9f2c-aeed3bccc98b"",""_owner"":""4139a8c1-c961-498e-9512-465437a7bf6c"",""_createdDate"":""2026-03-16T07:40:25.705Z"",""mapUrl"":"""",""publicVisible"":true,""label"":""ΟΣΕ Θεσσαλονίκης"",""_updatedDate"":""2026-03-17T12:28:27.709Z"",""key"":""ose_thessaloniki"",""extraFee"":40,""sortOrder"":70,""address"":""Σιδηροδρομικός Σταθμός Θεσσαλονίκης"",""locationType"":""both"",""active"":true}","{""description"":"""",""_id"":""dd0bb313-76aa-4dce-9f2c-aeed3bccc98b"",""_owner"":""4139a8c1-c961-498e-9512-465437a7bf6c"",""_createdDate"":""2026-03-16T07:40:25.705Z"",""mapUrl"":"""",""publicVisible"":true,""label"":""ΟΣΕ Θεσσαλονίκης"",""_updatedDate"":""2026-03-22T10:08:30.220Z"",""key"":""ose_thessaloniki_pickup"",""extraFee"":25,""sortOrder"":70,""address"":""Σιδηροδρομικός Σταθμός Θεσσαλονίκης"",""locationType"":""pickup"",""active"":true}","ckatz1995@gmail.com","Nik nik",2026-03-22T10:08:30Z,2027-03-22T10:08:30Z
,"068063ee-260d-4325-a77b-cb2457209c39",2026-04-04T12:46:50Z,2026-04-04T12:46:50Z,"4139a8c1-c961-498e-9512-465437a7bf6c","pricing.businessSettings","a5128991-cf12-4a62-bcde-64e77309b454","pricing.saveBusinessSettings","Ενημέρωση business settings","{""stationSettings"":{""ath"":{""vehiclesPageModelsSource"":""fleet"",""rentalTermsIntro"":""Στην παρακάτω σελίδα συγκεντρώνονται βασικοί όροι, προϋποθέσεις και πολιτικές της ενοικίασης με μορφή εύκολη για ανάγνωση και ενημέρωση από το backroom."",""nightEndHour"":8,""stationProfiles"":[{""key"":""default"",""label"":""Κεντρικός σταθμός"",""description"":""""},{""key"":""ath"",""label"":""ATH Athens"",""description"":""""}],""bookingCanceledTriggerId"":"""",""defaultDeposit"":0,""operatingHoursLabel"":""08:00 - 22:00"",""companyPhone"":""+30 2310 000 000"",""companyAddress"":""Θεσσαλονίκη, Ελλάδα"",""insuranceTermsBody"":""Η βασική κάλυψη αφορά την τυπική συμμετοχή του ενοικιαστή σύμφωνα με τους όρους της εταιρίας. Οι επιπλέον καλύψεις μειώνουν ή περιορίζουν την ευθύνη ανάλογα με το πρόγραμμα που θα επιλεγεί. Πριν από την τελική παράδοση του οχήματος, η ομάδα μας επιβεβαιώνει ξανά τις καλύψεις, τις εξαιρέσεις και το ύψος της συμμετοχής. Δεν καλύπτονται περιστατικά που προκύπτουν από παραβίαση του ΚΟΚ, οδήγηση υπό επήρεια, μη εξουσιοδοτημένο οδηγό, απώλεια κλειδιών ή εγγράφων και χρήση του οχήματος εκτός των συμφωνημένων όρων. Οι πληροφορίες της σελίδας έχουν ενημερωτικό χαρακτήρα και υπερισχύουν οι τελικοί όροι που επιβεβαιώνονται από την εταιρία πριν την παραλαβή."",""insuranceTermsIntro"":""Οι ασφαλιστικές επιλογές και οι σχετικοί όροι παρουσιάζονται με απλό τρόπο πριν από την ολοκλήρωση της κράτησης."",""insuranceDetailsTitle"":""Λεπτομέρειες ασφαλιστικών επιλογών"",""insuranceDetailsIntro"":""Παρακάτω βλέπεις συνοπτικά τις επιλογές κάλυψης που χρησιμοποιούνται στο front booking flow."",""insuranceDetailsBody"":""Το CDW αποτελεί τη βασική κάλυψη χωρίς επιπλέον ημερήσια χρέωση. Το SCDW μειώνει περαιτέρω την οικονομική έκθεση του οδηγού, ενώ το FULL παρέχει την πιο ενισχυμένη επιλογή προστασίας που εμφανίζεται στο backroom και στο booking flow. Για κάθε κράτηση, το τελικό πρόγραμμα ασφάλισης, οι χρεώσεις και οι εξαιρέσεις επιβεβαιώνονται από την ομάδα μας πριν από την παράδοση."",""rentalPrivacyBody"":""Τα προσωπικά δεδομένα χρησιμοποιούνται αποκλειστικά για την εξυπηρέτηση της κράτησης, την επικοινωνία με τον πελάτη και την εκπλήρωση νομικών ή φορολογικών υποχρεώσεων της εταιρίας. Για ειδικά αιτήματα, διορθώσεις στοιχείων ή απορίες σχετικά με την επεξεργασία δεδομένων, ο πελάτης μπορεί να επικοινωνεί με την εταιρία στα διαθέσιμα στοιχεία επικοινωνίας."",""nightStartHour"":22,""allowOverbooking"":true,""companyName"":""DIAMOND Rent A Car"",""insuranceTermsTitle"":""Όροι και λεπτομέρειες ασφαλειών"",""rentalTermsTitle"":""Όροι ενοικίασης και πολιτικές"",""companyCity"":""Thessaloniki"",""bookingConfirmedTriggerId"":"""",""currency"":""EUR"",""footerNote"":""Επαγγελματική εμπειρία ενοικίασης οχήματος με καθαρή ροή κράτησης, ξεκάθαρη τιμολόγηση και προσωπική επιβεβαίωση."",""title"":""Business settings"",""companyEmail"":""info@diamondrentacar.gr"",""companyTagline"":""Ενοικίαση οχημάτων στη Θεσσαλονίκη με καθαρή διαδικασία και γρήγορη επιβεβαίωση."",""rentalTermsBody"":""Η ενοικίαση ολοκληρώνεται μόνο μετά από επιβεβαίωση της διαθεσιμότητας από την εταιρία και έλεγχο των στοιχείων του οδηγού. Η εταιρία διατηρεί το δικαίωμα να προτείνει ισοδύναμο όχημα ίδιας ή ανώτερης κατηγορίας όταν αυτό απαιτηθεί από λειτουργικούς λόγους, χωρίς πρόσθετη χρέωση για τον πελάτη."",""vatRate"":24,""rentalRequirementsBody"":""Ο κύριος οδηγός οφείλει να διαθέτει ισχύουσα άδεια οδήγησης, ταυτότητα ή διαβατήριο και κάρτα ή άλλο μέσο πληρωμής αποδεκτό από την εταιρία. Ελάχιστη ηλικία, έτη κατοχής διπλώματος, εγγύηση και τυχόν επασφάλιστρα εξαρτώνται από την κατηγορία οχήματος και την τελική επιβεβαίωση της κράτησης."",""vehiclesPageDisplayMode"":""categories"",""enableTriggeredEmails"":false,""rentalPoliciesBody"":""Η πολιτική καυσίμου, οι ώρες παράδοσης και παραλαβής, οι χρεώσεις εκτός ωραρίου, οι ακυρώσεις, οι καθυστερήσεις και οι όροι επέκτασης της μίσθωσης επιβεβαιώνονται πριν την παράδοση. Τυχόν ζημιές, πρόστιμα, απώλειες εξοπλισμού ή χρήση του οχήματος κατά παράβαση των συμφωνημένων όρων βαρύνουν τον ενοικιαστή σύμφωνα με την τελική σύμβαση."",""active"":true,""afterHoursNotice"":""Για εξυπηρέτηση εκτός ωραρίου ισχύουν επιπλέον χρεώσεις.""}},""vehiclesPageModelsSource"":""fleet"",""rentalTermsIntro"":""Στην παρακάτω σελίδα συγκεντρώνονται βασικοί όροι, προϋποθέσεις και πολιτικές της ενοικίασης με μορφή εύκολη για ανάγνωση και ενημέρωση από το backroom."",""nightEndHour"":8,""stationProfiles"":[{""key"":""default"",""label"":""Κεντρικός σταθμός"",""description"":""""},{""key"":""ath"",""label"":""ATH Athens"",""description"":""""}],""bookingCanceledTriggerId"":"""",""defaultDeposit"":0,""operatingHoursLabel"":""08:00 - 22:00"",""companyPhone"":""+30 2310 000 000"",""companyAddress"":""Θεσσαλονίκη, Ελλάδα"",""_id"":""a5128991-cf12-4a62-bcde-64e77309b454"",""insuranceTermsBody"":""Η βασική κάλυψη αφορά την τυπική συμμετοχή του ενοικιαστή σύμφωνα με τους όρους της εταιρίας. Οι επιπλέον καλύψεις μειώνουν ή περιορίζουν την ευθύνη ανάλογα με το πρόγραμμα που θα επιλεγεί. Πριν από την τελική παράδοση του οχήματος, η ομάδα μας επιβεβαιώνει ξανά τις καλύψεις, τις εξαιρέσεις και το ύψος της συμμετοχής. Δεν καλύπτονται περιστατικά που προκύπτουν από παραβίαση του ΚΟΚ, οδήγηση υπό επήρεια, μη εξουσιοδοτημένο οδηγό, απώλεια κλειδιών ή εγγράφων και χρήση του οχήματος εκτός των συμφωνημένων όρων. Οι πληροφορίες της σελίδας έχουν ενημερωτικό χαρακτήρα και υπερισχύουν οι τελικοί όροι που επιβεβαιώνονται από την εταιρία πριν την παραλαβή."",""_owner"":""284e089f-48c1-4969-b018-a9add65901a8"",""_createdDate"":""2026-03-15T14:21:47.499Z"",""insuranceTermsIntro"":""Οι ασφαλιστικές επιλογές και οι σχετικοί όροι παρουσιάζονται με απλό τρόπο πριν από την ολοκλήρωση της κράτησης."",""insuranceDetailsTitle"":""Λεπτομέρειες ασφαλιστικών επιλογών"",""insuranceDetailsIntro"":""Παρακάτω βλέπεις συνοπτικά τις επιλογές κάλυψης που χρησιμοποιούνται στο front booking flow."",""insuranceDetailsBody"":""Το CDW αποτελεί τη βασική κάλυψη χωρίς επιπλέον ημερήσια χρέωση. Το SCDW μειώνει περαιτέρω την οικονομική έκθεση του οδηγού, ενώ το FULL παρέχει την πιο ενισχυμένη επιλογή προστασίας που εμφανίζεται στο backroom και στο booking flow. Για κάθε κράτηση, το τελικό πρόγραμμα ασφάλισης, οι χρεώσεις και οι εξαιρέσεις επιβεβαιώνονται από την ομάδα μας πριν από την παράδοση."",""rentalPrivacyBody"":""Τα προσωπικά δεδομένα χρησιμοποιούνται αποκλειστικά για την εξυπηρέτηση της κράτησης, την επικοινωνία με τον πελάτη και την εκπλήρωση νομικών ή φορολογικών υποχρεώσεων της εταιρίας. Για ειδικά αιτήματα, διορθώσεις στοιχείων ή απορίες σχετικά με την επεξεργασία δεδομένων, ο πελάτης μπορεί να επικοινωνεί με την εταιρία στα διαθέσιμα στοιχεία επικοινωνίας."",""nightStartHour"":22,""_updatedDate"":""2026-04-04T10:58:22.133Z"",""allowOverbooking"":true,""companyName"":""DIAMOND Rent A Car"",""insuranceTermsTitle"":""Όροι και λεπτομέρειες ασφαλειών"",""rentalTermsTitle"":""Όροι ενοικίασης και πολιτικές"",""companyCity"":""Thessaloniki"",""bookingConfirmedTriggerId"":"""",""currency"":""EUR"",""footerNote"":""Επαγγελματική εμπειρία ενοικίασης οχήματος με καθαρή ροή κράτησης, ξεκάθαρη τιμολόγηση και προσωπική επιβεβαίωση."",""title"":""Business settings"",""companyEmail"":""info@diamondrentacar.gr"",""companyTagline"":""Ενοικίαση οχημάτων στη Θεσσαλονίκη με καθαρή διαδικασία και γρήγορη επιβεβαίωση."",""rentalTermsBody"":""Η ενοικίαση ολοκληρώνεται μόνο μετά από επιβεβαίωση της διαθεσιμότητας από την εταιρία και έλεγχο των στοιχείων του οδηγού. Η εταιρία διατηρεί το δικαίωμα να προτείνει ισοδύναμο όχημα ίδιας ή ανώτερης κατηγορίας όταν αυτό απαιτηθεί από λειτουργικούς λόγους, χωρίς πρόσθετη χρέωση για τον πελάτη."",""vatRate"":24,""rentalRequirementsBody"":""Ο κύριος οδηγός οφείλει να διαθέτει ισχύουσα άδεια οδήγησης, ταυτότητα ή διαβατήριο και κάρτα ή άλλο μέσο πληρωμής αποδεκτό από την εταιρία. Ελάχιστη ηλικία, έτη κατοχής διπλώματος, εγγύηση και τυχόν επασφάλιστρα εξαρτώνται από την κατηγορία οχήματος και την τελική επιβεβαίωση της κράτησης."",""vehiclesPageDisplayMode"":""categories"",""enableTriggeredEmails"":false,""rentalPoliciesBody"":""Η πολιτική καυσίμου, οι ώρες παράδοσης και παραλαβής, οι χρεώσεις εκτός ωραρίου, οι ακυρώσεις, οι καθυστερήσεις και οι όροι επέκτασης της μίσθωσης επιβεβαιώνονται πριν την παράδοση. Τυχόν ζημιές, πρόστιμα, απώλειες εξοπλισμού ή χρήση του οχήματος κατά παράβαση των συμφωνημένων όρων βαρύνουν τον ενοικιαστή σύμφωνα με την τελική σύμβαση."",""active"":true,""afterHoursNotice"":""Για εξυπηρέτηση εκτός ωραρίου ισχύουν επιπλέον χρεώσεις.""}","{""stationSettings"":{""ath"":{""vehiclesPageModelsSource"":""fleet"",""rentalTermsIntro"":""Στην παρακάτω σελίδα συγκεντρώνονται βασικοί όροι, προϋποθέσεις και πολιτικές της ενοικίασης με μορφή εύκολη για ανάγνωση και ενημέρωση από το backroom."",""nightEndHour"":8,""stationProfiles"":[{""key"":""default"",""label"":""Κεντρικός σταθμός"",""description"":""""},{""key"":""ath"",""label"":""ATH Athens"",""description"":""""}],""bookingCanceledTriggerId"":"""",""defaultDeposit"":0,""operatingHoursLabel"":""08:00 - 22:00"",""companyPhone"":""+30 2310 000 000"",""companyAddress"":""Θεσσαλονίκη, Ελλάδα"",""insuranceTermsBody"":""Η βασική κάλυψη αφορά την τυπική συμμετοχή του ενοικιαστή σύμφωνα με τους όρους της εταιρίας. Οι επιπλέον καλύψεις μειώνουν ή περιορίζουν την ευθύνη ανάλογα με το πρόγραμμα που θα επιλεγεί. Πριν από την τελική παράδοση του οχήματος, η ομάδα μας επιβεβαιώνει ξανά τις καλύψεις, τις εξαιρέσεις και το ύψος της συμμετοχής. Δεν καλύπτονται περιστατικά που προκύπτουν από παραβίαση του ΚΟΚ, οδήγηση υπό επήρεια, μη εξουσιοδοτημένο οδηγό, απώλεια κλειδιών ή εγγράφων και χρήση του οχήματος εκτός των συμφωνημένων όρων. Οι πληροφορίες της σελίδας έχουν ενημερωτικό χαρακτήρα και υπερισχύουν οι τελικοί όροι που επιβεβαιώνονται από την εταιρία πριν την παραλαβή."",""insuranceTermsIntro"":""Οι ασφαλιστικές επιλογές και οι σχετικοί όροι παρουσιάζονται με απλό τρόπο πριν από την ολοκλήρωση της κράτησης."",""insuranceDetailsTitle"":""Λεπτομέρειες ασφαλιστικών επιλογών"",""insuranceDetailsIntro"":""Παρακάτω βλέπεις συνοπτικά τις επιλογές κάλυψης που χρησιμοποιούνται στο front booking flow."",""insuranceDetailsBody"":""Το CDW αποτελεί τη βασική κάλυψη χωρίς επιπλέον ημερήσια χρέωση. Το SCDW μειώνει περαιτέρω την οικονομική έκθεση του οδηγού, ενώ το FULL παρέχει την πιο ενισχυμένη επιλογή προστασίας που εμφανίζεται στο backroom και στο booking flow. Για κάθε κράτηση, το τελικό πρόγραμμα ασφάλισης, οι χρεώσεις και οι εξαιρέσεις επιβεβαιώνονται από την ομάδα μας πριν από την παράδοση."",""rentalPrivacyBody"":""Τα προσωπικά δεδομένα χρησιμοποιούνται αποκλειστικά για την εξυπηρέτηση της κράτησης, την επικοινωνία με τον πελάτη και την εκπλήρωση νομικών ή φορολογικών υποχρεώσεων της εταιρίας. Για ειδικά αιτήματα, διορθώσεις στοιχείων ή απορίες σχετικά με την επεξεργασία δεδομένων, ο πελάτης μπορεί να επικοινωνεί με την εταιρία στα διαθέσιμα στοιχεία επικοινωνίας."",""nightStartHour"":22,""allowOverbooking"":true,""companyName"":""DIAMOND Rent A Car"",""insuranceTermsTitle"":""Όροι και λεπτομέρειες ασφαλειών"",""rentalTermsTitle"":""Όροι ενοικίασης και πολιτικές"",""companyCity"":""Thessaloniki"",""bookingConfirmedTriggerId"":"""",""currency"":""EUR"",""footerNote"":""Επαγγελματική εμπειρία ενοικίασης οχήματος με καθαρή ροή κράτησης, ξεκάθαρη τιμολόγηση και προσωπική επιβεβαίωση."",""title"":""Business settings"",""companyEmail"":""info@diamondrentacar.gr"",""companyTagline"":""Ενοικίαση οχημάτων στη Θεσσαλονίκη με καθαρή διαδικασία και γρήγορη επιβεβαίωση."",""rentalTermsBody"":""Η ενοικίαση ολοκληρώνεται μόνο μετά από επιβεβαίωση της διαθεσιμότητας από την εταιρία και έλεγχο των στοιχείων του οδηγού. Η εταιρία διατηρεί το δικαίωμα να προτείνει ισοδύναμο όχημα ίδιας ή ανώτερης κατηγορίας όταν αυτό απαιτηθεί από λειτουργικούς λόγους, χωρίς πρόσθετη χρέωση για τον πελάτη."",""vatRate"":24,""rentalRequirementsBody"":""Ο κύριος οδηγός οφείλει να διαθέτει ισχύουσα άδεια οδήγησης, ταυτότητα ή διαβατήριο και κάρτα ή άλλο μέσο πληρωμής αποδεκτό από την εταιρία. Ελάχιστη ηλικία, έτη κατοχής διπλώματος, εγγύηση και τυχόν επασφάλιστρα εξαρτώνται από την κατηγορία οχήματος και την τελική επιβεβαίωση της κράτησης."",""vehiclesPageDisplayMode"":""categories"",""enableTriggeredEmails"":false,""rentalPoliciesBody"":""Η πολιτική καυσίμου, οι ώρες παράδοσης και παραλαβής, οι χρεώσεις εκτός ωραρίου, οι ακυρώσεις, οι καθυστερήσεις και οι όροι επέκτασης της μίσθωσης επιβεβαιώνονται πριν την παράδοση. Τυχόν ζημιές, πρόστιμα, απώλειες εξοπλισμού ή χρήση του οχήματος κατά παράβαση των συμφωνημένων όρων βαρύνουν τον ενοικιαστή σύμφωνα με την τελική σύμβαση."",""active"":true,""afterHoursNotice"":""Για εξυπηρέτηση εκτός ωραρίου ισχύουν επιπλέον χρεώσεις.""},""skg"":{""vehiclesPageModelsSource"":""fleet"",""rentalTermsIntro"":""Στην παρακάτω σελίδα συγκεντρώνονται βασικοί όροι, προϋποθέσεις και πολιτικές της ενοικίασης με μορφή εύκολη για ανάγνωση και ενημέρωση από το backroom."",""nightEndHour"":8,""stationProfiles"":[{""key"":""a"",""label"":""a"",""description"":""""},{""key"":""ath"",""label"":""ATH Athens"",""description"":""""},{""key"":""skg"",""label"":""SKG Thessaloniki"",""description"":""""}],""bookingCanceledTriggerId"":"""",""defaultDeposit"":0,""operatingHoursLabel"":""08:00 - 22:00"",""companyPhone"":""+30 2310 000 000"",""companyAddress"":""Θεσσαλονίκη, Ελλάδα"",""insuranceTermsBody"":""Η βασική κάλυψη αφορά την τυπική συμμετοχή του ενοικιαστή σύμφωνα με τους όρους της εταιρίας. Οι επιπλέον καλύψεις μειώνουν ή περιορίζουν την ευθύνη ανάλογα με το πρόγραμμα που θα επιλεγεί. Πριν από την τελική παράδοση του οχήματος, η ομάδα μας επιβεβαιώνει ξανά τις καλύψεις, τις εξαιρέσεις και το ύψος της συμμετοχής. Δεν καλύπτονται περιστατικά που προκύπτουν από παραβίαση του ΚΟΚ, οδήγηση υπό επήρεια, μη εξουσιοδοτημένο οδηγό, απώλεια κλειδιών ή εγγράφων και χρήση του οχήματος εκτός των συμφωνημένων όρων. Οι πληροφορίες της σελίδας έχουν ενημερωτικό χαρακτήρα και υπερισχύουν οι τελικοί όροι που επιβεβαιώνονται από την εταιρία πριν την παραλαβή."",""insuranceTermsIntro"":""Οι ασφαλιστικές επιλογές και οι σχετικοί όροι παρουσιάζονται με απλό τρόπο πριν από την ολοκλήρωση της κράτησης."",""insuranceDetailsTitle"":""Λεπτομέρειες ασφαλιστικών επιλογών"",""insuranceDetailsIntro"":""Παρακάτω βλέπεις συνοπτικά τις επιλογές κάλυψης που χρησιμοποιούνται στο front booking flow."",""insuranceDetailsBody"":""Το CDW αποτελεί τη βασική κάλυψη χωρίς επιπλέον ημερήσια χρέωση. Το SCDW μειώνει περαιτέρω την οικονομική έκθεση του οδηγού, ενώ το FULL παρέχει την πιο ενισχυμένη επιλογή προστασίας που εμφανίζεται στο backroom και στο booking flow. Για κάθε κράτηση, το τελικό πρόγραμμα ασφάλισης, οι χρεώσεις και οι εξαιρέσεις επιβεβαιώνονται από την ομάδα μας πριν από την παράδοση."",""rentalPrivacyBody"":""Τα προσωπικά δεδομένα χρησιμοποιούνται αποκλειστικά για την εξυπηρέτηση της κράτησης, την επικοινωνία με τον πελάτη και την εκπλήρωση νομικών ή φορολογικών υποχρεώσεων της εταιρίας. Για ειδικά αιτήματα, διορθώσεις στοιχείων ή απορίες σχετικά με την επεξεργασία δεδομένων, ο πελάτης μπορεί να επικοινωνεί με την εταιρία στα διαθέσιμα στοιχεία επικοινωνίας."",""nightStartHour"":22,""allowOverbooking"":true,""companyName"":""DIAMOND Rent A Car"",""insuranceTermsTitle"":""Όροι και λεπτομέρειες ασφαλειών"",""rentalTermsTitle"":""Όροι ενοικίασης και πολιτικές"",""companyCity"":""Thessaloniki"",""bookingConfirmedTriggerId"":"""",""currency"":""EUR"",""footerNote"":""Επαγγελματική εμπειρία ενοικίασης οχήματος με καθαρή ροή κράτησης, ξεκάθαρη τιμολόγηση και προσωπική επιβεβαίωση."",""title"":""Business settings"",""companyEmail"":""info@diamondrentacar.gr"",""companyTagline"":""Ενοικίαση οχημάτων στη Θεσσαλονίκη με καθαρή διαδικασία και γρήγορη επιβεβαίωση."",""rentalTermsBody"":""Η ενοικίαση ολοκληρώνεται μόνο μετά από επιβεβαίωση της διαθεσιμότητας από την εταιρία και έλεγχο των στοιχείων του οδηγού. Η εταιρία διατηρεί το δικαίωμα να προτείνει ισοδύναμο όχημα ίδιας ή ανώτερης κατηγορίας όταν αυτό απαιτηθεί από λειτουργικούς λόγους, χωρίς πρόσθετη χρέωση για τον πελάτη."",""vatRate"":24,""rentalRequirementsBody"":""Ο κύριος οδηγός οφείλει να διαθέτει ισχύουσα άδεια οδήγησης, ταυτότητα ή διαβατήριο και κάρτα ή άλλο μέσο πληρωμής αποδεκτό από την εταιρία. Ελάχιστη ηλικία, έτη κατοχής διπλώματος, εγγύηση και τυχόν επασφάλιστρα εξαρτώνται από την κατηγορία οχήματος και την τελική επιβεβαίωση της κράτησης."",""vehiclesPageDisplayMode"":""categories"",""enableTriggeredEmails"":false,""rentalPoliciesBody"":""Η πολιτική καυσίμου, οι ώρες παράδοσης και παραλαβής, οι χρεώσεις εκτός ωραρίου, οι ακυρώσεις, οι καθυστερήσεις και οι όροι επέκτασης της μίσθωσης επιβεβαιώνονται πριν την παράδοση. Τυχόν ζημιές, πρόστιμα, απώλειες εξοπλισμού ή χρήση του οχήματος κατά παράβαση των συμφωνημένων όρων βαρύνουν τον ενοικιαστή σύμφωνα με την τελική σύμβαση."",""active"":true,""afterHoursNotice"":""Για εξυπηρέτηση εκτός ωραρίου ισχύουν επιπλέον χρεώσεις.""}},""vehiclesPageModelsSource"":""fleet"",""rentalTermsIntro"":""Στην παρακάτω σελίδα συγκεντρώνονται βασικοί όροι, προϋποθέσεις και πολιτικές της ενοικίασης με μορφή εύκολη για ανάγνωση και ενημέρωση από το backroom."",""nightEndHour"":8,""stationProfiles"":[{""key"":""default"",""label"":""Κεντρικός σταθμός"",""description"":""""},{""key"":""a"",""label"":""a"",""description"":""""},{""key"":""ath"",""label"":""ATH Athens"",""description"":""""},{""key"":""skg"",""label"":""SKG Thessaloniki"",""description"":""""}],""bookingCanceledTriggerId"":"""",""defaultDeposit"":0,""operatingHoursLabel"":""08:00 - 22:00"",""companyPhone"":""+30 2310 000 000"",""companyAddress"":""Θεσσαλονίκη, Ελλάδα"",""_id"":""a5128991-cf12-4a62-bcde-64e77309b454"",""insuranceTermsBody"":""Η βασική κάλυψη αφορά την τυπική συμμετοχή του ενοικιαστή σύμφωνα με τους όρους της εταιρίας. Οι επιπλέον καλύψεις μειώνουν ή περιορίζουν την ευθύνη ανάλογα με το πρόγραμμα που θα επιλεγεί. Πριν από την τελική παράδοση του οχήματος, η ομάδα μας επιβεβαιώνει ξανά τις καλύψεις, τις εξαιρέσεις και το ύψος της συμμετοχής. Δεν καλύπτονται περιστατικά που προκύπτουν από παραβίαση του ΚΟΚ, οδήγηση υπό επήρεια, μη εξουσιοδοτημένο οδηγό, απώλεια κλειδιών ή εγγράφων και χρήση του οχήματος εκτός των συμφωνημένων όρων. Οι πληροφορίες της σελίδας έχουν ενημερωτικό χαρακτήρα και υπερισχύουν οι τελικοί όροι που επιβεβαιώνονται από την εταιρία πριν την παραλαβή."",""_owner"":""284e089f-48c1-4969-b018-a9add65901a8"",""_createdDate"":""2026-03-15T14:21:47.499Z"",""insuranceTermsIntro"":""Οι ασφαλιστικές επιλογές και οι σχετικοί όροι παρουσιάζονται με απλό τρόπο πριν από την ολοκλήρωση της κράτησης."",""insuranceDetailsTitle"":""Λεπτομέρειες ασφαλιστικών επιλογών"",""insuranceDetailsIntro"":""Παρακάτω βλέπεις συνοπτικά τις επιλογές κάλυψης που χρησιμοποιούνται στο front booking flow."",""insuranceDetailsBody"":""Το CDW αποτελεί τη βασική κάλυψη χωρίς επιπλέον ημερήσια χρέωση. Το SCDW μειώνει περαιτέρω την οικονομική έκθεση του οδηγού, ενώ το FULL παρέχει την πιο ενισχυμένη επιλογή προστασίας που εμφανίζεται στο backroom και στο booking flow. Για κάθε κράτηση, το τελικό πρόγραμμα ασφάλισης, οι χρεώσεις και οι εξαιρέσεις επιβεβαιώνονται από την ομάδα μας πριν από την παράδοση."",""rentalPrivacyBody"":""Τα προσωπικά δεδομένα χρησιμοποιούνται αποκλειστικά για την εξυπηρέτηση της κράτησης, την επικοινωνία με τον πελάτη και την εκπλήρωση νομικών ή φορολογικών υποχρεώσεων της εταιρίας. Για ειδικά αιτήματα, διορθώσεις στοιχείων ή απορίες σχετικά με την επεξεργασία δεδομένων, ο πελάτης μπορεί να επικοινωνεί με την εταιρία στα διαθέσιμα στοιχεία επικοινωνίας."",""nightStartHour"":22,""_updatedDate"":""2026-04-04T12:46:50.678Z"",""allowOverbooking"":true,""companyName"":""DIAMOND Rent A Car"",""insuranceTermsTitle"":""Όροι και λεπτομέρειες ασφαλειών"",""rentalTermsTitle"":""Όροι ενοικίασης και πολιτικές"",""companyCity"":""Thessaloniki"",""bookingConfirmedTriggerId"":"""",""currency"":""EUR"",""footerNote"":""Επαγγελματική εμπειρία ενοικίασης οχήματος με καθαρή ροή κράτησης, ξεκάθαρη τιμολόγηση και προσωπική επιβεβαίωση."",""title"":""Business settings"",""companyEmail"":""info@diamondrentacar.gr"",""companyTagline"":""Ενοικίαση οχημάτων στη Θεσσαλονίκη με καθαρή διαδικασία και γρήγορη επιβεβαίωση."",""rentalTermsBody"":""Η ενοικίαση ολοκληρώνεται μόνο μετά από επιβεβαίωση της διαθεσιμότητας από την εταιρία και έλεγχο των στοιχείων του οδηγού. Η εταιρία διατηρεί το δικαίωμα να προτείνει ισοδύναμο όχημα ίδιας ή ανώτερης κατηγορίας όταν αυτό απαιτηθεί από λειτουργικούς λόγους, χωρίς πρόσθετη χρέωση για τον πελάτη."",""vatRate"":24,""rentalRequirementsBody"":""Ο κύριος οδηγός οφείλει να διαθέτει ισχύουσα άδεια οδήγησης, ταυτότητα ή διαβατήριο και κάρτα ή άλλο μέσο πληρωμής αποδεκτό από την εταιρία. Ελάχιστη ηλικία, έτη κατοχής διπλώματος, εγγύηση και τυχόν επασφάλιστρα εξαρτώνται από την κατηγορία οχήματος και την τελική επιβεβαίωση της κράτησης."",""vehiclesPageDisplayMode"":""categories"",""enableTriggeredEmails"":false,""rentalPoliciesBody"":""Η πολιτική καυσίμου, οι ώρες παράδοσης και παραλαβής, οι χρεώσεις εκτός ωραρίου, οι ακυρώσεις, οι καθυστερήσεις και οι όροι επέκτασης της μίσθωσης επιβεβαιώνονται πριν την παράδοση. Τυχόν ζημιές, πρόστιμα, απώλειες εξοπλισμού ή χρήση του οχήματος κατά παράβαση των συμφωνημένων όρων βαρύνουν τον ενοικιαστή σύμφωνα με την τελική σύμβαση."",""active"":true,""afterHoursNotice"":""Για εξυπηρέτηση εκτός ωραρίου ισχύουν επιπλέον χρεώσεις.""}","ckatz1995@gmail.com","Nik nik",2026-04-04T12:46:50Z,2027-04-04T12:46:50Z
,"07227e94-756c-434f-b454-ba421c02324b",2026-03-19T10:22:10Z,2026-03-19T10:22:10Z,"4139a8c1-c961-498e-9512-465437a7bf6c","staffAuth","ckatz1995@gmail.com","loginSuccess","Backroom login",,,"ckatz1995@gmail.com","Nik nik",2026-03-19T10:22:10Z,2027-03-19T10:22:10Z
,"0985027f-a6f7-40db-b458-1fb57d0aa2f7",2026-03-16T14:53:28Z,2026-03-16T14:53:28Z,"48ba7aa5-ed2b-43d2-bdd7-6596e6ec75a8","pricing.businessSettings","a5128991-cf12-4a62-bcde-64e77309b454","pricing.saveBusinessSettings","Ενημέρωση business settings","{""nightEndHour"":8,""defaultDeposit"":0,""companyPhone"":""+30 2310 000 001"",""companyAddress"":""Θεσσαλονίκη, Ελλάδα"",""_id"":""a5128991-cf12-4a62-bcde-64e77309b454"",""insuranceTermsBody"":""Η βασική κάλυψη αφορά την τυπική συμμετοχή του ενοικιαστή σύμφωνα με τους όρους της εταιρίας. Οι επιπλέον καλύψεις μειώνουν ή περιορίζουν την ευθύνη ανάλογα με το πρόγραμμα που θα επιλεγεί. Πριν από την τελική παράδοση του οχήματος, η ομάδα μας επιβεβαιώνει ξανά τις καλύψεις, τις εξαιρέσεις και το ύψος της συμμετοχής. Δεν καλύπτονται περιστατικά που προκύπτουν από παραβίαση του ΚΟΚ, οδήγηση υπό επήρεια, μη εξουσιοδοτημένο οδηγό, απώλεια κλειδιών ή εγγράφων και χρήση του οχήματος εκτός των συμφωνημένων όρων. Οι πληροφορίες της σελίδας έχουν ενημερωτικό χαρακτήρα και υπερισχύουν οι τελικοί όροι που επιβεβαιώνονται από την εταιρία πριν την παραλαβή."",""_owner"":""284e089f-48c1-4969-b018-a9add65901a8"",""_createdDate"":""2026-03-15T14:21:47.499Z"",""insuranceTermsIntro"":""Οι ασφαλιστικές επιλογές και οι σχετικοί όροι παρουσιάζονται με απλό τρόπο πριν από την ολοκλήρωση της κράτησης."",""insuranceDetailsTitle"":""Λεπτομέρειες ασφαλιστικών επιλογών"",""insuranceDetailsIntro"":""Παρακάτω βλέπεις συνοπτικά τις επιλογές κάλυψης που χρησιμοποιούνται στο front booking flow."",""insuranceDetailsBody"":""Το CDW αποτελεί τη βασική κάλυψη χωρίς επιπλέον ημερήσια χρέωση. Το SCDW μειώνει περαιτέρω την οικονομική έκθεση του οδηγού, ενώ το FULL παρέχει την πιο ενισχυμένη επιλογή προστασίας που εμφανίζεται στο backroom και στο booking flow. Για κάθε κράτηση, το τελικό πρόγραμμα ασφάλισης, οι χρεώσεις και οι εξαιρέσεις επιβεβαιώνονται από την ομάδα μας πριν από την παράδοση."",""nightStartHour"":22,""_updatedDate"":""2026-03-16T11:38:17.552Z"",""companyName"":""DIAMOND Rent A Car 1"",""insuranceTermsTitle"":""Όροι και λεπτομέρειες ασφαλειών"",""companyCity"":""Thessaloniki"",""currency"":""EUR"",""footerNote"":""Επαγγελματική εμπειρία ενοικίασης οχήματος με καθαρή ροή κράτησης, ξεκάθαρη τιμολόγηση και προσωπική επιβεβαίωση."",""title"":""Default business settings"",""companyEmail"":""info@diamondrentacar.gr"",""companyTagline"":""Ενοικίαση οχημάτων στη Θεσσαλονίκη με καθαρή διαδικασία και γρήγορη επιβεβαίωση."",""vatRate"":24,""active"":true}","{""nightEndHour"":8,""defaultDeposit"":0,""companyPhone"":""+30 2310 000 000"",""companyAddress"":""Θεσσαλονίκη, Ελλάδα"",""_id"":""a5128991-cf12-4a62-bcde-64e77309b454"",""insuranceTermsBody"":""Η βασική κάλυψη αφορά την τυπική συμμετοχή του ενοικιαστή σύμφωνα με τους όρους της εταιρίας. Οι επιπλέον καλύψεις μειώνουν ή περιορίζουν την ευθύνη ανάλογα με το πρόγραμμα που θα επιλεγεί. Πριν από την τελική παράδοση του οχήματος, η ομάδα μας επιβεβαιώνει ξανά τις καλύψεις, τις εξαιρέσεις και το ύψος της συμμετοχής. Δεν καλύπτονται περιστατικά που προκύπτουν από παραβίαση του ΚΟΚ, οδήγηση υπό επήρεια, μη εξουσιοδοτημένο οδηγό, απώλεια κλειδιών ή εγγράφων και χρήση του οχήματος εκτός των συμφωνημένων όρων. Οι πληροφορίες της σελίδας έχουν ενημερωτικό χαρακτήρα και υπερισχύουν οι τελικοί όροι που επιβεβαιώνονται από την εταιρία πριν την παραλαβή."",""_owner"":""284e089f-48c1-4969-b018-a9add65901a8"",""_createdDate"":""2026-03-15T14:21:47.499Z"",""insuranceTermsIntro"":""Οι ασφαλιστικές επιλογές και οι σχετικοί όροι παρουσιάζονται με απλό τρόπο πριν από την ολοκλήρωση της κράτησης."",""insuranceDetailsTitle"":""Λεπτομέρειες ασφαλιστικών επιλογών"",""insuranceDetailsIntro"":""Παρακάτω βλέπεις συνοπτικά τις επιλογές κάλυψης που χρησιμοποιούνται στο front booking flow."",""insuranceDetailsBody"":""Το CDW αποτελεί τη βασική κάλυψη χωρίς επιπλέον ημερήσια χρέωση. Το SCDW μειώνει περαιτέρω την οικονομική έκθεση του οδηγού, ενώ το FULL παρέχει την πιο ενισχυμένη επιλογή προστασίας που εμφανίζεται στο backroom και στο booking flow. Για κάθε κράτηση, το τελικό πρόγραμμα ασφάλισης, οι χρεώσεις και οι εξαιρέσεις επιβεβαιώνονται από την ομάδα μας πριν από την παράδοση."",""nightStartHour"":22,""_updatedDate"":""2026-03-16T14:53:27.876Z"",""companyName"":""DIAMOND Rent A Car"",""insuranceTermsTitle"":""Όροι και λεπτομέρειες ασφαλειών"",""companyCity"":""Thessaloniki"",""currency"":""EUR"",""footerNote"":""Επαγγελματική εμπειρία ενοικίασης οχήματος με καθαρή ροή κράτησης, ξεκάθαρη τιμολόγηση και προσωπική επιβεβαίωση."",""title"":""Default business settings"",""companyEmail"":""info@diamondrentacar.gr"",""companyTagline"":""Ενοικίαση οχημάτων στη Θεσσαλονίκη με καθαρή διαδικασία και γρήγορη επιβεβαίωση."",""vatRate"":24,""active"":true}","ckatz1995@gmail.com","Nik nik",2026-03-16T14:53:27Z,2027-03-16T14:53:27Z
,"09de8b74-7659-45f1-b774-a14e8669698a",2026-04-04T10:35:52Z,2026-04-04T10:35:52Z,"4139a8c1-c961-498e-9512-465437a7bf6c","pricing.pickupLocation","thessaloniki_airport","pricing.update","Ενημέρωση τοποθεσία Αεροδρόμιο Θεσσαλονίκης","{""description"":""Παραλαβή / παράδοση στο αεροδρόμιο SKG."",""_id"":""8d8b21f6-6a1d-414f-b222-5557e8e41038"",""_owner"":""284e089f-48c1-4969-b018-a9add65901a8"",""_createdDate"":""2026-03-15T22:56:27.552Z"",""mapUrl"":"""",""publicVisible"":true,""label"":""Αεροδρόμιο Θεσσαλονίκης"",""_updatedDate"":""2026-03-17T12:27:41.949Z"",""key"":""thessaloniki_airport"",""extraFee"":0,""sortOrder"":10,""address"":""Κρατικός Αερολιμένας Θεσσαλονίκης Μακεδονία, Θεσσαλονίκη"",""locationType"":""both"",""active"":true}","{""description"":""Παραλαβή / παράδοση στο αεροδρόμιο SKG."",""_id"":""8d8b21f6-6a1d-414f-b222-5557e8e41038"",""_owner"":""284e089f-48c1-4969-b018-a9add65901a8"",""_createdDate"":""2026-03-15T22:56:27.552Z"",""mapUrl"":"""",""publicVisible"":true,""label"":""Αεροδρόμιο Θεσσαλονίκης"",""_updatedDate"":""2026-04-04T10:35:52.139Z"",""key"":""thessaloniki_airport"",""extraFee"":0,""sortOrder"":10,""address"":""Κρατικός Αερολιμένας Θεσσαλονίκης Μακεδονία, Θεσσαλονίκη"",""locationType"":""both"",""active"":true}","ckatz1995@gmail.com","Nik nik",2026-04-04T10:35:52Z,2027-04-04T10:35:52Z
,"0a51ef78-10c9-402f-9eb3-b9422db1eb30",2026-03-16T09:51:29Z,2026-03-16T09:51:29Z,"4139a8c1-c961-498e-9512-465437a7bf6c","pricing.pickupLocation","city_center_office","pricing.update","Ενημέρωση τοποθεσία Κέντρο Θεσσαλονίκης","{""description"":""Παραλαβή / παράδοση από το κεντρικό σημείο εξυπηρέτησης."",""_id"":""fe8e4bc4-9b1b-4dba-9369-d83ac7a68271"",""_owner"":""284e089f-48c1-4969-b018-a9add65901a8"",""_createdDate"":""2026-03-15T22:56:27.551Z"",""mapUrl"":"""",""publicVisible"":false,""label"":""Κέντρο Θεσσαλονίκης"",""_updatedDate"":""2026-03-16T07:46:57.102Z"",""key"":""city_center_office"",""extraFee"":40,""sortOrder"":20,""address"":""Θεσσαλονίκη, Κέντρο"",""locationType"":""both"",""active"":true}","{""description"":""Παραλαβή / παράδοση από το κεντρικό σημείο εξυπηρέτησης."",""_id"":""fe8e4bc4-9b1b-4dba-9369-d83ac7a68271"",""_owner"":""284e089f-48c1-4969-b018-a9add65901a8"",""_createdDate"":""2026-03-15T22:56:27.551Z"",""mapUrl"":"""",""publicVisible"":true,""label"":""Κέντρο Θεσσαλονίκης"",""_updatedDate"":""2026-03-16T09:51:29.774Z"",""key"":""city_center_office"",""extraFee"":40,""sortOrder"":20,""address"":""Θεσσαλονίκη, Κέντρο"",""locationType"":""both"",""active"":true}","ckatz1995@gmail.com","Nik nik",2026-03-16T09:51:29Z,2027-03-16T09:51:29Z
,"0b1920b2-5ebb-4833-a371-257e0fd7a449",2026-03-19T18:02:19Z,2026-03-19T18:02:19Z,"48ba7aa5-ed2b-43d2-bdd7-6596e6ec75a8","staffAuth","ckatz1995@gmail.com","loginSuccess","Backroom login",,,"ckatz1995@gmail.com","Nik nik",2026-03-19T18:02:19Z,2027-03-19T18:02:19Z
,"0c1d17cd-16eb-4a0d-a9d6-650fb4db5646",2026-03-17T12:27:11Z,2026-03-17T12:27:11Z,"48ba7aa5-ed2b-43d2-bdd7-6596e6ec75a8","pricing.pickupLocation","hotel_delivery","pricing.update","Ενημέρωση τοποθεσία Παράδοση σε ξενοδοχείο","{""description"":""Παράδοση / παραλαβή σε ξενοδοχείο εντός πόλης."",""_id"":""461e4bcb-abb9-415a-a47b-bb61c8011beb"",""_owner"":""284e089f-48c1-4969-b018-a9add65901a8"",""_createdDate"":""2026-03-15T22:56:27.549Z"",""mapUrl"":"""",""publicVisible"":true,""label"":""Παράδοση σε ξενοδοχείο"",""_updatedDate"":""2026-03-16T07:41:44.906Z"",""key"":""hotel_delivery"",""extraFee"":40,""sortOrder"":40,""address"":""Θεσσαλονίκη"",""locationType"":""both"",""active"":true}","{""description"":""Παράδοση / παραλαβή σε ξενοδοχείο εντός πόλης."",""_id"":""461e4bcb-abb9-415a-a47b-bb61c8011beb"",""_owner"":""284e089f-48c1-4969-b018-a9add65901a8"",""_createdDate"":""2026-03-15T22:56:27.549Z"",""mapUrl"":"""",""publicVisible"":true,""label"":""Παράδοση σε ξενοδοχείο"",""_updatedDate"":""2026-03-17T12:27:11.197Z"",""key"":""hotel_delivery"",""extraFee"":40,""sortOrder"":5,""address"":""Θεσσαλονίκη"",""locationType"":""both"",""active"":true}","ckatz1995@gmail.com","Nik nik",2026-03-17T12:27:11Z,2027-03-17T12:27:11Z
,"0c35eac9-d8cf-4830-b3e8-0d64cb8d1390",2026-04-02T07:45:18Z,2026-04-02T07:45:18Z,"48ba7aa5-ed2b-43d2-bdd7-6596e6ec75a8","staffAuth","ckatz1995@gmail.com","loginSuccess","Backroom login",,,"ckatz1995@gmail.com","Nik nik",2026-04-02T07:45:18Z,2027-04-02T07:45:18Z
,"0d990395-a1ba-4afa-b03c-e0d000b5ab00",2026-03-16T14:55:06Z,2026-03-16T14:55:06Z,"48ba7aa5-ed2b-43d2-bdd7-6596e6ec75a8","pricing.businessSettings","a5128991-cf12-4a62-bcde-64e77309b454","pricing.saveBusinessSettings","Ενημέρωση business settings","{""nightEndHour"":8,""defaultDeposit"":0,""companyPhone"":""+30 2310 000 000"",""companyAddress"":""Θεσσαλονίκη, Ελλάδα"",""_id"":""a5128991-cf12-4a62-bcde-64e77309b454"",""insuranceTermsBody"":""Η βασική κάλυψη αφορά την τυπική συμμετοχή του ενοικιαστή σύμφωνα με τους όρους της εταιρίας. Οι επιπλέον καλύψεις μειώνουν ή περιορίζουν την ευθύνη ανάλογα με το πρόγραμμα που θα επιλεγεί. Πριν από την τελική παράδοση του οχήματος, η ομάδα μας επιβεβαιώνει ξανά τις καλύψεις, τις εξαιρέσεις και το ύψος της συμμετοχής. Δεν καλύπτονται περιστατικά που προκύπτουν από παραβίαση του ΚΟΚ, οδήγηση υπό επήρεια, μη εξουσιοδοτημένο οδηγό, απώλεια κλειδιών ή εγγράφων και χρήση του οχήματος εκτός των συμφωνημένων όρων. Οι πληροφορίες της σελίδας έχουν ενημερωτικό χαρακτήρα και υπερισχύουν οι τελικοί όροι που επιβεβαιώνονται από την εταιρία πριν την παραλαβή."",""_owner"":""284e089f-48c1-4969-b018-a9add65901a8"",""_createdDate"":""2026-03-15T14:21:47.499Z"",""insuranceTermsIntro"":""Οι ασφαλιστικές επιλογές και οι σχετικοί όροι παρουσιάζονται με απλό τρόπο πριν από την ολοκλήρωση της κράτησης."",""insuranceDetailsTitle"":""Λεπτομέρειες ασφαλιστικών επιλογών"",""insuranceDetailsIntro"":""Παρακάτω βλέπεις συνοπτικά τις επιλογές κάλυψης που χρησιμοποιούνται στο front booking flow."",""insuranceDetailsBody"":""Το CDW αποτελεί τη βασική κάλυψη χωρίς επιπλέον ημερήσια χρέωση. Το SCDW μειώνει περαιτέρω την οικονομική έκθεση του οδηγού, ενώ το FULL παρέχει την πιο ενισχυμένη επιλογή προστασίας που εμφανίζεται στο backroom και στο booking flow. Για κάθε κράτηση, το τελικό πρόγραμμα ασφάλισης, οι χρεώσεις και οι εξαιρέσεις επιβεβαιώνονται από την ομάδα μας πριν από την παράδοση."",""nightStartHour"":22,""_updatedDate"":""2026-03-16T14:53:39.738Z"",""companyName"":""DIAMOND Rent A Car"",""insuranceTermsTitle"":""Όροι και λεπτομέρειες ασφαλειών"",""companyCity"":""Thessaloniki"",""currency"":""EUR"",""footerNote"":""Επαγγελματική εμπειρία ενοικίασης οχήματος με καθαρή ροή κράτησης, ξεκάθαρη τιμολόγηση και προσωπική επιβεβαίωση."",""title"":""Default business settings"",""companyEmail"":""info@diamondrentacar.gr"",""companyTagline"":""Ενοικίαση οχημάτων στη Θεσσαλονίκη με καθαρή διαδικασία και γρήγορη επιβεβαίωση."",""vatRate"":24,""active"":true}","{""nightEndHour"":8,""defaultDeposit"":0,""companyPhone"":""+30 2310 000 001"",""companyAddress"":""Θεσσαλονίκη, Ελλάδα"",""_id"":""a5128991-cf12-4a62-bcde-64e77309b454"",""insuranceTermsBody"":""Η βασική κάλυψη αφορά την τυπική συμμετοχή του ενοικιαστή σύμφωνα με τους όρους της εταιρίας. Οι επιπλέον καλύψεις μειώνουν ή περιορίζουν την ευθύνη ανάλογα με το πρόγραμμα που θα επιλεγεί. Πριν από την τελική παράδοση του οχήματος, η ομάδα μας επιβεβαιώνει ξανά τις καλύψεις, τις εξαιρέσεις και το ύψος της συμμετοχής. Δεν καλύπτονται περιστατικά που προκύπτουν από παραβίαση του ΚΟΚ, οδήγηση υπό επήρεια, μη εξουσιοδοτημένο οδηγό, απώλεια κλειδιών ή εγγράφων και χρήση του οχήματος εκτός των συμφωνημένων όρων. Οι πληροφορίες της σελίδας έχουν ενημερωτικό χαρακτήρα και υπερισχύουν οι τελικοί όροι που επιβεβαιώνονται από την εταιρία πριν την παραλαβή."",""_owner"":""284e089f-48c1-4969-b018-a9add65901a8"",""_createdDate"":""2026-03-15T14:21:47.499Z"",""insuranceTermsIntro"":""Οι ασφαλιστικές επιλογές και οι σχετικοί όροι παρουσιάζονται με απλό τρόπο πριν από την ολοκλήρωση της κράτησης."",""insuranceDetailsTitle"":""Λεπτομέρειες ασφαλιστικών επιλογών"",""insuranceDetailsIntro"":""Παρακάτω βλέπεις συνοπτικά τις επιλογές κάλυψης που χρησιμοποιούνται στο front booking flow."",""insuranceDetailsBody"":""Το CDW αποτελεί τη βασική κάλυψη χωρίς επιπλέον ημερήσια χρέωση. Το SCDW μειώνει περαιτέρω την οικονομική έκθεση του οδηγού, ενώ το FULL παρέχει την πιο ενισχυμένη επιλογή προστασίας που εμφανίζεται στο backroom και στο booking flow. Για κάθε κράτηση, το τελικό πρόγραμμα ασφάλισης, οι χρεώσεις και οι εξαιρέσεις επιβεβαιώνονται από την ομάδα μας πριν από την παράδοση."",""nightStartHour"":22,""_updatedDate"":""2026-03-16T14:55:06.578Z"",""companyName"":""DIAMOND Rent A Car 1"",""insuranceTermsTitle"":""Όροι και λεπτομέρειες ασφαλειών"",""companyCity"":""Thessaloniki"",""currency"":""EUR"",""footerNote"":""Επαγγελματική εμπειρία ενοικίασης οχήματος με καθαρή ροή κράτησης, ξεκάθαρη τιμολόγηση και προσωπική επιβεβαίωση."",""title"":""Default business settings"",""companyEmail"":""info@diamondrentacar.gr"",""companyTagline"":""Ενοικίαση οχημάτων στη Θεσσαλονίκη με καθαρή διαδικασία και γρήγορη επιβεβαίωση."",""vatRate"":24,""active"":true}","ckatz1995@gmail.com","Nik nik",2026-03-16T14:55:06Z,2027-03-16T14:55:06Z
,"0df55198-10b5-47d9-8748-52e8a5e72510",2026-03-16T10:51:56Z,2026-03-16T10:51:56Z,"4139a8c1-c961-498e-9512-465437a7bf6c","pricing.pickupLocation","city_center_office","pricing.update","Ενημέρωση τοποθεσία Κέντρο Θεσσαλονίκης","{""description"":""Παραλαβή / παράδοση από το κεντρικό σημείο εξυπηρέτησης."",""_id"":""ebb125a2-bdae-489c-87e1-5bc86581d185"",""_owner"":""4139a8c1-c961-498e-9512-465437a7bf6c"",""_createdDate"":""2026-03-16T07:42:43.237Z"",""mapUrl"":"""",""publicVisible"":true,""label"":""Κέντρο Θεσσαλονίκης"",""_updatedDate"":""2026-03-16T09:53:42.709Z"",""key"":""city_center_office_dropoff"",""extraFee"":25,""sortOrder"":20,""address"":""Θεσσαλονίκη, Κέντρο"",""locationType"":""dropoff"",""active"":true}","{""description"":""Παραλαβή / παράδοση από το κεντρικό σημείο εξυπηρέτησης."",""_id"":""ebb125a2-bdae-489c-87e1-5bc86581d185"",""_owner"":""4139a8c1-c961-498e-9512-465437a7bf6c"",""_createdDate"":""2026-03-16T07:42:43.237Z"",""mapUrl"":"""",""publicVisible"":true,""label"":""Κέντρο Θεσσαλονίκης"",""_updatedDate"":""2026-03-16T10:51:56.156Z"",""key"":""city_center_office"",""extraFee"":25,""sortOrder"":20,""address"":""Θεσσαλονίκη, Κέντρο"",""locationType"":""dropoff"",""active"":true}","ckatz1995@gmail.com","Nik nik",2026-03-16T10:51:56Z,2027-03-16T10:51:56Z
,"0e1469ca-3308-424c-ae4a-47d32bdfa1d8",2026-04-01T13:09:10Z,2026-04-01T13:09:10Z,"4139a8c1-c961-498e-9512-465437a7bf6c","staffAuth","ckatz1995@gmail.com","logout","Backroom logout",,,"ckatz1995@gmail.com","Nik nik",2026-04-01T13:09:10Z,2027-04-01T13:09:10Z
,"0efad7d3-5eb8-4034-983d-ddefae2741e2",2026-03-22T10:10:51Z,2026-03-22T10:10:51Z,"4139a8c1-c961-498e-9512-465437a7bf6c","pricing.InsurancePlans","test","pricing.delete","Διαγραφή pricing item Test (1 row(s))","{""description"":"""",""_id"":""cc9d2c1e-f790-4891-8f85-992ccc298f58"",""_owner"":""4139a8c1-c961-498e-9512-465437a7bf6c"",""_createdDate"":""2026-03-15T15:47:52.075Z"",""billingMode"":""perDay"",""publicVisible"":true,""label"":""Test"",""_updatedDate"":""2026-03-15T21:00:45.773Z"",""key"":""test"",""pricePerDay"":1,""sortOrder"":4,""title"":""Test"",""active"":true}",,"ckatz1995@gmail.com","Nik nik",2026-03-22T10:10:51Z,2027-03-22T10:10:51Z
,"0f984f32-37d4-4c64-9234-2d410f6267ab",2026-03-16T07:45:39Z,2026-03-16T07:45:39Z,"4139a8c1-c961-498e-9512-465437a7bf6c","pricing.PickupLocations","city_center_office","pricing.delete","Διαγραφή pricing item Κέντρο Θεσσαλονίκης (0 row(s))","{""description"":""Παραλαβή / παράδοση από το κεντρικό σημείο εξυπηρέτησης."",""_id"":""fe8e4bc4-9b1b-4dba-9369-d83ac7a68271"",""_owner"":""284e089f-48c1-4969-b018-a9add65901a8"",""_createdDate"":""2026-03-15T22:56:27.551Z"",""mapUrl"":"""",""publicVisible"":true,""label"":""Κέντρο Θεσσαλονίκης"",""_updatedDate"":""2026-03-16T07:42:13.211Z"",""key"":""city_center_office"",""extraFee"":40,""sortOrder"":20,""address"":""Θεσσαλονίκη, Κέντρο"",""locationType"":""both"",""active"":true}",,"ckatz1995@gmail.com","Nik nik",2026-03-16T07:45:39Z,2027-03-16T07:45:39Z
,"100fa189-37fe-4cad-8329-85ce328b4294",2026-03-17T12:27:04Z,2026-03-17T12:27:04Z,"48ba7aa5-ed2b-43d2-bdd7-6596e6ec75a8","pricing.pickupLocation","ktel_thessaloniki","pricing.update","Ενημέρωση τοποθεσία ΚΤΕΛ Θεσσαλονίκης","{""description"":""Παραλαβή / παράδοση στον σταθμό ΚΤΕΛ."",""_id"":""4ad387f3-6096-4659-8b8a-1575019e0343"",""_owner"":""284e089f-48c1-4969-b018-a9add65901a8"",""_createdDate"":""2026-03-15T22:56:27.550Z"",""mapUrl"":"""",""publicVisible"":true,""label"":""ΚΤΕΛ Θεσσαλονίκης"",""_updatedDate"":""2026-03-16T07:41:56.352Z"",""key"":""ktel_thessaloniki"",""extraFee"":40,""sortOrder"":30,""address"":""Σταθμός ΚΤΕΛ Μακεδονία, Θεσσαλονίκη"",""locationType"":""both"",""active"":true}","{""description"":""Παραλαβή / παράδοση στον σταθμό ΚΤΕΛ."",""_id"":""4ad387f3-6096-4659-8b8a-1575019e0343"",""_owner"":""284e089f-48c1-4969-b018-a9add65901a8"",""_createdDate"":""2026-03-15T22:56:27.550Z"",""mapUrl"":"""",""publicVisible"":true,""label"":""ΚΤΕΛ Θεσσαλονίκης"",""_updatedDate"":""2026-03-17T12:27:04.227Z"",""key"":""ktel_thessaloniki"",""extraFee"":40,""sortOrder"":4,""address"":""Σταθμός ΚΤΕΛ Μακεδονία, Θεσσαλονίκη"",""locationType"":""both"",""active"":true}","ckatz1995@gmail.com","Nik nik",2026-03-17T12:27:04Z,2027-03-17T12:27:04Z
,"110404df-3168-4f3b-a40d-63cff43346b7",2026-04-03T13:09:38Z,2026-04-03T13:09:38Z,"48ba7aa5-ed2b-43d2-bdd7-6596e6ec75a8","staffAuth","ckatz1995@gmail.com","loginSuccess","Backroom login",,,"ckatz1995@gmail.com","Nik nik",2026-04-03T13:09:38Z,2027-04-03T13:09:38Z
,"113e481b-9983-4852-b75d-cb6cba947674",2026-03-22T10:01:56Z,2026-03-22T10:01:56Z,"4139a8c1-c961-498e-9512-465437a7bf6c","pricing.pickupLocation","ktel_thessaloniki_pickup","pricing.update","Ενημέρωση τοποθεσία ΚΤΕΛ Θεσσαλονίκης","{""description"":""Παραλαβή / παράδοση στον σταθμό ΚΤΕΛ."",""_id"":""4ad387f3-6096-4659-8b8a-1575019e0343"",""_owner"":""284e089f-48c1-4969-b018-a9add65901a8"",""_createdDate"":""2026-03-15T22:56:27.550Z"",""mapUrl"":"""",""publicVisible"":true,""label"":""ΚΤΕΛ Θεσσαλονίκης"",""_updatedDate"":""2026-03-22T10:00:41.084Z"",""key"":""ktel_thessaloniki_pickup"",""extraFee"":20,""sortOrder"":40,""address"":""Σταθμός ΚΤΕΛ Μακεδονία, Θεσσαλονίκη"",""locationType"":""pickup"",""active"":true}","{""description"":""Παραλαβή / παράδοση στον σταθμό ΚΤΕΛ."",""_id"":""4ad387f3-6096-4659-8b8a-1575019e0343"",""_owner"":""284e089f-48c1-4969-b018-a9add65901a8"",""_createdDate"":""2026-03-15T22:56:27.550Z"",""mapUrl"":"""",""publicVisible"":true,""label"":""ΚΤΕΛ Θεσσαλονίκης"",""_updatedDate"":""2026-03-22T10:01:56.324Z"",""key"":""ktel_thessaloniki_pickup"",""extraFee"":25,""sortOrder"":40,""address"":""Σταθμός ΚΤΕΛ Μακεδονία, Θεσσαλονίκη"",""locationType"":""pickup"",""active"":true}","ckatz1995@gmail.com","Nik nik",2026-03-22T10:01:56Z,2027-03-22T10:01:56Z
,"12bd9a68-d994-40d2-9544-88770b591130",2026-03-15T14:38:15Z,2026-03-15T14:38:15Z,"4139a8c1-c961-498e-9512-465437a7bf6c","staffAuth","admin@diamondrentacar.gr","loginFailed","Wrong password",,,"admin@diamondrentacar.gr","Site Admin",2026-03-15T14:38:15Z,2027-03-15T14:38:15Z
,"1326dcde-1e92-4650-8e45-9a3561792369",2026-03-22T10:02:04Z,2026-03-22T10:02:04Z,"4139a8c1-c961-498e-9512-465437a7bf6c","pricing.pickupLocation","hotel_delivery_dropoff","pricing.update","Ενημέρωση τοποθεσία Παράδοση σε ξενοδοχείο","{""description"":""Παράδοση / παραλαβή σε ξενοδοχείο εντός πόλης."",""_id"":""832a21ee-b84f-4b25-8ecf-0e27cb694002"",""_owner"":""4139a8c1-c961-498e-9512-465437a7bf6c"",""_createdDate"":""2026-03-22T10:01:29.591Z"",""mapUrl"":"""",""publicVisible"":true,""label"":""Παράδοση σε ξενοδοχείο"",""_updatedDate"":""2026-03-22T10:01:29.591Z"",""key"":""hotel_delivery_dropoff"",""extraFee"":20,""sortOrder"":50,""address"":""Θεσσαλονίκη"",""locationType"":""dropoff"",""active"":true}","{""description"":""Παράδοση / παραλαβή σε ξενοδοχείο εντός πόλης."",""_id"":""832a21ee-b84f-4b25-8ecf-0e27cb694002"",""_owner"":""4139a8c1-c961-498e-9512-465437a7bf6c"",""_createdDate"":""2026-03-22T10:01:29.591Z"",""mapUrl"":"""",""publicVisible"":true,""label"":""Παράδοση σε ξενοδοχείο"",""_updatedDate"":""2026-03-22T10:02:04.816Z"",""key"":""hotel_delivery_dropoff"",""extraFee"":25,""sortOrder"":50,""address"":""Θεσσαλονίκη"",""locationType"":""dropoff"",""active"":true}","ckatz1995@gmail.com","Nik nik",2026-03-22T10:02:04Z,2027-03-22T10:02:04Z
,"13eb261e-3142-4766-83a3-c614f2ec09b5",2026-04-08T08:50:33Z,2026-04-08T08:50:33Z,"48ba7aa5-ed2b-43d2-bdd7-6596e6ec75a8","staffAuth","ckatz1995@gmail.com","loginSuccess","Backroom login",,,"ckatz1995@gmail.com","Nik nik",2026-04-08T08:50:32Z,2027-04-08T08:50:32Z
,"14b8e872-0b43-43ef-9dff-5f1a18a6e115",2026-03-19T15:37:56Z,2026-03-19T15:37:56Z,"284e089f-48c1-4969-b018-a9add65901a8","staffAuth","ckatz1995@gmail.com","loginSuccess","Backroom login",,,"ckatz1995@gmail.com","Nik nik",2026-03-19T15:37:55Z,2027-03-19T15:37:55Z
,"14c50e3d-af28-4ae4-bef3-3cb4eaaf5f37",2026-03-16T07:46:57Z,2026-03-16T07:46:57Z,"4139a8c1-c961-498e-9512-465437a7bf6c","pricing.pickupLocation","city_center_office","pricing.update","Ενημέρωση τοποθεσία Κέντρο Θεσσαλονίκης","{""description"":""Παραλαβή / παράδοση από το κεντρικό σημείο εξυπηρέτησης."",""_id"":""fe8e4bc4-9b1b-4dba-9369-d83ac7a68271"",""_owner"":""284e089f-48c1-4969-b018-a9add65901a8"",""_createdDate"":""2026-03-15T22:56:27.551Z"",""mapUrl"":"""",""publicVisible"":true,""label"":""Κέντρο Θεσσαλονίκης"",""_updatedDate"":""2026-03-16T07:42:13.211Z"",""key"":""city_center_office"",""extraFee"":40,""sortOrder"":20,""address"":""Θεσσαλονίκη, Κέντρο"",""locationType"":""both"",""active"":true}","{""description"":""Παραλαβή / παράδοση από το κεντρικό σημείο εξυπηρέτησης."",""_id"":""fe8e4bc4-9b1b-4dba-9369-d83ac7a68271"",""_owner"":""284e089f-48c1-4969-b018-a9add65901a8"",""_createdDate"":""2026-03-15T22:56:27.551Z"",""mapUrl"":"""",""publicVisible"":false,""label"":""Κέντρο Θεσσαλονίκης"",""_updatedDate"":""2026-03-16T07:46:57.102Z"",""key"":""city_center_office"",""extraFee"":40,""sortOrder"":20,""address"":""Θεσσαλονίκη, Κέντρο"",""locationType"":""both"",""active"":true}","ckatz1995@gmail.com","Nik nik",2026-03-16T07:46:57Z,2027-03-16T07:46:57Z
,"14cfc9b4-6fde-4b38-bbe5-055423fae31f",2026-03-22T10:11:02Z,2026-03-22T10:11:02Z,"4139a8c1-c961-498e-9512-465437a7bf6c","pricing.ExtraServices","test","pricing.delete","Διαγραφή pricing item Test (1 row(s))","{""description"":""Kati"",""_id"":""7fd6bc08-56b0-4b14-8ef5-6d86b07ca6a2"",""_owner"":""4139a8c1-c961-498e-9512-465437a7bf6c"",""_createdDate"":""2026-03-15T16:29:27.470Z"",""billingMode"":""perDay"",""price"":5,""publicVisible"":true,""label"":""Test"",""_updatedDate"":""2026-03-16T18:03:59.259Z"",""key"":""test"",""sortOrder"":9999,""title"":""Test"",""active"":true}",,"ckatz1995@gmail.com","Nik nik",2026-03-22T10:11:02Z,2027-03-22T10:11:02Z
,"15048dba-6128-49e3-b3e9-9caa78e58885",2026-03-16T14:55:34Z,2026-03-16T14:55:34Z,"48ba7aa5-ed2b-43d2-bdd7-6596e6ec75a8","pricing.businessSettings","a5128991-cf12-4a62-bcde-64e77309b454","pricing.saveBusinessSettings","Ενημέρωση business settings","{""nightEndHour"":8,""defaultDeposit"":0,""companyPhone"":""+30 2310 000 001"",""companyAddress"":""Θεσσαλονίκη, Ελλάδα"",""_id"":""a5128991-cf12-4a62-bcde-64e77309b454"",""insuranceTermsBody"":""Η βασική κάλυψη αφορά την τυπική συμμετοχή του ενοικιαστή σύμφωνα με τους όρους της εταιρίας. Οι επιπλέον καλύψεις μειώνουν ή περιορίζουν την ευθύνη ανάλογα με το πρόγραμμα που θα επιλεγεί. Πριν από την τελική παράδοση του οχήματος, η ομάδα μας επιβεβαιώνει ξανά τις καλύψεις, τις εξαιρέσεις και το ύψος της συμμετοχής. Δεν καλύπτονται περιστατικά που προκύπτουν από παραβίαση του ΚΟΚ, οδήγηση υπό επήρεια, μη εξουσιοδοτημένο οδηγό, απώλεια κλειδιών ή εγγράφων και χρήση του οχήματος εκτός των συμφωνημένων όρων. Οι πληροφορίες της σελίδας έχουν ενημερωτικό χαρακτήρα και υπερισχύουν οι τελικοί όροι που επιβεβαιώνονται από την εταιρία πριν την παραλαβή."",""_owner"":""284e089f-48c1-4969-b018-a9add65901a8"",""_createdDate"":""2026-03-15T14:21:47.499Z"",""insuranceTermsIntro"":""Οι ασφαλιστικές επιλογές και οι σχετικοί όροι παρουσιάζονται με απλό τρόπο πριν από την ολοκλήρωση της κράτησης."",""insuranceDetailsTitle"":""Λεπτομέρειες ασφαλιστικών επιλογών"",""insuranceDetailsIntro"":""Παρακάτω βλέπεις συνοπτικά τις επιλογές κάλυψης που χρησιμοποιούνται στο front booking flow."",""insuranceDetailsBody"":""Το CDW αποτελεί τη βασική κάλυψη χωρίς επιπλέον ημερήσια χρέωση. Το SCDW μειώνει περαιτέρω την οικονομική έκθεση του οδηγού, ενώ το FULL παρέχει την πιο ενισχυμένη επιλογή προστασίας που εμφανίζεται στο backroom και στο booking flow. Για κάθε κράτηση, το τελικό πρόγραμμα ασφάλισης, οι χρεώσεις και οι εξαιρέσεις επιβεβαιώνονται από την ομάδα μας πριν από την παράδοση."",""nightStartHour"":22,""_updatedDate"":""2026-03-16T14:55:13.909Z"",""companyName"":""DIAMOND Rent A Car 1"",""insuranceTermsTitle"":""Όροι και λεπτομέρειες ασφαλειών"",""companyCity"":""Thessaloniki"",""currency"":""EUR"",""footerNote"":""Επαγγελματική εμπειρία ενοικίασης οχήματος με καθαρή ροή κράτησης, ξεκάθαρη τιμολόγηση και προσωπική επιβεβαίωση."",""title"":""Default business settings"",""companyEmail"":""info@diamondrentacar.gr"",""companyTagline"":""Ενοικίαση οχημάτων στη Θεσσαλονίκη με καθαρή διαδικασία και γρήγορη επιβεβαίωση."",""vatRate"":24,""active"":true}","{""nightEndHour"":8,""defaultDeposit"":0,""companyPhone"":""+30 2310 000 000"",""companyAddress"":""Θεσσαλονίκη, Ελλάδα"",""_id"":""a5128991-cf12-4a62-bcde-64e77309b454"",""insuranceTermsBody"":""Η βασική κάλυψη αφορά την τυπική συμμετοχή του ενοικιαστή σύμφωνα με τους όρους της εταιρίας. Οι επιπλέον καλύψεις μειώνουν ή περιορίζουν την ευθύνη ανάλογα με το πρόγραμμα που θα επιλεγεί. Πριν από την τελική παράδοση του οχήματος, η ομάδα μας επιβεβαιώνει ξανά τις καλύψεις, τις εξαιρέσεις και το ύψος της συμμετοχής. Δεν καλύπτονται περιστατικά που προκύπτουν από παραβίαση του ΚΟΚ, οδήγηση υπό επήρεια, μη εξουσιοδοτημένο οδηγό, απώλεια κλειδιών ή εγγράφων και χρήση του οχήματος εκτός των συμφωνημένων όρων. Οι πληροφορίες της σελίδας έχουν ενημερωτικό χαρακτήρα και υπερισχύουν οι τελικοί όροι που επιβεβαιώνονται από την εταιρία πριν την παραλαβή."",""_owner"":""284e089f-48c1-4969-b018-a9add65901a8"",""_createdDate"":""2026-03-15T14:21:47.499Z"",""insuranceTermsIntro"":""Οι ασφαλιστικές επιλογές και οι σχετικοί όροι παρουσιάζονται με απλό τρόπο πριν από την ολοκλήρωση της κράτησης."",""insuranceDetailsTitle"":""Λεπτομέρειες ασφαλιστικών επιλογών"",""insuranceDetailsIntro"":""Παρακάτω βλέπεις συνοπτικά τις επιλογές κάλυψης που χρησιμοποιούνται στο front booking flow."",""insuranceDetailsBody"":""Το CDW αποτελεί τη βασική κάλυψη χωρίς επιπλέον ημερήσια χρέωση. Το SCDW μειώνει περαιτέρω την οικονομική έκθεση του οδηγού, ενώ το FULL παρέχει την πιο ενισχυμένη επιλογή προστασίας που εμφανίζεται στο backroom και στο booking flow. Για κάθε κράτηση, το τελικό πρόγραμμα ασφάλισης, οι χρεώσεις και οι εξαιρέσεις επιβεβαιώνονται από την ομάδα μας πριν από την παράδοση."",""nightStartHour"":22,""_updatedDate"":""2026-03-16T14:55:34.031Z"",""companyName"":""DIAMOND Rent A Car"",""insuranceTermsTitle"":""Όροι και λεπτομέρειες ασφαλειών"",""companyCity"":""Thessaloniki"",""currency"":""EUR"",""footerNote"":""Επαγγελματική εμπειρία ενοικίασης οχήματος με καθαρή ροή κράτησης, ξεκάθαρη τιμολόγηση και προσωπική επιβεβαίωση."",""title"":""Default business settings"",""companyEmail"":""info@diamondrentacar.gr"",""companyTagline"":""Ενοικίαση οχημάτων στη Θεσσαλονίκη με καθαρή διαδικασία και γρήγορη επιβεβαίωση."",""vatRate"":24,""active"":true}","ckatz1995@gmail.com","Nik nik",2026-03-16T14:55:34Z,2027-03-16T14:55:34Z
,"15319e6f-7bec-491d-9b20-46473f1f105b",2026-04-01T14:46:14Z,2026-04-01T14:46:14Z,"4139a8c1-c961-498e-9512-465437a7bf6c","pricing.vehicleCategory","494a3c39-9779-4e7d-8657-0669778ebdb4","pricing.updateVehicleCategory","Ενημέρωση κατηγορία οχήματος B - Seat Ibiza","{""image"":""wix:image://v1/284e08_d6ec3f641551459db35a12c54dd32100~mv2.png/seat-ibiza-fr-black-edition-2025_edited_edited_edited_edited_edited.png#originWidth=1068&originHeight=586"",""_id"":""494a3c39-9779-4e7d-8657-0669778ebdb4"",""_owner"":""284e089f-48c1-4969-b018-a9add65901a8"",""_createdDate"":""2026-03-29T10:35:45.943Z"",""fuelType"":""Βενζίνη"",""doors"":5,""luggageSmall"":2,""_updatedDate"":""2026-03-29T10:35:45.943Z"",""engineCc"":1200,""basePricePerDay"":20,""status"":""Available"",""legacyOwner"":""284e089f-48c1-4969-b018-a9add65901a8"",""luggageLarge"":2,""categoryRecordId"":""81e5ca63-92d3-4a82-ac49-987dfb6d4b9e"",""legacyCreatedAt"":""2026-02-23T11:18:57.000Z"",""seats"":5,""transmission"":""Χειροκίνητο"",""airCondition"":true,""categoryCode"":""B"",""categoryLabel"":""B -  Seat Ibiza"",""legacyUpdatedAt"":""2026-03-16T10:35:55.000Z"",""active"":true}","{""image"":""wix:image://v1/284e08_d6ec3f641551459db35a12c54dd32100~mv2.png/seat-ibiza-fr-black-edition-2025_edited_edited_edited_edited_edited.png#originWidth=1068&originHeight=586"",""_id"":""494a3c39-9779-4e7d-8657-0669778ebdb4"",""_owner"":""284e089f-48c1-4969-b018-a9add65901a8"",""_createdDate"":""2026-03-29T10:35:45.943Z"",""fuelType"":""Βενζίνη"",""doors"":""5"",""luggageSmall"":2,""_updatedDate"":""2026-04-01T14:46:13.837Z"",""engineCc"":1200,""basePricePerDay"":20,""status"":""Available"",""legacyOwner"":""284e089f-48c1-4969-b018-a9add65901a8"",""luggageLarge"":2,""categoryRecordId"":""81e5ca63-92d3-4a82-ac49-987dfb6d4b9e"",""legacyCreatedAt"":""2026-02-23T11:18:57.000Z"",""seats"":""5"",""transmission"":""Χειροκίνητο"",""airCondition"":true,""categoryCode"":""B"",""categoryLabel"":""B -  Seat Ibiza"",""legacyUpdatedAt"":""2026-03-16T10:35:55.000Z"",""active"":true,""title"":""Seat Ibiza"",""category"":""B"",""price"":20,""sortOrder"":20,""luggage"":"""",""publicVisible"":true,""badge"":"""",""description"":""""}","ckatz1995@gmail.com","Nik nik",2026-04-01T14:46:14Z,2027-04-01T14:46:14Z
,"16d3921e-e3cd-4477-b429-60f70cc0b146",2026-03-16T15:52:35Z,2026-03-16T15:52:35Z,"48ba7aa5-ed2b-43d2-bdd7-6596e6ec75a8","pricing.fleetVehicle","1503cf8d-d5d8-42b5-a918-2644c567685a","pricing.insertFleetVehicle","Νέο όχημα στόλου TEST1111 - test (A)",,"{""plate"":""TEST1111"",""model"":""test"",""category"":""A"",""categoryId"":"""",""categoryDisplayTitle"":""A"",""categoryTitle"":"""",""status"":""available"",""active"":true,""notes"":"""",""_id"":""1503cf8d-d5d8-42b5-a918-2644c567685a"",""_owner"":""48ba7aa5-ed2b-43d2-bdd7-6596e6ec75a8"",""_createdDate"":""2026-03-16T15:52:35.161Z"",""_updatedDate"":""2026-03-16T15:52:35.161Z""}","ckatz1995@gmail.com","Nik nik",2026-03-16T15:52:35Z,2027-03-16T15:52:35Z
,"17bdbc80-be81-4e42-9c52-d932c65b77e9",2026-03-16T15:30:04Z,2026-03-16T15:30:04Z,"48ba7aa5-ed2b-43d2-bdd7-6596e6ec75a8","pricing.extra","thirddriver","pricing.update","Ενημέρωση extra service Τρίτος οδηγός","{""description"":"""",""_id"":""58c0ff56-91dd-446a-80c4-10f9b855bb62"",""_owner"":""4139a8c1-c961-498e-9512-465437a7bf6c"",""_createdDate"":""2026-03-15T17:21:24.976Z"",""billingMode"":""perDay"",""price"":5,""publicVisible"":true,""label"":""Τρίτος οδηγός"",""_updatedDate"":""2026-03-16T15:25:12.381Z"",""key"":""thirddriver"",""sortOrder"":4,""title"":""Τρίτος οδηγός"",""active"":true}","{""description"":""Ο δεύτερος οδηγός παρέχεται από την εταιρία μας δωρεάν, σε περίπτωση που θέλετε να προσθέσετε 3ο οδηγό επιλέξτε το εδώ!"",""_id"":""58c0ff56-91dd-446a-80c4-10f9b855bb62"",""_owner"":""4139a8c1-c961-498e-9512-465437a7bf6c"",""_createdDate"":""2026-03-15T17:21:24.976Z"",""billingMode"":""perDay"",""price"":5,""publicVisible"":true,""label"":""Τρίτος οδηγός"",""_updatedDate"":""2026-03-16T15:30:04.007Z"",""key"":""thirddriver"",""sortOrder"":4,""title"":""Τρίτος οδηγός"",""active"":true}","ckatz1995@gmail.com","Nik nik",2026-03-16T15:30:04Z,2027-03-16T15:30:04Z
,"1bc58446-d001-4142-8980-0d0beaf9824c",2026-04-04T12:29:25Z,2026-04-04T12:29:25Z,"4139a8c1-c961-498e-9512-465437a7bf6c","pricing.pickupLocation","city_center_office_pickup","pricing.update","Ενημέρωση τοποθεσία Κέντρο Θεσσαλονίκης","{""description"":""Παραλαβή / παράδοση από το κεντρικό σημείο εξυπηρέτησης."",""_id"":""fe8e4bc4-9b1b-4dba-9369-d83ac7a68271"",""_owner"":""284e089f-48c1-4969-b018-a9add65901a8"",""_createdDate"":""2026-03-15T22:56:27.551Z"",""mapUrl"":"""",""publicVisible"":true,""label"":""Κέντρο Θεσσαλονίκης"",""_updatedDate"":""2026-03-22T10:07:58.276Z"",""key"":""city_center_office_pickup"",""extraFee"":25,""sortOrder"":20,""address"":""Θεσσαλονίκη, Κέντρο"",""locationType"":""pickup"",""active"":true}","{""description"":""Παραλαβή / παράδοση από το κεντρικό σημείο εξυπηρέτησης."",""_id"":""fe8e4bc4-9b1b-4dba-9369-d83ac7a68271"",""_owner"":""284e089f-48c1-4969-b018-a9add65901a8"",""_createdDate"":""2026-03-15T22:56:27.551Z"",""mapUrl"":"""",""publicVisible"":true,""label"":""Κέντρο Θεσσαλονίκης"",""_updatedDate"":""2026-04-04T12:29:25.051Z"",""key"":""city_center_office_pickup"",""extraFee"":25,""sortOrder"":20,""address"":""Θεσσαλονίκη, Κέντρο"",""locationType"":""pickup"",""active"":true,""stationKey"":""a"",""stationLabel"":""a""}","ckatz1995@gmail.com","Nik nik",2026-04-04T12:29:25Z,2027-04-04T12:29:25Z
,"1c832d1b-c87f-4021-b326-4ca4b8695f39",2026-04-04T12:57:42Z,2026-04-04T12:57:42Z,"4139a8c1-c961-498e-9512-465437a7bf6c","pricing.pickupLocation","ktel_thessaloniki_pickup","pricing.update","Ενημέρωση τοποθεσία ΚΤΕΛ Θεσσαλονίκης","{""stationKey"":""a"",""description"":""Παραλαβή / παράδοση στον σταθμό ΚΤΕΛ."",""_id"":""4ad387f3-6096-4659-8b8a-1575019e0343"",""_owner"":""284e089f-48c1-4969-b018-a9add65901a8"",""_createdDate"":""2026-03-15T22:56:27.550Z"",""mapUrl"":"""",""publicVisible"":true,""label"":""ΚΤΕΛ Θεσσαλονίκης"",""_updatedDate"":""2026-04-04T12:31:37.873Z"",""stationLabel"":""a"",""key"":""ktel_thessaloniki_pickup"",""extraFee"":25,""sortOrder"":40,""address"":""Σταθμός ΚΤΕΛ Μακεδονία, Θεσσαλονίκη"",""locationType"":""pickup"",""active"":true}","{""stationKey"":""default"",""description"":""Παραλαβή / παράδοση στον σταθμό ΚΤΕΛ."",""_id"":""4ad387f3-6096-4659-8b8a-1575019e0343"",""_owner"":""284e089f-48c1-4969-b018-a9add65901a8"",""_createdDate"":""2026-03-15T22:56:27.550Z"",""mapUrl"":"""",""publicVisible"":true,""label"":""ΚΤΕΛ Θεσσαλονίκης"",""_updatedDate"":""2026-04-04T12:57:42.551Z"",""stationLabel"":""SKG Thessaloniki"",""key"":""ktel_thessaloniki_pickup"",""extraFee"":25,""sortOrder"":40,""address"":""Σταθμός ΚΤΕΛ Μακεδονία, Θεσσαλονίκη"",""locationType"":""pickup"",""active"":true}","ckatz1995@gmail.com","Nik nik",2026-04-04T12:57:42Z,2027-04-04T12:57:42Z
,"1dd00986-371a-4cc6-be4c-ba16036b7d28",2026-03-17T12:27:42Z,2026-03-17T12:27:42Z,"48ba7aa5-ed2b-43d2-bdd7-6596e6ec75a8","pricing.pickupLocation","thessaloniki_airport","pricing.update","Ενημέρωση τοποθεσία Αεροδρόμιο Θεσσαλονίκης","{""description"":""Παραλαβή / παράδοση στο αεροδρόμιο SKG."",""_id"":""8d8b21f6-6a1d-414f-b222-5557e8e41038"",""_owner"":""284e089f-48c1-4969-b018-a9add65901a8"",""_createdDate"":""2026-03-15T22:56:27.552Z"",""mapUrl"":"""",""publicVisible"":true,""label"":""Αεροδρόμιο Θεσσαλονίκης"",""_updatedDate"":""2026-03-17T12:26:17.532Z"",""key"":""thessaloniki_airport"",""extraFee"":0,""sortOrder"":1,""address"":""Κρατικός Αερολιμένας Θεσσαλονίκης Μακεδονία, Θεσσαλονίκη"",""locationType"":""both"",""active"":true}","{""description"":""Παραλαβή / παράδοση στο αεροδρόμιο SKG."",""_id"":""8d8b21f6-6a1d-414f-b222-5557e8e41038"",""_owner"":""284e089f-48c1-4969-b018-a9add65901a8"",""_createdDate"":""2026-03-15T22:56:27.552Z"",""mapUrl"":"""",""publicVisible"":true,""label"":""Αεροδρόμιο Θεσσαλονίκης"",""_updatedDate"":""2026-03-17T12:27:41.949Z"",""key"":""thessaloniki_airport"",""extraFee"":0,""sortOrder"":10,""address"":""Κρατικός Αερολιμένας Θεσσαλονίκης Μακεδονία, Θεσσαλονίκη"",""locationType"":""both"",""active"":true}","ckatz1995@gmail.com","Nik nik",2026-03-17T12:27:42Z,2027-03-17T12:27:42Z
,"1fb57398-181b-4944-9c64-5a6b1fa91c87",2026-04-04T12:58:27Z,2026-04-04T12:58:27Z,"4139a8c1-c961-498e-9512-465437a7bf6c","pricing.pickupLocation","port_thessaloniki_pickup","pricing.update","Ενημέρωση τοποθεσία Λιμάνι Θεσσαλονίκης","{""stationKey"":""a"",""description"":"""",""_id"":""cf72043c-8104-4b28-9853-29863c8de94d"",""_owner"":""4139a8c1-c961-498e-9512-465437a7bf6c"",""_createdDate"":""2026-03-16T07:41:24.090Z"",""mapUrl"":"""",""publicVisible"":true,""label"":""Λιμάνι Θεσσαλονίκης"",""_updatedDate"":""2026-04-04T12:31:04.244Z"",""stationLabel"":""a"",""key"":""port_thessaloniki_pickup"",""extraFee"":25,""sortOrder"":60,""address"":""Λιμάνι Θεσσαλονίκης"",""locationType"":""pickup"",""active"":true}","{""stationKey"":""default"",""description"":"""",""_id"":""cf72043c-8104-4b28-9853-29863c8de94d"",""_owner"":""4139a8c1-c961-498e-9512-465437a7bf6c"",""_createdDate"":""2026-03-16T07:41:24.090Z"",""mapUrl"":"""",""publicVisible"":true,""label"":""Λιμάνι Θεσσαλονίκης"",""_updatedDate"":""2026-04-04T12:58:26.819Z"",""stationLabel"":""SKG Thessaloniki"",""key"":""port_thessaloniki_pickup"",""extraFee"":25,""sortOrder"":60,""address"":""Λιμάνι Θεσσαλονίκης"",""locationType"":""pickup"",""active"":true}","ckatz1995@gmail.com","Nik nik",2026-04-04T12:58:26Z,2027-04-04T12:58:26Z
,"20629647-a318-402a-b151-c0c46b1e0fbd",2026-03-30T12:27:33Z,2026-03-30T12:27:33Z,"48ba7aa5-ed2b-43d2-bdd7-6596e6ec75a8","staffAuth","ckatz1995@hotmail.com","loginFailed","Unknown or inactive user",,,"ckatz1995@hotmail.com","ckatz1995@hotmail.com",2026-03-30T12:27:33Z,2027-03-30T12:27:33Z
,"22120a48-f73d-4cea-b620-6533566e8c85",2026-03-19T10:52:31Z,2026-03-19T10:52:31Z,"4139a8c1-c961-498e-9512-465437a7bf6c","pricing.vehicleCategory","46362b25-3bbb-4d22-826d-48ae404e5e85","pricing.updateVehicleCategory","Ενημέρωση κατηγορία οχήματος A - A - Hyundai i10","{""image"":""wix:image://v1/284e08_dba46e75421b4789b78bd10e69f22a9d~mv2.png/088A11CEDC3F1467E725D3F0D6933E6990925E36D6CF380D0B651AFB39B0D59A_edited_edited_edited.png#originWidth=1611&originHeight=929"",""description"":"""",""_id"":""46362b25-3bbb-4d22-826d-48ae404e5e85"",""_owner"":""284e089f-48c1-4969-b018-a9add65901a8"",""_createdDate"":""2026-02-23T11:18:30.231Z"",""fuelType"":""Βενζίνη"",""price"":15,""doors"":""5"",""publicVisible"":true,""_updatedDate"":""2026-03-16T10:35:35.033Z"",""engineCc"":1000,""status"":""Available"",""sortOrder"":1,""badge"":"""",""category"":""A"",""title"":""A - Hyundai i10"",""seats"":""4"",""transmission"":""Χειροκίνητο"",""airCondition"":true,""luggage"":""1"",""luggage1"":1,""active"":true}","{""image"":""wix:image://v1/284e08_dba46e75421b4789b78bd10e69f22a9d~mv2.png/088A11CEDC3F1467E725D3F0D6933E6990925E36D6CF380D0B651AFB39B0D59A_edited_edited_edited.png#originWidth=1611&originHeight=929"",""description"":"""",""_id"":""46362b25-3bbb-4d22-826d-48ae404e5e85"",""_owner"":""284e089f-48c1-4969-b018-a9add65901a8"",""_createdDate"":""2026-02-23T11:18:30.231Z"",""fuelType"":""Βενζίνη"",""price"":0,""doors"":""5"",""publicVisible"":true,""_updatedDate"":""2026-03-19T10:52:31.531Z"",""engineCc"":1000,""status"":""Available"",""sortOrder"":1,""badge"":"""",""category"":""A"",""title"":""A - Hyundai i10"",""seats"":""4"",""transmission"":""Χειροκίνητο"",""airCondition"":true,""luggage"":""1"",""luggage1"":1,""active"":true}","ckatz1995@gmail.com","Nik nik",2026-03-19T10:52:31Z,2027-03-19T10:52:31Z
,"2297e897-cb5e-4910-8ae6-14e0bfcc37f8",2026-03-16T07:48:08Z,2026-03-16T07:48:08Z,"4139a8c1-c961-498e-9512-465437a7bf6c","pricing.pickupLocation","city_center_office_pickup","pricing.update","Ενημέρωση τοποθεσία Κέντρο Θεσσαλονίκης","{""description"":""Παραλαβή / παράδοση από το κεντρικό σημείο εξυπηρέτησης."",""_id"":""76292b47-aa70-4389-8f31-b37aed9d374b"",""_owner"":""4139a8c1-c961-498e-9512-465437a7bf6c"",""_createdDate"":""2026-03-16T07:43:52.892Z"",""mapUrl"":"""",""publicVisible"":true,""label"":""Κέντρο Θεσσαλονίκης Copy Copy"",""_updatedDate"":""2026-03-16T07:43:52.892Z"",""key"":""city_center_office_copy_copy"",""extraFee"":15,""sortOrder"":20,""address"":""Θεσσαλονίκη, Κέντρο"",""locationType"":""pickup"",""active"":true}","{""description"":""Παραλαβή / παράδοση από το κεντρικό σημείο εξυπηρέτησης."",""_id"":""76292b47-aa70-4389-8f31-b37aed9d374b"",""_owner"":""4139a8c1-c961-498e-9512-465437a7bf6c"",""_createdDate"":""2026-03-16T07:43:52.892Z"",""mapUrl"":"""",""publicVisible"":true,""label"":""Κέντρο Θεσσαλονίκης"",""_updatedDate"":""2026-03-16T07:48:08.096Z"",""key"":""city_center_office_pickup"",""extraFee"":15,""sortOrder"":20,""address"":""Θεσσαλονίκη, Κέντρο"",""locationType"":""pickup"",""active"":true}","ckatz1995@gmail.com","Nik nik",2026-03-16T07:48:08Z,2027-03-16T07:48:08Z
,"25abe645-2d0b-46da-ba78-aa326ffb61a6",2026-03-17T22:25:00Z,2026-03-17T22:25:00Z,"284e089f-48c1-4969-b018-a9add65901a8","pricing.businessSettings","a5128991-cf12-4a62-bcde-64e77309b454","pricing.saveBusinessSettings","Ενημέρωση business settings","{""rentalTermsIntro"":""Στην παρακάτω σελίδα συγκεντρώνονται βασικοί όροι, προϋποθέσεις και πολιτικές της ενοικίασης με μορφή εύκολη για ανάγνωση και ενημέρωση από το backroom."",""nightEndHour"":8,""bookingCanceledTriggerId"":"""",""defaultDeposit"":0,""companyPhone"":""+30 2310 000 000"",""companyAddress"":""Θεσσαλονίκη, Ελλάδα"",""_id"":""a5128991-cf12-4a62-bcde-64e77309b454"",""insuranceTermsBody"":""Η βασική κάλυψη αφορά την τυπική συμμετοχή του ενοικιαστή σύμφωνα με τους όρους της εταιρίας. Οι επιπλέον καλύψεις μειώνουν ή περιορίζουν την ευθύνη ανάλογα με το πρόγραμμα που θα επιλεγεί. Πριν από την τελική παράδοση του οχήματος, η ομάδα μας επιβεβαιώνει ξανά τις καλύψεις, τις εξαιρέσεις και το ύψος της συμμετοχής. Δεν καλύπτονται περιστατικά που προκύπτουν από παραβίαση του ΚΟΚ, οδήγηση υπό επήρεια, μη εξουσιοδοτημένο οδηγό, απώλεια κλειδιών ή εγγράφων και χρήση του οχήματος εκτός των συμφωνημένων όρων. Οι πληροφορίες της σελίδας έχουν ενημερωτικό χαρακτήρα και υπερισχύουν οι τελικοί όροι που επιβεβαιώνονται από την εταιρία πριν την παραλαβή."",""_owner"":""284e089f-48c1-4969-b018-a9add65901a8"",""_createdDate"":""2026-03-15T14:21:47.499Z"",""insuranceTermsIntro"":""Οι ασφαλιστικές επιλογές και οι σχετικοί όροι παρουσιάζονται με απλό τρόπο πριν από την ολοκλήρωση της κράτησης."",""insuranceDetailsTitle"":""Λεπτομέρειες ασφαλιστικών επιλογών"",""insuranceDetailsIntro"":""Παρακάτω βλέπεις συνοπτικά τις επιλογές κάλυψης που χρησιμοποιούνται στο front booking flow."",""insuranceDetailsBody"":""Το CDW αποτελεί τη βασική κάλυψη χωρίς επιπλέον ημερήσια χρέωση. Το SCDW μειώνει περαιτέρω την οικονομική έκθεση του οδηγού, ενώ το FULL παρέχει την πιο ενισχυμένη επιλογή προστασίας που εμφανίζεται στο backroom και στο booking flow. Για κάθε κράτηση, το τελικό πρόγραμμα ασφάλισης, οι χρεώσεις και οι εξαιρέσεις επιβεβαιώνονται από την ομάδα μας πριν από την παράδοση."",""rentalPrivacyBody"":""Τα προσωπικά δεδομένα χρησιμοποιούνται αποκλειστικά για την εξυπηρέτηση της κράτησης, την επικοινωνία με τον πελάτη και την εκπλήρωση νομικών ή φορολογικών υποχρεώσεων της εταιρίας. Για ειδικά αιτήματα, διορθώσεις στοιχείων ή απορίες σχετικά με την επεξεργασία δεδομένων, ο πελάτης μπορεί να επικοινωνεί με την εταιρία στα διαθέσιμα στοιχεία επικοινωνίας."",""nightStartHour"":22,""_updatedDate"":""2026-03-17T11:30:41.535Z"",""allowOverbooking"":true,""companyName"":""DIAMOND Rent A Car"",""insuranceTermsTitle"":""Όροι και λεπτομέρειες ασφαλειών"",""rentalTermsTitle"":""Όροι ενοικίασης και πολιτικές"",""companyCity"":""Thessaloniki"",""bookingConfirmedTriggerId"":"""",""currency"":""EUR"",""footerNote"":""Επαγγελματική εμπειρία ενοικίασης οχήματος με καθαρή ροή κράτησης, ξεκάθαρη τιμολόγηση και προσωπική επιβεβαίωση."",""title"":""Default business settings"",""companyEmail"":""info@diamondrentacar.gr"",""companyTagline"":""Ενοικίαση οχημάτων στη Θεσσαλονίκη με καθαρή διαδικασία και γρήγορη επιβεβαίωση."",""rentalTermsBody"":""Η ενοικίαση ολοκληρώνεται μόνο μετά από επιβεβαίωση της διαθεσιμότητας από την εταιρία και έλεγχο των στοιχείων του οδηγού. Η εταιρία διατηρεί το δικαίωμα να προτείνει ισοδύναμο όχημα ίδιας ή ανώτερης κατηγορίας όταν αυτό απαιτηθεί από λειτουργικούς λόγους, χωρίς πρόσθετη χρέωση για τον πελάτη."",""vatRate"":24,""rentalRequirementsBody"":""Ο κύριος οδηγός οφείλει να διαθέτει ισχύουσα άδεια οδήγησης, ταυτότητα ή διαβατήριο και κάρτα ή άλλο μέσο πληρωμής αποδεκτό από την εταιρία. Ελάχιστη ηλικία, έτη κατοχής διπλώματος, εγγύηση και τυχόν επασφάλιστρα εξαρτώνται από την κατηγορία οχήματος και την τελική επιβεβαίωση της κράτησης."",""rentalPoliciesBody"":""Η πολιτική καυσίμου, οι ώρες παράδοσης και παραλαβής, οι χρεώσεις εκτός ωραρίου, οι ακυρώσεις, οι καθυστερήσεις και οι όροι επέκτασης της μίσθωσης επιβεβαιώνονται πριν την παράδοση. Τυχόν ζημιές, πρόστιμα, απώλειες εξοπλισμού ή χρήση του οχήματος κατά παράβαση των συμφωνημένων όρων βαρύνουν τον ενοικιαστή σύμφωνα με την τελική σύμβαση."",""active"":true}","{""rentalTermsIntro"":""Στην παρακάτω σελίδα συγκεντρώνονται βασικοί όροι, προϋποθέσεις και πολιτικές της ενοικίασης με μορφή εύκολη για ανάγνωση και ενημέρωση από το backroom."",""nightEndHour"":8,""bookingCanceledTriggerId"":"""",""defaultDeposit"":0,""companyPhone"":""+30 2310 000 000"",""companyAddress"":""Θεσσαλονίκη, Ελλάδα"",""_id"":""a5128991-cf12-4a62-bcde-64e77309b454"",""insuranceTermsBody"":""Η βασική κάλυψη αφορά την τυπική συμμετοχή του ενοικιαστή σύμφωνα με τους όρους της εταιρίας. Οι επιπλέον καλύψεις μειώνουν ή περιορίζουν την ευθύνη ανάλογα με το πρόγραμμα που θα επιλεγεί. Πριν από την τελική παράδοση του οχήματος, η ομάδα μας επιβεβαιώνει ξανά τις καλύψεις, τις εξαιρέσεις και το ύψος της συμμετοχής. Δεν καλύπτονται περιστατικά που προκύπτουν από παραβίαση του ΚΟΚ, οδήγηση υπό επήρεια, μη εξουσιοδοτημένο οδηγό, απώλεια κλειδιών ή εγγράφων και χρήση του οχήματος εκτός των συμφωνημένων όρων. Οι πληροφορίες της σελίδας έχουν ενημερωτικό χαρακτήρα και υπερισχύουν οι τελικοί όροι που επιβεβαιώνονται από την εταιρία πριν την παραλαβή."",""_owner"":""284e089f-48c1-4969-b018-a9add65901a8"",""_createdDate"":""2026-03-15T14:21:47.499Z"",""insuranceTermsIntro"":""Οι ασφαλιστικές επιλογές και οι σχετικοί όροι παρουσιάζονται με απλό τρόπο πριν από την ολοκλήρωση της κράτησης."",""insuranceDetailsTitle"":""Λεπτομέρειες ασφαλιστικών επιλογών"",""insuranceDetailsIntro"":""Παρακάτω βλέπεις συνοπτικά τις επιλογές κάλυψης που χρησιμοποιούνται στο front booking flow."",""insuranceDetailsBody"":""Το CDW αποτελεί τη βασική κάλυψη χωρίς επιπλέον ημερήσια χρέωση. Το SCDW μειώνει περαιτέρω την οικονομική έκθεση του οδηγού, ενώ το FULL παρέχει την πιο ενισχυμένη επιλογή προστασίας που εμφανίζεται στο backroom και στο booking flow. Για κάθε κράτηση, το τελικό πρόγραμμα ασφάλισης, οι χρεώσεις και οι εξαιρέσεις επιβεβαιώνονται από την ομάδα μας πριν από την παράδοση."",""rentalPrivacyBody"":""Τα προσωπικά δεδομένα χρησιμοποιούνται αποκλειστικά για την εξυπηρέτηση της κράτησης, την επικοινωνία με τον πελάτη και την εκπλήρωση νομικών ή φορολογικών υποχρεώσεων της εταιρίας. Για ειδικά αιτήματα, διορθώσεις στοιχείων ή απορίες σχετικά με την επεξεργασία δεδομένων, ο πελάτης μπορεί να επικοινωνεί με την εταιρία στα διαθέσιμα στοιχεία επικοινωνίας."",""nightStartHour"":22,""_updatedDate"":""2026-03-17T22:25:00.197Z"",""allowOverbooking"":true,""companyName"":""DIAMOND Rent A Car"",""insuranceTermsTitle"":""Όροι και λεπτομέρειες ασφαλειών"",""rentalTermsTitle"":""Όροι ενοικίασης και πολιτικές"",""companyCity"":""Thessaloniki"",""bookingConfirmedTriggerId"":"""",""currency"":""EUR"",""footerNote"":""Επαγγελματική εμπειρία ενοικίασης οχήματος με καθαρή ροή κράτησης, ξεκάθαρη τιμολόγηση και προσωπική επιβεβαίωση."",""title"":""Default business settings"",""companyEmail"":""info@diamondrentacar.gr"",""companyTagline"":""Ενοικίαση οχημάτων στη Θεσσαλονίκη με καθαρή διαδικασία και γρήγορη επιβεβαίωση."",""rentalTermsBody"":""Η ενοικίαση ολοκληρώνεται μόνο μετά από επιβεβαίωση της διαθεσιμότητας από την εταιρία και έλεγχο των στοιχείων του οδηγού. Η εταιρία διατηρεί το δικαίωμα να προτείνει ισοδύναμο όχημα ίδιας ή ανώτερης κατηγορίας όταν αυτό απαιτηθεί από λειτουργικούς λόγους, χωρίς πρόσθετη χρέωση για τον πελάτη."",""vatRate"":24,""rentalRequirementsBody"":""Ο κύριος οδηγός οφείλει να διαθέτει ισχύουσα άδεια οδήγησης, ταυτότητα ή διαβατήριο και κάρτα ή άλλο μέσο πληρωμής αποδεκτό από την εταιρία. Ελάχιστη ηλικία, έτη κατοχής διπλώματος, εγγύηση και τυχόν επασφάλιστρα εξαρτώνται από την κατηγορία οχήματος και την τελική επιβεβαίωση της κράτησης."",""rentalPoliciesBody"":""Η πολιτική καυσίμου, οι ώρες παράδοσης και παραλαβής, οι χρεώσεις εκτός ωραρίου, οι ακυρώσεις, οι καθυστερήσεις και οι όροι επέκτασης της μίσθωσης επιβεβαιώνονται πριν την παράδοση. Τυχόν ζημιές, πρόστιμα, απώλειες εξοπλισμού ή χρήση του οχήματος κατά παράβαση των συμφωνημένων όρων βαρύνουν τον ενοικιαστή σύμφωνα με την τελική σύμβαση."",""active"":true,""enableTriggeredEmails"":false,""vehiclesPageDisplayMode"":""models"",""vehiclesPageModelsSource"":""fleet""}","ckatz1995@gmail.com","Nik nik",2026-03-17T22:25:00Z,2027-03-17T22:25:00Z
,"25d1ace0-0b85-4d3a-9927-6c60e7fc3fbe",2026-03-16T15:28:46Z,2026-03-16T15:28:46Z,"48ba7aa5-ed2b-43d2-bdd7-6596e6ec75a8","pricing.extra","child","pricing.update","Ενημέρωση extra service Παιδικό κάθισμα","{""description"":""Πρακτική επιλογή για ταξίδια με παιδιά και σωστή ασφάλιση."",""_id"":""5b129d48-22f4-4295-a9cf-e124426f5231"",""_owner"":""284e089f-48c1-4969-b018-a9add65901a8"",""_createdDate"":""2026-03-15T14:22:55.056Z"",""billingMode"":""perDay"",""price"":5,""publicVisible"":true,""label"":""Παιδικό κάθισμα"",""_updatedDate"":""2026-03-15T16:54:40.771Z"",""key"":""child"",""sortOrder"":2,""title"":""Παιδικό κάθισμα"",""active"":true}","{""description"":""1 - 4 Ετών"",""_id"":""5b129d48-22f4-4295-a9cf-e124426f5231"",""_owner"":""284e089f-48c1-4969-b018-a9add65901a8"",""_createdDate"":""2026-03-15T14:22:55.056Z"",""billingMode"":""perDay"",""price"":5,""publicVisible"":true,""label"":""Παιδικό κάθισμα"",""_updatedDate"":""2026-03-16T15:28:46.011Z"",""key"":""child"",""sortOrder"":2,""title"":""Παιδικό κάθισμα"",""active"":true}","ckatz1995@gmail.com","Nik nik",2026-03-16T15:28:46Z,2027-03-16T15:28:46Z
,"25d9398d-2b9b-432f-a921-60d4b8befc0e",2026-03-16T06:58:39Z,2026-03-16T06:58:39Z,"4139a8c1-c961-498e-9512-465437a7bf6c","pricing.fee","normaldriver","pricing.update","Ενημέρωση fee rule NormalDriver","{""audienceGroup"":""23-69"",""description"":"""",""_id"":""15c175bb-eddc-488f-a154-d3dfd250d413"",""_owner"":""4139a8c1-c961-498e-9512-465437a7bf6c"",""_createdDate"":""2026-03-16T06:58:16.226Z"",""billingMode"":""perBooking"",""publicVisible"":true,""label"":""NormalDriver"",""_updatedDate"":""2026-03-16T06:58:16.226Z"",""ruleType"":""ageRange"",""amount"":0,""key"":""normaldriver"",""sortOrder"":9999,""title"":""NormalDriver"",""active"":true}","{""audienceGroup"":""23-69"",""description"":"""",""_id"":""15c175bb-eddc-488f-a154-d3dfd250d413"",""_owner"":""4139a8c1-c961-498e-9512-465437a7bf6c"",""_createdDate"":""2026-03-16T06:58:16.226Z"",""billingMode"":""perBooking"",""publicVisible"":true,""label"":""NormalDriver"",""_updatedDate"":""2026-03-16T06:58:38.980Z"",""ruleType"":""ageRange"",""amount"":0,""key"":""normaldriver"",""sortOrder"":15,""title"":""NormalDriver"",""active"":true}","ckatz1995@gmail.com","Nik nik",2026-03-16T06:58:39Z,2027-03-16T06:58:39Z
,"269714e6-ab6d-48a4-b5ee-cf491973c792",2026-03-22T10:10:30Z,2026-03-22T10:10:30Z,"4139a8c1-c961-498e-9512-465437a7bf6c","pricing.fleetVehicle","02a4bf5d-2644-4c5b-ab43-def409aaa60f","pricing.updateFleetVehicle","Ενημέρωση όχημα στόλου ΝΗΧ1234 - Up (A)","{""plate"":""ΝΗΧ1234"",""categoryId"":"""",""categoryDisplayTitle"":""A"",""model"":""Panda"",""_id"":""02a4bf5d-2644-4c5b-ab43-def409aaa60f"",""_owner"":""48ba7aa5-ed2b-43d2-bdd7-6596e6ec75a8"",""_createdDate"":""2026-03-16T16:33:46.057Z"",""categoryTitle"":"""",""_updatedDate"":""2026-03-16T16:34:48.738Z"",""status"":""available"",""category"":""A"",""notes"":"""",""active"":true}","{""plate"":""ΝΗΧ1234"",""categoryId"":"""",""categoryDisplayTitle"":""A"",""model"":""Up"",""_id"":""02a4bf5d-2644-4c5b-ab43-def409aaa60f"",""_owner"":""48ba7aa5-ed2b-43d2-bdd7-6596e6ec75a8"",""_createdDate"":""2026-03-16T16:33:46.057Z"",""categoryTitle"":"""",""_updatedDate"":""2026-03-22T10:10:30.275Z"",""status"":""available"",""category"":""A"",""notes"":"""",""active"":true}","ckatz1995@gmail.com","Nik nik",2026-03-22T10:10:30Z,2027-03-22T10:10:30Z
,"26e99d8c-0a7d-41ba-ad77-e81fba3ae3af",2026-03-16T15:53:54Z,2026-03-16T15:53:54Z,"48ba7aa5-ed2b-43d2-bdd7-6596e6ec75a8","pricing.fleetVehicle","066a34ee-fb72-4d84-b236-34227de122ec","pricing.updateFleetVehicle","Ενημέρωση όχημα στόλου MNA 2220 - i10 (A)","{""plate"":""MNA 2220"",""model"":""i10"",""_id"":""066a34ee-fb72-4d84-b236-34227de122ec"",""_owner"":""284e089f-48c1-4969-b018-a9add65901a8"",""_createdDate"":""2026-02-26T07:08:35.768Z"",""_updatedDate"":""2026-03-01T21:17:47.663Z"",""miliage"":1000,""status"":""Available"",""category"":""46362b25-3bbb-4d22-826d-48ae404e5e85"",""title"":""MNA 2220"",""active"":true}","{""plate"":""MNA 2220"",""model"":""i10"",""_id"":""066a34ee-fb72-4d84-b236-34227de122ec"",""_owner"":""284e089f-48c1-4969-b018-a9add65901a8"",""_createdDate"":""2026-02-26T07:08:35.768Z"",""_updatedDate"":""2026-03-16T15:53:53.828Z"",""miliage"":1000,""status"":""available"",""category"":""A"",""title"":""MNA 2220"",""active"":true,""categoryId"":"""",""categoryDisplayTitle"":""A"",""categoryTitle"":"""",""notes"":""""}","ckatz1995@gmail.com","Nik nik",2026-03-16T15:53:53Z,2027-03-16T15:53:53Z
,"27260f69-a694-49c7-8af0-14b4c8c54e10",2026-05-24T10:17:33Z,2026-05-24T10:17:33Z,"48ba7aa5-ed2b-43d2-bdd7-6596e6ec75a8","staffAuth","ckatz1995@gmail.com","loginSuccess","Backroom login",,,"ckatz1995@gmail.com","Nik nik",2026-05-24T10:17:33Z,2027-05-24T10:17:33Z
,"27462382-9ee8-45d1-b4d5-b84e5c2e4e41",2026-04-03T07:39:51Z,2026-04-03T07:39:51Z,"4139a8c1-c961-498e-9512-465437a7bf6c","staffAuth","ckatz1995@gmail.com","loginSuccess","Backroom login",,,"ckatz1995@gmail.com","Nik nik",2026-04-03T07:39:51Z,2027-04-03T07:39:51Z
,"2775b867-fd0b-4061-ad8d-52e1e0ccbfbb",2026-03-17T12:27:18Z,2026-03-17T12:27:18Z,"48ba7aa5-ed2b-43d2-bdd7-6596e6ec75a8","pricing.pickupLocation","port_thessaloniki","pricing.update","Ενημέρωση τοποθεσία Λιμάνι Θεσσαλονίκης","{""description"":"""",""_id"":""cf72043c-8104-4b28-9853-29863c8de94d"",""_owner"":""4139a8c1-c961-498e-9512-465437a7bf6c"",""_createdDate"":""2026-03-16T07:41:24.090Z"",""mapUrl"":"""",""publicVisible"":true,""label"":""Λιμάνι Θεσσαλονίκης"",""_updatedDate"":""2026-03-16T07:41:24.090Z"",""key"":""port_thessaloniki"",""extraFee"":40,""sortOrder"":9999,""address"":""Λιμάνι Θεσσαλονίκης"",""locationType"":""both"",""active"":true}","{""description"":"""",""_id"":""cf72043c-8104-4b28-9853-29863c8de94d"",""_owner"":""4139a8c1-c961-498e-9512-465437a7bf6c"",""_createdDate"":""2026-03-16T07:41:24.090Z"",""mapUrl"":"""",""publicVisible"":true,""label"":""Λιμάνι Θεσσαλονίκης"",""_updatedDate"":""2026-03-17T12:27:18.418Z"",""key"":""port_thessaloniki"",""extraFee"":40,""sortOrder"":6,""address"":""Λιμάνι Θεσσαλονίκης"",""locationType"":""both"",""active"":true}","ckatz1995@gmail.com","Nik nik",2026-03-17T12:27:18Z,2027-03-17T12:27:18Z
,"2788e873-c090-492e-86e8-77cdf13333ed",2026-03-17T12:28:27Z,2026-03-17T12:28:27Z,"48ba7aa5-ed2b-43d2-bdd7-6596e6ec75a8","pricing.pickupLocation","ose_thessaloniki","pricing.update","Ενημέρωση τοποθεσία ΟΣΕ Θεσσαλονίκης","{""description"":"""",""_id"":""dd0bb313-76aa-4dce-9f2c-aeed3bccc98b"",""_owner"":""4139a8c1-c961-498e-9512-465437a7bf6c"",""_createdDate"":""2026-03-16T07:40:25.705Z"",""mapUrl"":"""",""publicVisible"":true,""label"":""ΟΣΕ Θεσσαλονίκης"",""_updatedDate"":""2026-03-17T12:27:27.348Z"",""key"":""ose_thessaloniki"",""extraFee"":40,""sortOrder"":7,""address"":""Σιδηροδρομικός Σταθμός Θεσσαλονίκης"",""locationType"":""both"",""active"":true}","{""description"":"""",""_id"":""dd0bb313-76aa-4dce-9f2c-aeed3bccc98b"",""_owner"":""4139a8c1-c961-498e-9512-465437a7bf6c"",""_createdDate"":""2026-03-16T07:40:25.705Z"",""mapUrl"":"""",""publicVisible"":true,""label"":""ΟΣΕ Θεσσαλονίκης"",""_updatedDate"":""2026-03-17T12:28:27.709Z"",""key"":""ose_thessaloniki"",""extraFee"":40,""sortOrder"":70,""address"":""Σιδηροδρομικός Σταθμός Θεσσαλονίκης"",""locationType"":""both"",""active"":true}","ckatz1995@gmail.com","Nik nik",2026-03-17T12:28:27Z,2027-03-17T12:28:27Z
,"27d5ae96-b5f0-4e2a-bc8b-a4d501d785db",2026-03-22T10:00:41Z,2026-03-22T10:00:41Z,"4139a8c1-c961-498e-9512-465437a7bf6c","pricing.pickupLocation","ktel_thessaloniki_pickup","pricing.update","Ενημέρωση τοποθεσία ΚΤΕΛ Θεσσαλονίκης","{""description"":""Παραλαβή / παράδοση στον σταθμό ΚΤΕΛ."",""_id"":""4ad387f3-6096-4659-8b8a-1575019e0343"",""_owner"":""284e089f-48c1-4969-b018-a9add65901a8"",""_createdDate"":""2026-03-15T22:56:27.550Z"",""mapUrl"":"""",""publicVisible"":true,""label"":""ΚΤΕΛ Θεσσαλονίκης"",""_updatedDate"":""2026-03-22T09:59:46.309Z"",""key"":""ktel_thessaloniki"",""extraFee"":20,""sortOrder"":40,""address"":""Σταθμός ΚΤΕΛ Μακεδονία, Θεσσαλονίκη"",""locationType"":""pickup"",""active"":true}","{""description"":""Παραλαβή / παράδοση στον σταθμό ΚΤΕΛ."",""_id"":""4ad387f3-6096-4659-8b8a-1575019e0343"",""_owner"":""284e089f-48c1-4969-b018-a9add65901a8"",""_createdDate"":""2026-03-15T22:56:27.550Z"",""mapUrl"":"""",""publicVisible"":true,""label"":""ΚΤΕΛ Θεσσαλονίκης"",""_updatedDate"":""2026-03-22T10:00:41.084Z"",""key"":""ktel_thessaloniki_pickup"",""extraFee"":20,""sortOrder"":40,""address"":""Σταθμός ΚΤΕΛ Μακεδονία, Θεσσαλονίκη"",""locationType"":""pickup"",""active"":true}","ckatz1995@gmail.com","Nik nik",2026-03-22T10:00:41Z,2027-03-22T10:00:41Z
,"27e11058-f0b3-4ebb-a496-73f784c08e95",2026-04-04T12:47:47Z,2026-04-04T12:47:47Z,"4139a8c1-c961-498e-9512-465437a7bf6c","pricing.businessSettings","a5128991-cf12-4a62-bcde-64e77309b454","pricing.saveBusinessSettings","Ενημέρωση business settings","{""stationSettings"":{""ath"":{""vehiclesPageModelsSource"":""fleet"",""rentalTermsIntro"":""Στην παρακάτω σελίδα συγκεντρώνονται βασικοί όροι, προϋποθέσεις και πολιτικές της ενοικίασης με μορφή εύκολη για ανάγνωση και ενημέρωση από το backroom."",""nightEndHour"":8,""stationProfiles"":[{""key"":""default"",""label"":""Κεντρικός σταθμός"",""description"":""""},{""key"":""ath"",""label"":""ATH Athens"",""description"":""""}],""bookingCanceledTriggerId"":"""",""defaultDeposit"":0,""operatingHoursLabel"":""08:00 - 22:00"",""companyPhone"":""+30 2310 000 000"",""companyAddress"":""Θεσσαλονίκη, Ελλάδα"",""insuranceTermsBody"":""Η βασική κάλυψη αφορά την τυπική συμμετοχή του ενοικιαστή σύμφωνα με τους όρους της εταιρίας. Οι επιπλέον καλύψεις μειώνουν ή περιορίζουν την ευθύνη ανάλογα με το πρόγραμμα που θα επιλεγεί. Πριν από την τελική παράδοση του οχήματος, η ομάδα μας επιβεβαιώνει ξανά τις καλύψεις, τις εξαιρέσεις και το ύψος της συμμετοχής. Δεν καλύπτονται περιστατικά που προκύπτουν από παραβίαση του ΚΟΚ, οδήγηση υπό επήρεια, μη εξουσιοδοτημένο οδηγό, απώλεια κλειδιών ή εγγράφων και χρήση του οχήματος εκτός των συμφωνημένων όρων. Οι πληροφορίες της σελίδας έχουν ενημερωτικό χαρακτήρα και υπερισχύουν οι τελικοί όροι που επιβεβαιώνονται από την εταιρία πριν την παραλαβή."",""insuranceTermsIntro"":""Οι ασφαλιστικές επιλογές και οι σχετικοί όροι παρουσιάζονται με απλό τρόπο πριν από την ολοκλήρωση της κράτησης."",""insuranceDetailsTitle"":""Λεπτομέρειες ασφαλιστικών επιλογών"",""insuranceDetailsIntro"":""Παρακάτω βλέπεις συνοπτικά τις επιλογές κάλυψης που χρησιμοποιούνται στο front booking flow."",""insuranceDetailsBody"":""Το CDW αποτελεί τη βασική κάλυψη χωρίς επιπλέον ημερήσια χρέωση. Το SCDW μειώνει περαιτέρω την οικονομική έκθεση του οδηγού, ενώ το FULL παρέχει την πιο ενισχυμένη επιλογή προστασίας που εμφανίζεται στο backroom και στο booking flow. Για κάθε κράτηση, το τελικό πρόγραμμα ασφάλισης, οι χρεώσεις και οι εξαιρέσεις επιβεβαιώνονται από την ομάδα μας πριν από την παράδοση."",""rentalPrivacyBody"":""Τα προσωπικά δεδομένα χρησιμοποιούνται αποκλειστικά για την εξυπηρέτηση της κράτησης, την επικοινωνία με τον πελάτη και την εκπλήρωση νομικών ή φορολογικών υποχρεώσεων της εταιρίας. Για ειδικά αιτήματα, διορθώσεις στοιχείων ή απορίες σχετικά με την επεξεργασία δεδομένων, ο πελάτης μπορεί να επικοινωνεί με την εταιρία στα διαθέσιμα στοιχεία επικοινωνίας."",""nightStartHour"":22,""allowOverbooking"":true,""companyName"":""DIAMOND Rent A Car"",""insuranceTermsTitle"":""Όροι και λεπτομέρειες ασφαλειών"",""rentalTermsTitle"":""Όροι ενοικίασης και πολιτικές"",""companyCity"":""Thessaloniki"",""bookingConfirmedTriggerId"":"""",""currency"":""EUR"",""footerNote"":""Επαγγελματική εμπειρία ενοικίασης οχήματος με καθαρή ροή κράτησης, ξεκάθαρη τιμολόγηση και προσωπική επιβεβαίωση."",""title"":""Business settings"",""companyEmail"":""info@diamondrentacar.gr"",""companyTagline"":""Ενοικίαση οχημάτων στη Θεσσαλονίκη με καθαρή διαδικασία και γρήγορη επιβεβαίωση."",""rentalTermsBody"":""Η ενοικίαση ολοκληρώνεται μόνο μετά από επιβεβαίωση της διαθεσιμότητας από την εταιρία και έλεγχο των στοιχείων του οδηγού. Η εταιρία διατηρεί το δικαίωμα να προτείνει ισοδύναμο όχημα ίδιας ή ανώτερης κατηγορίας όταν αυτό απαιτηθεί από λειτουργικούς λόγους, χωρίς πρόσθετη χρέωση για τον πελάτη."",""vatRate"":24,""rentalRequirementsBody"":""Ο κύριος οδηγός οφείλει να διαθέτει ισχύουσα άδεια οδήγησης, ταυτότητα ή διαβατήριο και κάρτα ή άλλο μέσο πληρωμής αποδεκτό από την εταιρία. Ελάχιστη ηλικία, έτη κατοχής διπλώματος, εγγύηση και τυχόν επασφάλιστρα εξαρτώνται από την κατηγορία οχήματος και την τελική επιβεβαίωση της κράτησης."",""vehiclesPageDisplayMode"":""categories"",""enableTriggeredEmails"":false,""rentalPoliciesBody"":""Η πολιτική καυσίμου, οι ώρες παράδοσης και παραλαβής, οι χρεώσεις εκτός ωραρίου, οι ακυρώσεις, οι καθυστερήσεις και οι όροι επέκτασης της μίσθωσης επιβεβαιώνονται πριν την παράδοση. Τυχόν ζημιές, πρόστιμα, απώλειες εξοπλισμού ή χρήση του οχήματος κατά παράβαση των συμφωνημένων όρων βαρύνουν τον ενοικιαστή σύμφωνα με την τελική σύμβαση."",""active"":true,""afterHoursNotice"":""Για εξυπηρέτηση εκτός ωραρίου ισχύουν επιπλέον χρεώσεις.""},""skg"":{""vehiclesPageModelsSource"":""fleet"",""rentalTermsIntro"":""Στην παρακάτω σελίδα συγκεντρώνονται βασικοί όροι, προϋποθέσεις και πολιτικές της ενοικίασης με μορφή εύκολη για ανάγνωση και ενημέρωση από το backroom."",""nightEndHour"":8,""stationProfiles"":[{""key"":""a"",""label"":""a"",""description"":""""},{""key"":""ath"",""label"":""ATH Athens"",""description"":""""},{""key"":""skg"",""label"":""SKG Thessaloniki"",""description"":""""}],""bookingCanceledTriggerId"":"""",""defaultDeposit"":0,""operatingHoursLabel"":""08:00 - 22:00"",""companyPhone"":""+30 2310 000 000"",""companyAddress"":""Θεσσαλονίκη, Ελλάδα"",""insuranceTermsBody"":""Η βασική κάλυψη αφορά την τυπική συμμετοχή του ενοικιαστή σύμφωνα με τους όρους της εταιρίας. Οι επιπλέον καλύψεις μειώνουν ή περιορίζουν την ευθύνη ανάλογα με το πρόγραμμα που θα επιλεγεί. Πριν από την τελική παράδοση του οχήματος, η ομάδα μας επιβεβαιώνει ξανά τις καλύψεις, τις εξαιρέσεις και το ύψος της συμμετοχής. Δεν καλύπτονται περιστατικά που προκύπτουν από παραβίαση του ΚΟΚ, οδήγηση υπό επήρεια, μη εξουσιοδοτημένο οδηγό, απώλεια κλειδιών ή εγγράφων και χρήση του οχήματος εκτός των συμφωνημένων όρων. Οι πληροφορίες της σελίδας έχουν ενημερωτικό χαρακτήρα και υπερισχύουν οι τελικοί όροι που επιβεβαιώνονται από την εταιρία πριν την παραλαβή."",""insuranceTermsIntro"":""Οι ασφαλιστικές επιλογές και οι σχετικοί όροι παρουσιάζονται με απλό τρόπο πριν από την ολοκλήρωση της κράτησης."",""insuranceDetailsTitle"":""Λεπτομέρειες ασφαλιστικών επιλογών"",""insuranceDetailsIntro"":""Παρακάτω βλέπεις συνοπτικά τις επιλογές κάλυψης που χρησιμοποιούνται στο front booking flow."",""insuranceDetailsBody"":""Το CDW αποτελεί τη βασική κάλυψη χωρίς επιπλέον ημερήσια χρέωση. Το SCDW μειώνει περαιτέρω την οικονομική έκθεση του οδηγού, ενώ το FULL παρέχει την πιο ενισχυμένη επιλογή προστασίας που εμφανίζεται στο backroom και στο booking flow. Για κάθε κράτηση, το τελικό πρόγραμμα ασφάλισης, οι χρεώσεις και οι εξαιρέσεις επιβεβαιώνονται από την ομάδα μας πριν από την παράδοση."",""rentalPrivacyBody"":""Τα προσωπικά δεδομένα χρησιμοποιούνται αποκλειστικά για την εξυπηρέτηση της κράτησης, την επικοινωνία με τον πελάτη και την εκπλήρωση νομικών ή φορολογικών υποχρεώσεων της εταιρίας. Για ειδικά αιτήματα, διορθώσεις στοιχείων ή απορίες σχετικά με την επεξεργασία δεδομένων, ο πελάτης μπορεί να επικοινωνεί με την εταιρία στα διαθέσιμα στοιχεία επικοινωνίας."",""nightStartHour"":22,""allowOverbooking"":true,""companyName"":""DIAMOND Rent A Car"",""insuranceTermsTitle"":""Όροι και λεπτομέρειες ασφαλειών"",""rentalTermsTitle"":""Όροι ενοικίασης και πολιτικές"",""companyCity"":""Thessaloniki"",""bookingConfirmedTriggerId"":"""",""currency"":""EUR"",""footerNote"":""Επαγγελματική εμπειρία ενοικίασης οχήματος με καθαρή ροή κράτησης, ξεκάθαρη τιμολόγηση και προσωπική επιβεβαίωση."",""title"":""Business settings"",""companyEmail"":""info@diamondrentacar.gr"",""companyTagline"":""Ενοικίαση οχημάτων στη Θεσσαλονίκη με καθαρή διαδικασία και γρήγορη επιβεβαίωση."",""rentalTermsBody"":""Η ενοικίαση ολοκληρώνεται μόνο μετά από επιβεβαίωση της διαθεσιμότητας από την εταιρία και έλεγχο των στοιχείων του οδηγού. Η εταιρία διατηρεί το δικαίωμα να προτείνει ισοδύναμο όχημα ίδιας ή ανώτερης κατηγορίας όταν αυτό απαιτηθεί από λειτουργικούς λόγους, χωρίς πρόσθετη χρέωση για τον πελάτη."",""vatRate"":24,""rentalRequirementsBody"":""Ο κύριος οδηγός οφείλει να διαθέτει ισχύουσα άδεια οδήγησης, ταυτότητα ή διαβατήριο και κάρτα ή άλλο μέσο πληρωμής αποδεκτό από την εταιρία. Ελάχιστη ηλικία, έτη κατοχής διπλώματος, εγγύηση και τυχόν επασφάλιστρα εξαρτώνται από την κατηγορία οχήματος και την τελική επιβεβαίωση της κράτησης."",""vehiclesPageDisplayMode"":""categories"",""enableTriggeredEmails"":false,""rentalPoliciesBody"":""Η πολιτική καυσίμου, οι ώρες παράδοσης και παραλαβής, οι χρεώσεις εκτός ωραρίου, οι ακυρώσεις, οι καθυστερήσεις και οι όροι επέκτασης της μίσθωσης επιβεβαιώνονται πριν την παράδοση. Τυχόν ζημιές, πρόστιμα, απώλειες εξοπλισμού ή χρήση του οχήματος κατά παράβαση των συμφωνημένων όρων βαρύνουν τον ενοικιαστή σύμφωνα με την τελική σύμβαση."",""active"":true,""afterHoursNotice"":""Για εξυπηρέτηση εκτός ωραρίου ισχύουν επιπλέον χρεώσεις.""}},""vehiclesPageModelsSource"":""fleet"",""rentalTermsIntro"":""Στην παρακάτω σελίδα συγκεντρώνονται βασικοί όροι, προϋποθέσεις και πολιτικές της ενοικίασης με μορφή εύκολη για ανάγνωση και ενημέρωση από το backroom."",""nightEndHour"":8,""stationProfiles"":[{""key"":""default"",""label"":""Κεντρικός σταθμός"",""description"":""""},{""key"":""a"",""label"":""a"",""description"":""""},{""key"":""ath"",""label"":""ATH Athens"",""description"":""""},{""key"":""skg"",""label"":""SKG Thessaloniki"",""description"":""""}],""bookingCanceledTriggerId"":"""",""defaultDeposit"":0,""operatingHoursLabel"":""08:00 - 22:00"",""companyPhone"":""+30 2310 000 000"",""companyAddress"":""Θεσσαλονίκη, Ελλάδα"",""_id"":""a5128991-cf12-4a62-bcde-64e77309b454"",""insuranceTermsBody"":""Η βασική κάλυψη αφορά την τυπική συμμετοχή του ενοικιαστή σύμφωνα με τους όρους της εταιρίας. Οι επιπλέον καλύψεις μειώνουν ή περιορίζουν την ευθύνη ανάλογα με το πρόγραμμα που θα επιλεγεί. Πριν από την τελική παράδοση του οχήματος, η ομάδα μας επιβεβαιώνει ξανά τις καλύψεις, τις εξαιρέσεις και το ύψος της συμμετοχής. Δεν καλύπτονται περιστατικά που προκύπτουν από παραβίαση του ΚΟΚ, οδήγηση υπό επήρεια, μη εξουσιοδοτημένο οδηγό, απώλεια κλειδιών ή εγγράφων και χρήση του οχήματος εκτός των συμφωνημένων όρων. Οι πληροφορίες της σελίδας έχουν ενημερωτικό χαρακτήρα και υπερισχύουν οι τελικοί όροι που επιβεβαιώνονται από την εταιρία πριν την παραλαβή."",""_owner"":""284e089f-48c1-4969-b018-a9add65901a8"",""_createdDate"":""2026-03-15T14:21:47.499Z"",""insuranceTermsIntro"":""Οι ασφαλιστικές επιλογές και οι σχετικοί όροι παρουσιάζονται με απλό τρόπο πριν από την ολοκλήρωση της κράτησης."",""insuranceDetailsTitle"":""Λεπτομέρειες ασφαλιστικών επιλογών"",""insuranceDetailsIntro"":""Παρακάτω βλέπεις συνοπτικά τις επιλογές κάλυψης που χρησιμοποιούνται στο front booking flow."",""insuranceDetailsBody"":""Το CDW αποτελεί τη βασική κάλυψη χωρίς επιπλέον ημερήσια χρέωση. Το SCDW μειώνει περαιτέρω την οικονομική έκθεση του οδηγού, ενώ το FULL παρέχει την πιο ενισχυμένη επιλογή προστασίας που εμφανίζεται στο backroom και στο booking flow. Για κάθε κράτηση, το τελικό πρόγραμμα ασφάλισης, οι χρεώσεις και οι εξαιρέσεις επιβεβαιώνονται από την ομάδα μας πριν από την παράδοση."",""rentalPrivacyBody"":""Τα προσωπικά δεδομένα χρησιμοποιούνται αποκλειστικά για την εξυπηρέτηση της κράτησης, την επικοινωνία με τον πελάτη και την εκπλήρωση νομικών ή φορολογικών υποχρεώσεων της εταιρίας. Για ειδικά αιτήματα, διορθώσεις στοιχείων ή απορίες σχετικά με την επεξεργασία δεδομένων, ο πελάτης μπορεί να επικοινωνεί με την εταιρία στα διαθέσιμα στοιχεία επικοινωνίας."",""nightStartHour"":22,""_updatedDate"":""2026-04-04T12:46:50.678Z"",""allowOverbooking"":true,""companyName"":""DIAMOND Rent A Car"",""insuranceTermsTitle"":""Όροι και λεπτομέρειες ασφαλειών"",""rentalTermsTitle"":""Όροι ενοικίασης και πολιτικές"",""companyCity"":""Thessaloniki"",""bookingConfirmedTriggerId"":"""",""currency"":""EUR"",""footerNote"":""Επαγγελματική εμπειρία ενοικίασης οχήματος με καθαρή ροή κράτησης, ξεκάθαρη τιμολόγηση και προσωπική επιβεβαίωση."",""title"":""Business settings"",""companyEmail"":""info@diamondrentacar.gr"",""companyTagline"":""Ενοικίαση οχημάτων στη Θεσσαλονίκη με καθαρή διαδικασία και γρήγορη επιβεβαίωση."",""rentalTermsBody"":""Η ενοικίαση ολοκληρώνεται μόνο μετά από επιβεβαίωση της διαθεσιμότητας από την εταιρία και έλεγχο των στοιχείων του οδηγού. Η εταιρία διατηρεί το δικαίωμα να προτείνει ισοδύναμο όχημα ίδιας ή ανώτερης κατηγορίας όταν αυτό απαιτηθεί από λειτουργικούς λόγους, χωρίς πρόσθετη χρέωση για τον πελάτη."",""vatRate"":24,""rentalRequirementsBody"":""Ο κύριος οδηγός οφείλει να διαθέτει ισχύουσα άδεια οδήγησης, ταυτότητα ή διαβατήριο και κάρτα ή άλλο μέσο πληρωμής αποδεκτό από την εταιρία. Ελάχιστη ηλικία, έτη κατοχής διπλώματος, εγγύηση και τυχόν επασφάλιστρα εξαρτώνται από την κατηγορία οχήματος και την τελική επιβεβαίωση της κράτησης."",""vehiclesPageDisplayMode"":""categories"",""enableTriggeredEmails"":false,""rentalPoliciesBody"":""Η πολιτική καυσίμου, οι ώρες παράδοσης και παραλαβής, οι χρεώσεις εκτός ωραρίου, οι ακυρώσεις, οι καθυστερήσεις και οι όροι επέκτασης της μίσθωσης επιβεβαιώνονται πριν την παράδοση. Τυχόν ζημιές, πρόστιμα, απώλειες εξοπλισμού ή χρήση του οχήματος κατά παράβαση των συμφωνημένων όρων βαρύνουν τον ενοικιαστή σύμφωνα με την τελική σύμβαση."",""active"":true,""afterHoursNotice"":""Για εξυπηρέτηση εκτός ωραρίου ισχύουν επιπλέον χρεώσεις.""}","{""stationSettings"":{""ath"":{""vehiclesPageModelsSource"":""fleet"",""rentalTermsIntro"":""Στην παρακάτω σελίδα συγκεντρώνονται βασικοί όροι, προϋποθέσεις και πολιτικές της ενοικίασης με μορφή εύκολη για ανάγνωση και ενημέρωση από το backroom."",""nightEndHour"":8,""stationProfiles"":[{""key"":""default"",""label"":""Κεντρικός σταθμός"",""description"":""""},{""key"":""ath"",""label"":""ATH Athens"",""description"":""""}],""bookingCanceledTriggerId"":"""",""defaultDeposit"":0,""operatingHoursLabel"":""08:00 - 22:00"",""companyPhone"":""+30 2310 000 000"",""companyAddress"":""Θεσσαλονίκη, Ελλάδα"",""insuranceTermsBody"":""Η βασική κάλυψη αφορά την τυπική συμμετοχή του ενοικιαστή σύμφωνα με τους όρους της εταιρίας. Οι επιπλέον καλύψεις μειώνουν ή περιορίζουν την ευθύνη ανάλογα με το πρόγραμμα που θα επιλεγεί. Πριν από την τελική παράδοση του οχήματος, η ομάδα μας επιβεβαιώνει ξανά τις καλύψεις, τις εξαιρέσεις και το ύψος της συμμετοχής. Δεν καλύπτονται περιστατικά που προκύπτουν από παραβίαση του ΚΟΚ, οδήγηση υπό επήρεια, μη εξουσιοδοτημένο οδηγό, απώλεια κλειδιών ή εγγράφων και χρήση του οχήματος εκτός των συμφωνημένων όρων. Οι πληροφορίες της σελίδας έχουν ενημερωτικό χαρακτήρα και υπερισχύουν οι τελικοί όροι που επιβεβαιώνονται από την εταιρία πριν την παραλαβή."",""insuranceTermsIntro"":""Οι ασφαλιστικές επιλογές και οι σχετικοί όροι παρουσιάζονται με απλό τρόπο πριν από την ολοκλήρωση της κράτησης."",""insuranceDetailsTitle"":""Λεπτομέρειες ασφαλιστικών επιλογών"",""insuranceDetailsIntro"":""Παρακάτω βλέπεις συνοπτικά τις επιλογές κάλυψης που χρησιμοποιούνται στο front booking flow."",""insuranceDetailsBody"":""Το CDW αποτελεί τη βασική κάλυψη χωρίς επιπλέον ημερήσια χρέωση. Το SCDW μειώνει περαιτέρω την οικονομική έκθεση του οδηγού, ενώ το FULL παρέχει την πιο ενισχυμένη επιλογή προστασίας που εμφανίζεται στο backroom και στο booking flow. Για κάθε κράτηση, το τελικό πρόγραμμα ασφάλισης, οι χρεώσεις και οι εξαιρέσεις επιβεβαιώνονται από την ομάδα μας πριν από την παράδοση."",""rentalPrivacyBody"":""Τα προσωπικά δεδομένα χρησιμοποιούνται αποκλειστικά για την εξυπηρέτηση της κράτησης, την επικοινωνία με τον πελάτη και την εκπλήρωση νομικών ή φορολογικών υποχρεώσεων της εταιρίας. Για ειδικά αιτήματα, διορθώσεις στοιχείων ή απορίες σχετικά με την επεξεργασία δεδομένων, ο πελάτης μπορεί να επικοινωνεί με την εταιρία στα διαθέσιμα στοιχεία επικοινωνίας."",""nightStartHour"":22,""allowOverbooking"":true,""companyName"":""DIAMOND Rent A Car"",""insuranceTermsTitle"":""Όροι και λεπτομέρειες ασφαλειών"",""rentalTermsTitle"":""Όροι ενοικίασης και πολιτικές"",""companyCity"":""Thessaloniki"",""bookingConfirmedTriggerId"":"""",""currency"":""EUR"",""footerNote"":""Επαγγελματική εμπειρία ενοικίασης οχήματος με καθαρή ροή κράτησης, ξεκάθαρη τιμολόγηση και προσωπική επιβεβαίωση."",""title"":""Business settings"",""companyEmail"":""info@diamondrentacar.gr"",""companyTagline"":""Ενοικίαση οχημάτων στη Θεσσαλονίκη με καθαρή διαδικασία και γρήγορη επιβεβαίωση."",""rentalTermsBody"":""Η ενοικίαση ολοκληρώνεται μόνο μετά από επιβεβαίωση της διαθεσιμότητας από την εταιρία και έλεγχο των στοιχείων του οδηγού. Η εταιρία διατηρεί το δικαίωμα να προτείνει ισοδύναμο όχημα ίδιας ή ανώτερης κατηγορίας όταν αυτό απαιτηθεί από λειτουργικούς λόγους, χωρίς πρόσθετη χρέωση για τον πελάτη."",""vatRate"":24,""rentalRequirementsBody"":""Ο κύριος οδηγός οφείλει να διαθέτει ισχύουσα άδεια οδήγησης, ταυτότητα ή διαβατήριο και κάρτα ή άλλο μέσο πληρωμής αποδεκτό από την εταιρία. Ελάχιστη ηλικία, έτη κατοχής διπλώματος, εγγύηση και τυχόν επασφάλιστρα εξαρτώνται από την κατηγορία οχήματος και την τελική επιβεβαίωση της κράτησης."",""vehiclesPageDisplayMode"":""categories"",""enableTriggeredEmails"":false,""rentalPoliciesBody"":""Η πολιτική καυσίμου, οι ώρες παράδοσης και παραλαβής, οι χρεώσεις εκτός ωραρίου, οι ακυρώσεις, οι καθυστερήσεις και οι όροι επέκτασης της μίσθωσης επιβεβαιώνονται πριν την παράδοση. Τυχόν ζημιές, πρόστιμα, απώλειες εξοπλισμού ή χρήση του οχήματος κατά παράβαση των συμφωνημένων όρων βαρύνουν τον ενοικιαστή σύμφωνα με την τελική σύμβαση."",""active"":true,""afterHoursNotice"":""Για εξυπηρέτηση εκτός ωραρίου ισχύουν επιπλέον χρεώσεις.""},""skg"":{""vehiclesPageModelsSource"":""fleet"",""rentalTermsIntro"":""Στην παρακάτω σελίδα συγκεντρώνονται βασικοί όροι, προϋποθέσεις και πολιτικές της ενοικίασης με μορφή εύκολη για ανάγνωση και ενημέρωση από το backroom."",""nightEndHour"":8,""stationProfiles"":[{""key"":""a"",""label"":""a"",""description"":""""},{""key"":""ath"",""label"":""ATH Athens"",""description"":""""},{""key"":""skg"",""label"":""SKG Thessaoniki"",""description"":""""}],""bookingCanceledTriggerId"":"""",""defaultDeposit"":0,""operatingHoursLabel"":""08:00 - 22:00"",""companyPhone"":""+30 2310 000 000"",""companyAddress"":""Θεσσαλονίκη, Ελλάδα"",""insuranceTermsBody"":""Η βασική κάλυψη αφορά την τυπική συμμετοχή του ενοικιαστή σύμφωνα με τους όρους της εταιρίας. Οι επιπλέον καλύψεις μειώνουν ή περιορίζουν την ευθύνη ανάλογα με το πρόγραμμα που θα επιλεγεί. Πριν από την τελική παράδοση του οχήματος, η ομάδα μας επιβεβαιώνει ξανά τις καλύψεις, τις εξαιρέσεις και το ύψος της συμμετοχής. Δεν καλύπτονται περιστατικά που προκύπτουν από παραβίαση του ΚΟΚ, οδήγηση υπό επήρεια, μη εξουσιοδοτημένο οδηγό, απώλεια κλειδιών ή εγγράφων και χρήση του οχήματος εκτός των συμφωνημένων όρων. Οι πληροφορίες της σελίδας έχουν ενημερωτικό χαρακτήρα και υπερισχύουν οι τελικοί όροι που επιβεβαιώνονται από την εταιρία πριν την παραλαβή."",""insuranceTermsIntro"":""Οι ασφαλιστικές επιλογές και οι σχετικοί όροι παρουσιάζονται με απλό τρόπο πριν από την ολοκλήρωση της κράτησης."",""insuranceDetailsTitle"":""Λεπτομέρειες ασφαλιστικών επιλογών"",""insuranceDetailsIntro"":""Παρακάτω βλέπεις συνοπτικά τις επιλογές κάλυψης που χρησιμοποιούνται στο front booking flow."",""insuranceDetailsBody"":""Το CDW αποτελεί τη βασική κάλυψη χωρίς επιπλέον ημερήσια χρέωση. Το SCDW μειώνει περαιτέρω την οικονομική έκθεση του οδηγού, ενώ το FULL παρέχει την πιο ενισχυμένη επιλογή προστασίας που εμφανίζεται στο backroom και στο booking flow. Για κάθε κράτηση, το τελικό πρόγραμμα ασφάλισης, οι χρεώσεις και οι εξαιρέσεις επιβεβαιώνονται από την ομάδα μας πριν από την παράδοση."",""rentalPrivacyBody"":""Τα προσωπικά δεδομένα χρησιμοποιούνται αποκλειστικά για την εξυπηρέτηση της κράτησης, την επικοινωνία με τον πελάτη και την εκπλήρωση νομικών ή φορολογικών υποχρεώσεων της εταιρίας. Για ειδικά αιτήματα, διορθώσεις στοιχείων ή απορίες σχετικά με την επεξεργασία δεδομένων, ο πελάτης μπορεί να επικοινωνεί με την εταιρία στα διαθέσιμα στοιχεία επικοινωνίας."",""nightStartHour"":22,""allowOverbooking"":true,""companyName"":""DIAMOND Rent A Car"",""insuranceTermsTitle"":""Όροι και λεπτομέρειες ασφαλειών"",""rentalTermsTitle"":""Όροι ενοικίασης και πολιτικές"",""companyCity"":""Thessaloniki"",""bookingConfirmedTriggerId"":"""",""currency"":""EUR"",""footerNote"":""Επαγγελματική εμπειρία ενοικίασης οχήματος με καθαρή ροή κράτησης, ξεκάθαρη τιμολόγηση και προσωπική επιβεβαίωση."",""title"":""Business settings"",""companyEmail"":""info@diamondrentacar.gr"",""companyTagline"":""Ενοικίαση οχημάτων στη Θεσσαλονίκη με καθαρή διαδικασία και γρήγορη επιβεβαίωση."",""rentalTermsBody"":""Η ενοικίαση ολοκληρώνεται μόνο μετά από επιβεβαίωση της διαθεσιμότητας από την εταιρία και έλεγχο των στοιχείων του οδηγού. Η εταιρία διατηρεί το δικαίωμα να προτείνει ισοδύναμο όχημα ίδιας ή ανώτερης κατηγορίας όταν αυτό απαιτηθεί από λειτουργικούς λόγους, χωρίς πρόσθετη χρέωση για τον πελάτη."",""vatRate"":24,""rentalRequirementsBody"":""Ο κύριος οδηγός οφείλει να διαθέτει ισχύουσα άδεια οδήγησης, ταυτότητα ή διαβατήριο και κάρτα ή άλλο μέσο πληρωμής αποδεκτό από την εταιρία. Ελάχιστη ηλικία, έτη κατοχής διπλώματος, εγγύηση και τυχόν επασφάλιστρα εξαρτώνται από την κατηγορία οχήματος και την τελική επιβεβαίωση της κράτησης."",""vehiclesPageDisplayMode"":""categories"",""enableTriggeredEmails"":false,""rentalPoliciesBody"":""Η πολιτική καυσίμου, οι ώρες παράδοσης και παραλαβής, οι χρεώσεις εκτός ωραρίου, οι ακυρώσεις, οι καθυστερήσεις και οι όροι επέκτασης της μίσθωσης επιβεβαιώνονται πριν την παράδοση. Τυχόν ζημιές, πρόστιμα, απώλειες εξοπλισμού ή χρήση του οχήματος κατά παράβαση των συμφωνημένων όρων βαρύνουν τον ενοικιαστή σύμφωνα με την τελική σύμβαση."",""active"":true,""afterHoursNotice"":""Για εξυπηρέτηση εκτός ωραρίου ισχύουν επιπλέον χρεώσεις.""}},""vehiclesPageModelsSource"":""fleet"",""rentalTermsIntro"":""Στην παρακάτω σελίδα συγκεντρώνονται βασικοί όροι, προϋποθέσεις και πολιτικές της ενοικίασης με μορφή εύκολη για ανάγνωση και ενημέρωση από το backroom."",""nightEndHour"":8,""stationProfiles"":[{""key"":""default"",""label"":""Κεντρικός σταθμός"",""description"":""""},{""key"":""a"",""label"":""a"",""description"":""""},{""key"":""ath"",""label"":""ATH Athens"",""description"":""""},{""key"":""skg"",""label"":""SKG Thessaoniki"",""description"":""""}],""bookingCanceledTriggerId"":"""",""defaultDeposit"":0,""operatingHoursLabel"":""08:00 - 22:00"",""companyPhone"":""+30 2310 000 000"",""companyAddress"":""Θεσσαλονίκη, Ελλάδα"",""_id"":""a5128991-cf12-4a62-bcde-64e77309b454"",""insuranceTermsBody"":""Η βασική κάλυψη αφορά την τυπική συμμετοχή του ενοικιαστή σύμφωνα με τους όρους της εταιρίας. Οι επιπλέον καλύψεις μειώνουν ή περιορίζουν την ευθύνη ανάλογα με το πρόγραμμα που θα επιλεγεί. Πριν από την τελική παράδοση του οχήματος, η ομάδα μας επιβεβαιώνει ξανά τις καλύψεις, τις εξαιρέσεις και το ύψος της συμμετοχής. Δεν καλύπτονται περιστατικά που προκύπτουν από παραβίαση του ΚΟΚ, οδήγηση υπό επήρεια, μη εξουσιοδοτημένο οδηγό, απώλεια κλειδιών ή εγγράφων και χρήση του οχήματος εκτός των συμφωνημένων όρων. Οι πληροφορίες της σελίδας έχουν ενημερωτικό χαρακτήρα και υπερισχύουν οι τελικοί όροι που επιβεβαιώνονται από την εταιρία πριν την παραλαβή."",""_owner"":""284e089f-48c1-4969-b018-a9add65901a8"",""_createdDate"":""2026-03-15T14:21:47.499Z"",""insuranceTermsIntro"":""Οι ασφαλιστικές επιλογές και οι σχετικοί όροι παρουσιάζονται με απλό τρόπο πριν από την ολοκλήρωση της κράτησης."",""insuranceDetailsTitle"":""Λεπτομέρειες ασφαλιστικών επιλογών"",""insuranceDetailsIntro"":""Παρακάτω βλέπεις συνοπτικά τις επιλογές κάλυψης που χρησιμοποιούνται στο front booking flow."",""insuranceDetailsBody"":""Το CDW αποτελεί τη βασική κάλυψη χωρίς επιπλέον ημερήσια χρέωση. Το SCDW μειώνει περαιτέρω την οικονομική έκθεση του οδηγού, ενώ το FULL παρέχει την πιο ενισχυμένη επιλογή προστασίας που εμφανίζεται στο backroom και στο booking flow. Για κάθε κράτηση, το τελικό πρόγραμμα ασφάλισης, οι χρεώσεις και οι εξαιρέσεις επιβεβαιώνονται από την ομάδα μας πριν από την παράδοση."",""rentalPrivacyBody"":""Τα προσωπικά δεδομένα χρησιμοποιούνται αποκλειστικά για την εξυπηρέτηση της κράτησης, την επικοινωνία με τον πελάτη και την εκπλήρωση νομικών ή φορολογικών υποχρεώσεων της εταιρίας. Για ειδικά αιτήματα, διορθώσεις στοιχείων ή απορίες σχετικά με την επεξεργασία δεδομένων, ο πελάτης μπορεί να επικοινωνεί με την εταιρία στα διαθέσιμα στοιχεία επικοινωνίας."",""nightStartHour"":22,""_updatedDate"":""2026-04-04T12:47:47.715Z"",""allowOverbooking"":true,""companyName"":""DIAMOND Rent A Car"",""insuranceTermsTitle"":""Όροι και λεπτομέρειες ασφαλειών"",""rentalTermsTitle"":""Όροι ενοικίασης και πολιτικές"",""companyCity"":""Thessaloniki"",""bookingConfirmedTriggerId"":"""",""currency"":""EUR"",""footerNote"":""Επαγγελματική εμπειρία ενοικίασης οχήματος με καθαρή ροή κράτησης, ξεκάθαρη τιμολόγηση και προσωπική επιβεβαίωση."",""title"":""Business settings"",""companyEmail"":""info@diamondrentacar.gr"",""companyTagline"":""Ενοικίαση οχημάτων στη Θεσσαλονίκη με καθαρή διαδικασία και γρήγορη επιβεβαίωση."",""rentalTermsBody"":""Η ενοικίαση ολοκληρώνεται μόνο μετά από επιβεβαίωση της διαθεσιμότητας από την εταιρία και έλεγχο των στοιχείων του οδηγού. Η εταιρία διατηρεί το δικαίωμα να προτείνει ισοδύναμο όχημα ίδιας ή ανώτερης κατηγορίας όταν αυτό απαιτηθεί από λειτουργικούς λόγους, χωρίς πρόσθετη χρέωση για τον πελάτη."",""vatRate"":24,""rentalRequirementsBody"":""Ο κύριος οδηγός οφείλει να διαθέτει ισχύουσα άδεια οδήγησης, ταυτότητα ή διαβατήριο και κάρτα ή άλλο μέσο πληρωμής αποδεκτό από την εταιρία. Ελάχιστη ηλικία, έτη κατοχής διπλώματος, εγγύηση και τυχόν επασφάλιστρα εξαρτώνται από την κατηγορία οχήματος και την τελική επιβεβαίωση της κράτησης."",""vehiclesPageDisplayMode"":""categories"",""enableTriggeredEmails"":false,""rentalPoliciesBody"":""Η πολιτική καυσίμου, οι ώρες παράδοσης και παραλαβής, οι χρεώσεις εκτός ωραρίου, οι ακυρώσεις, οι καθυστερήσεις και οι όροι επέκτασης της μίσθωσης επιβεβαιώνονται πριν την παράδοση. Τυχόν ζημιές, πρόστιμα, απώλειες εξοπλισμού ή χρήση του οχήματος κατά παράβαση των συμφωνημένων όρων βαρύνουν τον ενοικιαστή σύμφωνα με την τελική σύμβαση."",""active"":true,""afterHoursNotice"":""Για εξυπηρέτηση εκτός ωραρίου ισχύουν επιπλέον χρεώσεις.""}","ckatz1995@gmail.com","Nik nik",2026-04-04T12:47:47Z,2027-04-04T12:47:47Z
,"284e2694-1b53-4639-a59a-6f6f7db36978",2026-03-29T08:48:12Z,2026-03-29T08:48:12Z,"48ba7aa5-ed2b-43d2-bdd7-6596e6ec75a8","staffAuth","ckatz1995@gmail.com","loginSuccess","Backroom login",,,"ckatz1995@gmail.com","Nik nik",2026-03-29T08:48:12Z,2027-03-29T08:48:12Z
,"2a3d1517-96ef-49af-97d5-9b894e344daf",2026-03-16T07:49:21Z,2026-03-16T07:49:21Z,"4139a8c1-c961-498e-9512-465437a7bf6c","pricing.PickupLocations","city_center_office","pricing.delete","Διαγραφή pricing item Κέντρο Θεσσαλονίκης (0 row(s))","{""description"":""Παραλαβή / παράδοση από το κεντρικό σημείο εξυπηρέτησης."",""_id"":""fe8e4bc4-9b1b-4dba-9369-d83ac7a68271"",""_owner"":""284e089f-48c1-4969-b018-a9add65901a8"",""_createdDate"":""2026-03-15T22:56:27.551Z"",""mapUrl"":"""",""publicVisible"":false,""label"":""Κέντρο Θεσσαλονίκης"",""_updatedDate"":""2026-03-16T07:46:57.102Z"",""key"":""city_center_office"",""extraFee"":40,""sortOrder"":20,""address"":""Θεσσαλονίκη, Κέντρο"",""locationType"":""both"",""active"":true}",,"ckatz1995@gmail.com","Nik nik",2026-03-16T07:49:21Z,2027-03-16T07:49:21Z
,"2ac80e44-b8ec-405e-9a0f-a56d87887c0c",2026-04-04T12:57:52Z,2026-04-04T12:57:52Z,"4139a8c1-c961-498e-9512-465437a7bf6c","pricing.pickupLocation","hotel_delivery_dropoff","pricing.update","Ενημέρωση τοποθεσία Παράδοση σε ξενοδοχείο","{""stationKey"":""a"",""description"":""Παράδοση / παραλαβή σε ξενοδοχείο εντός πόλης."",""_id"":""832a21ee-b84f-4b25-8ecf-0e27cb694002"",""_owner"":""4139a8c1-c961-498e-9512-465437a7bf6c"",""_createdDate"":""2026-03-22T10:01:29.591Z"",""mapUrl"":"""",""publicVisible"":true,""label"":""Παράδοση σε ξενοδοχείο"",""_updatedDate"":""2026-04-04T12:30:32.234Z"",""stationLabel"":""a"",""key"":""hotel_delivery_dropoff"",""extraFee"":25,""sortOrder"":50,""address"":""Θεσσαλονίκη"",""locationType"":""dropoff"",""active"":true}","{""stationKey"":""default"",""description"":""Παράδοση / παραλαβή σε ξενοδοχείο εντός πόλης."",""_id"":""832a21ee-b84f-4b25-8ecf-0e27cb694002"",""_owner"":""4139a8c1-c961-498e-9512-465437a7bf6c"",""_createdDate"":""2026-03-22T10:01:29.591Z"",""mapUrl"":"""",""publicVisible"":true,""label"":""Παράδοση σε ξενοδοχείο"",""_updatedDate"":""2026-04-04T12:57:52.418Z"",""stationLabel"":""SKG Thessaloniki"",""key"":""hotel_delivery_dropoff"",""extraFee"":25,""sortOrder"":50,""address"":""Θεσσαλονίκη"",""locationType"":""dropoff"",""active"":true}","ckatz1995@gmail.com","Nik nik",2026-04-04T12:57:52Z,2027-04-04T12:57:52Z
,"2bac59d8-bfb9-473e-9772-89b8e0f5910b",2026-03-18T13:31:32Z,2026-03-18T13:31:32Z,"48ba7aa5-ed2b-43d2-bdd7-6596e6ec75a8","pricing.businessSettings","a5128991-cf12-4a62-bcde-64e77309b454","pricing.saveBusinessSettings","Ενημέρωση business settings","{""vehiclesPageModelsSource"":""fleet"",""rentalTermsIntro"":"""",""nightEndHour"":0,""bookingCanceledTriggerId"":"""",""defaultDeposit"":0,""companyPhone"":""+30 2310 000 000"",""companyAddress"":""Θεσσαλονίκη, Ελλάδα"",""_id"":""a5128991-cf12-4a62-bcde-64e77309b454"",""insuranceTermsBody"":"""",""_owner"":""284e089f-48c1-4969-b018-a9add65901a8"",""_createdDate"":""2026-03-15T14:21:47.499Z"",""insuranceTermsIntro"":"""",""insuranceDetailsTitle"":""Λεπτομέρειες ασφαλιστικών επιλογών"",""insuranceDetailsIntro"":"""",""insuranceDetailsBody"":"""",""rentalPrivacyBody"":"""",""nightStartHour"":0,""_updatedDate"":""2026-03-18T13:31:23.502Z"",""allowOverbooking"":false,""companyName"":""DIAMOND Rent A Car"",""insuranceTermsTitle"":""Όροι και λεπτομέρειες ασφαλειών"",""rentalTermsTitle"":""Όροι ενοικίασης και πολιτικές"",""companyCity"":""Thessaloniki"",""bookingConfirmedTriggerId"":"""",""currency"":""EUR"",""footerNote"":"""",""title"":""Business settings"",""companyEmail"":""info@diamondrentacar.gr"",""companyTagline"":"""",""rentalTermsBody"":"""",""vatRate"":0,""rentalRequirementsBody"":"""",""vehiclesPageDisplayMode"":""models"",""enableTriggeredEmails"":false,""rentalPoliciesBody"":"""",""active"":false}","{""vehiclesPageModelsSource"":""fleet"",""rentalTermsIntro"":""Στην παρακάτω σελίδα συγκεντρώνονται βασικοί όροι, προϋποθέσεις και πολιτικές της ενοικίασης με μορφή εύκολη για ανάγνωση και ενημέρωση από το backroom."",""nightEndHour"":0,""bookingCanceledTriggerId"":"""",""defaultDeposit"":0,""companyPhone"":""+30 2310 000 000"",""companyAddress"":""Θεσσαλονίκη, Ελλάδα"",""_id"":""a5128991-cf12-4a62-bcde-64e77309b454"",""insuranceTermsBody"":""Η βασική κάλυψη αφορά την τυπική συμμετοχή του ενοικιαστή σύμφωνα με τους όρους της εταιρίας. Οι επιπλέον καλύψεις μειώνουν ή περιορίζουν την ευθύνη ανάλογα με το πρόγραμμα που θα επιλεγεί. Πριν από την τελική παράδοση του οχήματος, η ομάδα μας επιβεβαιώνει ξανά τις καλύψεις, τις εξαιρέσεις και το ύψος της συμμετοχής. Δεν καλύπτονται περιστατικά που προκύπτουν από παραβίαση του ΚΟΚ, οδήγηση υπό επήρεια, μη εξουσιοδοτημένο οδηγό, απώλεια κλειδιών ή εγγράφων και χρήση του οχήματος εκτός των συμφωνημένων όρων. Οι πληροφορίες της σελίδας έχουν ενημερωτικό χαρακτήρα και υπερισχύουν οι τελικοί όροι που επιβεβαιώνονται από την εταιρία πριν την παραλαβή."",""_owner"":""284e089f-48c1-4969-b018-a9add65901a8"",""_createdDate"":""2026-03-15T14:21:47.499Z"",""insuranceTermsIntro"":""Οι ασφαλιστικές επιλογές και οι σχετικοί όροι παρουσιάζονται με απλό τρόπο πριν από την ολοκλήρωση της κράτησης."",""insuranceDetailsTitle"":""Λεπτομέρειες ασφαλιστικών επιλογών"",""insuranceDetailsIntro"":""Παρακάτω βλέπεις συνοπτικά τις επιλογές κάλυψης που χρησιμοποιούνται στο front booking flow."",""insuranceDetailsBody"":""Το CDW αποτελεί τη βασική κάλυψη χωρίς επιπλέον ημερήσια χρέωση. Το SCDW μειώνει περαιτέρω την οικονομική έκθεση του οδηγού, ενώ το FULL παρέχει την πιο ενισχυμένη επιλογή προστασίας που εμφανίζεται στο backroom και στο booking flow. Για κάθε κράτηση, το τελικό πρόγραμμα ασφάλισης, οι χρεώσεις και οι εξαιρέσεις επιβεβαιώνονται από την ομάδα μας πριν από την παράδοση."",""rentalPrivacyBody"":""Τα προσωπικά δεδομένα χρησιμοποιούνται αποκλειστικά για την εξυπηρέτηση της κράτησης, την επικοινωνία με τον πελάτη και την εκπλήρωση νομικών ή φορολογικών υποχρεώσεων της εταιρίας. Για ειδικά αιτήματα, διορθώσεις στοιχείων ή απορίες σχετικά με την επεξεργασία δεδομένων, ο πελάτης μπορεί να επικοινωνεί με την εταιρία στα διαθέσιμα στοιχεία επικοινωνίας."",""nightStartHour"":0,""_updatedDate"":""2026-03-18T13:31:32.605Z"",""allowOverbooking"":true,""companyName"":""DIAMOND Rent A Car"",""insuranceTermsTitle"":""Όροι και λεπτομέρειες ασφαλειών"",""rentalTermsTitle"":""Όροι ενοικίασης και πολιτικές"",""companyCity"":""Thessaloniki"",""bookingConfirmedTriggerId"":"""",""currency"":""EUR"",""footerNote"":""Επαγγελματική εμπειρία ενοικίασης οχήματος με καθαρή ροή κράτησης, ξεκάθαρη τιμολόγηση και προσωπική επιβεβαίωση."",""title"":""Business settings"",""companyEmail"":""info@diamondrentacar.gr"",""companyTagline"":""Ενοικίαση οχημάτων στη Θεσσαλονίκη με καθαρή διαδικασία και γρήγορη επιβεβαίωση."",""rentalTermsBody"":""Η ενοικίαση ολοκληρώνεται μόνο μετά από επιβεβαίωση της διαθεσιμότητας από την εταιρία και έλεγχο των στοιχείων του οδηγού. Η εταιρία διατηρεί το δικαίωμα να προτείνει ισοδύναμο όχημα ίδιας ή ανώτερης κατηγορίας όταν αυτό απαιτηθεί από λειτουργικούς λόγους, χωρίς πρόσθετη χρέωση για τον πελάτη."",""vatRate"":0,""rentalRequirementsBody"":""Ο κύριος οδηγός οφείλει να διαθέτει ισχύουσα άδεια οδήγησης, ταυτότητα ή διαβατήριο και κάρτα ή άλλο μέσο πληρωμής αποδεκτό από την εταιρία. Ελάχιστη ηλικία, έτη κατοχής διπλώματος, εγγύηση και τυχόν επασφάλιστρα εξαρτώνται από την κατηγορία οχήματος και την τελική επιβεβαίωση της κράτησης."",""vehiclesPageDisplayMode"":""models"",""enableTriggeredEmails"":false,""rentalPoliciesBody"":""Η πολιτική καυσίμου, οι ώρες παράδοσης και παραλαβής, οι χρεώσεις εκτός ωραρίου, οι ακυρώσεις, οι καθυστερήσεις και οι όροι επέκτασης της μίσθωσης επιβεβαιώνονται πριν την παράδοση. Τυχόν ζημιές, πρόστιμα, απώλειες εξοπλισμού ή χρήση του οχήματος κατά παράβαση των συμφωνημένων όρων βαρύνουν τον ενοικιαστή σύμφωνα με την τελική σύμβαση."",""active"":false}","ckatz1995@gmail.com","Nik nik",2026-03-18T13:31:32Z,2027-03-18T13:31:32Z
,"2c8eb5e0-f4b6-4395-9662-84866434f470",2026-03-16T09:05:16Z,2026-03-16T09:05:16Z,"284e089f-48c1-4969-b018-a9add65901a8","staffAuth","test@test.gr","loginSuccess","Backroom login",,,"test@test.gr","Test test",2026-03-16T09:05:16Z,2027-03-16T09:05:16Z
,"2cb7def3-8e80-4700-ad3a-5c03a865efef",2026-04-04T16:24:02Z,2026-04-04T16:24:02Z,"4139a8c1-c961-498e-9512-465437a7bf6c","pricing.businessSettings","a5128991-cf12-4a62-bcde-64e77309b454","pricing.resetDefaults","Reset business settings στα defaults","{""stationSettings"":{""ath"":{""vehiclesPageModelsSource"":""fleet"",""rentalTermsIntro"":""Στην παρακάτω σελίδα συγκεντρώνονται βασικοί όροι, προϋποθέσεις και πολιτικές της ενοικίασης με μορφή εύκολη για ανάγνωση και ενημέρωση από το backroom."",""nightEndHour"":8,""stationProfiles"":[{""key"":""default"",""label"":""Κεντρικός σταθμός"",""description"":""""},{""key"":""ath"",""label"":""ATH Athens"",""description"":""""}],""bookingCanceledTriggerId"":"""",""defaultDeposit"":0,""operatingHoursLabel"":""08:00 - 22:00"",""companyPhone"":""+30 2310 000 000"",""companyAddress"":""Θεσσαλονίκη, Ελλάδα"",""insuranceTermsBody"":""Η βασική κάλυψη αφορά την τυπική συμμετοχή του ενοικιαστή σύμφωνα με τους όρους της εταιρίας. Οι επιπλέον καλύψεις μειώνουν ή περιορίζουν την ευθύνη ανάλογα με το πρόγραμμα που θα επιλεγεί. Πριν από την τελική παράδοση του οχήματος, η ομάδα μας επιβεβαιώνει ξανά τις καλύψεις, τις εξαιρέσεις και το ύψος της συμμετοχής. Δεν καλύπτονται περιστατικά που προκύπτουν από παραβίαση του ΚΟΚ, οδήγηση υπό επήρεια, μη εξουσιοδοτημένο οδηγό, απώλεια κλειδιών ή εγγράφων και χρήση του οχήματος εκτός των συμφωνημένων όρων. Οι πληροφορίες της σελίδας έχουν ενημερωτικό χαρακτήρα και υπερισχύουν οι τελικοί όροι που επιβεβαιώνονται από την εταιρία πριν την παραλαβή."",""insuranceTermsIntro"":""Οι ασφαλιστικές επιλογές και οι σχετικοί όροι παρουσιάζονται με απλό τρόπο πριν από την ολοκλήρωση της κράτησης."",""insuranceDetailsTitle"":""Λεπτομέρειες ασφαλιστικών επιλογών"",""insuranceDetailsIntro"":""Παρακάτω βλέπεις συνοπτικά τις επιλογές κάλυψης που χρησιμοποιούνται στο front booking flow."",""insuranceDetailsBody"":""Το CDW αποτελεί τη βασική κάλυψη χωρίς επιπλέον ημερήσια χρέωση. Το SCDW μειώνει περαιτέρω την οικονομική έκθεση του οδηγού, ενώ το FULL παρέχει την πιο ενισχυμένη επιλογή προστασίας που εμφανίζεται στο backroom και στο booking flow. Για κάθε κράτηση, το τελικό πρόγραμμα ασφάλισης, οι χρεώσεις και οι εξαιρέσεις επιβεβαιώνονται από την ομάδα μας πριν από την παράδοση."",""rentalPrivacyBody"":""Τα προσωπικά δεδομένα χρησιμοποιούνται αποκλειστικά για την εξυπηρέτηση της κράτησης, την επικοινωνία με τον πελάτη και την εκπλήρωση νομικών ή φορολογικών υποχρεώσεων της εταιρίας. Για ειδικά αιτήματα, διορθώσεις στοιχείων ή απορίες σχετικά με την επεξεργασία δεδομένων, ο πελάτης μπορεί να επικοινωνεί με την εταιρία στα διαθέσιμα στοιχεία επικοινωνίας."",""nightStartHour"":22,""allowOverbooking"":true,""companyName"":""DIAMOND Rent A Car"",""insuranceTermsTitle"":""Όροι και λεπτομέρειες ασφαλειών"",""rentalTermsTitle"":""Όροι ενοικίασης και πολιτικές"",""companyCity"":""Thessaloniki"",""bookingConfirmedTriggerId"":"""",""currency"":""EUR"",""footerNote"":""Επαγγελματική εμπειρία ενοικίασης οχήματος με καθαρή ροή κράτησης, ξεκάθαρη τιμολόγηση και προσωπική επιβεβαίωση."",""title"":""Business settings"",""companyEmail"":""info@diamondrentacar.gr"",""companyTagline"":""Ενοικίαση οχημάτων στη Θεσσαλονίκη με καθαρή διαδικασία και γρήγορη επιβεβαίωση."",""rentalTermsBody"":""Η ενοικίαση ολοκληρώνεται μόνο μετά από επιβεβαίωση της διαθεσιμότητας από την εταιρία και έλεγχο των στοιχείων του οδηγού. Η εταιρία διατηρεί το δικαίωμα να προτείνει ισοδύναμο όχημα ίδιας ή ανώτερης κατηγορίας όταν αυτό απαιτηθεί από λειτουργικούς λόγους, χωρίς πρόσθετη χρέωση για τον πελάτη."",""vatRate"":24,""rentalRequirementsBody"":""Ο κύριος οδηγός οφείλει να διαθέτει ισχύουσα άδεια οδήγησης, ταυτότητα ή διαβατήριο και κάρτα ή άλλο μέσο πληρωμής αποδεκτό από την εταιρία. Ελάχιστη ηλικία, έτη κατοχής διπλώματος, εγγύηση και τυχόν επασφάλιστρα εξαρτώνται από την κατηγορία οχήματος και την τελική επιβεβαίωση της κράτησης."",""vehiclesPageDisplayMode"":""categories"",""enableTriggeredEmails"":false,""rentalPoliciesBody"":""Η πολιτική καυσίμου, οι ώρες παράδοσης και παραλαβής, οι χρεώσεις εκτός ωραρίου, οι ακυρώσεις, οι καθυστερήσεις και οι όροι επέκτασης της μίσθωσης επιβεβαιώνονται πριν την παράδοση. Τυχόν ζημιές, πρόστιμα, απώλειες εξοπλισμού ή χρήση του οχήματος κατά παράβαση των συμφωνημένων όρων βαρύνουν τον ενοικιαστή σύμφωνα με την τελική σύμβαση."",""active"":true,""afterHoursNotice"":""Για εξυπηρέτηση εκτός ωραρίου ισχύουν επιπλέον χρεώσεις.""},""default"":{""vehiclesPageModelsSource"":""fleet"",""rentalTermsIntro"":""Στην παρακάτω σελίδα συγκεντρώνονται βασικοί όροι, προϋποθέσεις και πολιτικές της ενοικίασης με μορφή εύκολη για ανάγνωση και ενημέρωση από το backroom."",""nightEndHour"":8,""stationProfiles"":[{""key"":""ath"",""label"":""ATH Athens"",""description"":""""},{""key"":""default"",""label"":""SKG Thessaloniki"",""description"":""""}],""bookingCanceledTriggerId"":"""",""defaultDeposit"":0,""operatingHoursLabel"":""08:00 - 22:00"",""companyPhone"":""+30 2310 000 000"",""companyAddress"":""Θεσσαλονίκη, Ελλάδα"",""insuranceTermsBody"":""Η βασική κάλυψη αφορά την τυπική συμμετοχή του ενοικιαστή σύμφωνα με τους όρους της εταιρίας. Οι επιπλέον καλύψεις μειώνουν ή περιορίζουν την ευθύνη ανάλογα με το πρόγραμμα που θα επιλεγεί. Πριν από την τελική παράδοση του οχήματος, η ομάδα μας επιβεβαιώνει ξανά τις καλύψεις, τις εξαιρέσεις και το ύψος της συμμετοχής. Δεν καλύπτονται περιστατικά που προκύπτουν από παραβίαση του ΚΟΚ, οδήγηση υπό επήρεια, μη εξουσιοδοτημένο οδηγό, απώλεια κλειδιών ή εγγράφων και χρήση του οχήματος εκτός των συμφωνημένων όρων. Οι πληροφορίες της σελίδας έχουν ενημερωτικό χαρακτήρα και υπερισχύουν οι τελικοί όροι που επιβεβαιώνονται από την εταιρία πριν την παραλαβή."",""insuranceTermsIntro"":""Οι ασφαλιστικές επιλογές και οι σχετικοί όροι παρουσιάζονται με απλό τρόπο πριν από την ολοκλήρωση της κράτησης."",""insuranceDetailsTitle"":""Λεπτομέρειες ασφαλιστικών επιλογών"",""insuranceDetailsIntro"":""Παρακάτω βλέπεις συνοπτικά τις επιλογές κάλυψης που χρησιμοποιούνται στο front booking flow."",""insuranceDetailsBody"":""Το CDW αποτελεί τη βασική κάλυψη χωρίς επιπλέον ημερήσια χρέωση. Το SCDW μειώνει περαιτέρω την οικονομική έκθεση του οδηγού, ενώ το FULL παρέχει την πιο ενισχυμένη επιλογή προστασίας που εμφανίζεται στο backroom και στο booking flow. Για κάθε κράτηση, το τελικό πρόγραμμα ασφάλισης, οι χρεώσεις και οι εξαιρέσεις επιβεβαιώνονται από την ομάδα μας πριν από την παράδοση."",""rentalPrivacyBody"":""Τα προσωπικά δεδομένα χρησιμοποιούνται αποκλειστικά για την εξυπηρέτηση της κράτησης, την επικοινωνία με τον πελάτη και την εκπλήρωση νομικών ή φορολογικών υποχρεώσεων της εταιρίας. Για ειδικά αιτήματα, διορθώσεις στοιχείων ή απορίες σχετικά με την επεξεργασία δεδομένων, ο πελάτης μπορεί να επικοινωνεί με την εταιρία στα διαθέσιμα στοιχεία επικοινωνίας."",""nightStartHour"":22,""allowOverbooking"":true,""companyName"":""DIAMOND Rent A Car"",""insuranceTermsTitle"":""Όροι και λεπτομέρειες ασφαλειών"",""rentalTermsTitle"":""Όροι ενοικίασης και πολιτικές"",""companyCity"":""Thessaloniki"",""bookingConfirmedTriggerId"":"""",""currency"":""EUR"",""footerNote"":""Επαγγελματική εμπειρία ενοικίασης οχήματος με καθαρή ροή κράτησης, ξεκάθαρη τιμολόγηση και προσωπική επιβεβαίωση."",""title"":""Business settings"",""companyEmail"":""info@diamondrentacar.gr"",""companyTagline"":""Ενοικίαση οχημάτων στη Θεσσαλονίκη με καθαρή διαδικασία και γρήγορη επιβεβαίωση."",""rentalTermsBody"":""Η ενοικίαση ολοκληρώνεται μόνο μετά από επιβεβαίωση της διαθεσιμότητας από την εταιρία και έλεγχο των στοιχείων του οδηγού. Η εταιρία διατηρεί το δικαίωμα να προτείνει ισοδύναμο όχημα ίδιας ή ανώτερης κατηγορίας όταν αυτό απαιτηθεί από λειτουργικούς λόγους, χωρίς πρόσθετη χρέωση για τον πελάτη."",""vatRate"":24,""rentalRequirementsBody"":""Ο κύριος οδηγός οφείλει να διαθέτει ισχύουσα άδεια οδήγησης, ταυτότητα ή διαβατήριο και κάρτα ή άλλο μέσο πληρωμής αποδεκτό από την εταιρία. Ελάχιστη ηλικία, έτη κατοχής διπλώματος, εγγύηση και τυχόν επασφάλιστρα εξαρτώνται από την κατηγορία οχήματος και την τελική επιβεβαίωση της κράτησης."",""vehiclesPageDisplayMode"":""categories"",""enableTriggeredEmails"":false,""rentalPoliciesBody"":""Η πολιτική καυσίμου, οι ώρες παράδοσης και παραλαβής, οι χρεώσεις εκτός ωραρίου, οι ακυρώσεις, οι καθυστερήσεις και οι όροι επέκτασης της μίσθωσης επιβεβαιώνονται πριν την παράδοση. Τυχόν ζημιές, πρόστιμα, απώλειες εξοπλισμού ή χρήση του οχήματος κατά παράβαση των συμφωνημένων όρων βαρύνουν τον ενοικιαστή σύμφωνα με την τελική σύμβαση."",""active"":true,""afterHoursNotice"":""Για εξυπηρέτηση εκτός ωραρίου ισχύουν επιπλέον χρεώσεις.""}},""vehiclesPageModelsSource"":""fleet"",""rentalTermsIntro"":""Στην παρακάτω σελίδα συγκεντρώνονται βασικοί όροι, προϋποθέσεις και πολιτικές της ενοικίασης με μορφή εύκολη για ανάγνωση και ενημέρωση από το backroom."",""nightEndHour"":8,""stationProfiles"":[{""key"":""ath"",""label"":""ATH Athens"",""description"":""""},{""key"":""default"",""label"":""SKG Thessaloniki"",""description"":""""}],""bookingCanceledTriggerId"":"""",""defaultDeposit"":0,""operatingHoursLabel"":""08:00 - 22:00"",""companyPhone"":""+30 2310 000 000"",""companyAddress"":""Θεσσαλονίκη, Ελλάδα"",""_id"":""a5128991-cf12-4a62-bcde-64e77309b454"",""insuranceTermsBody"":""Η βασική κάλυψη αφορά την τυπική συμμετοχή του ενοικιαστή σύμφωνα με τους όρους της εταιρίας. Οι επιπλέον καλύψεις μειώνουν ή περιορίζουν την ευθύνη ανάλογα με το πρόγραμμα που θα επιλεγεί. Πριν από την τελική παράδοση του οχήματος, η ομάδα μας επιβεβαιώνει ξανά τις καλύψεις, τις εξαιρέσεις και το ύψος της συμμετοχής. Δεν καλύπτονται περιστατικά που προκύπτουν από παραβίαση του ΚΟΚ, οδήγηση υπό επήρεια, μη εξουσιοδοτημένο οδηγό, απώλεια κλειδιών ή εγγράφων και χρήση του οχήματος εκτός των συμφωνημένων όρων. Οι πληροφορίες της σελίδας έχουν ενημερωτικό χαρακτήρα και υπερισχύουν οι τελικοί όροι που επιβεβαιώνονται από την εταιρία πριν την παραλαβή."",""_owner"":""284e089f-48c1-4969-b018-a9add65901a8"",""_createdDate"":""2026-03-15T14:21:47.499Z"",""insuranceTermsIntro"":""Οι ασφαλιστικές επιλογές και οι σχετικοί όροι παρουσιάζονται με απλό τρόπο πριν από την ολοκλήρωση της κράτησης."",""insuranceDetailsTitle"":""Λεπτομέρειες ασφαλιστικών επιλογών"",""insuranceDetailsIntro"":""Παρακάτω βλέπεις συνοπτικά τις επιλογές κάλυψης που χρησιμοποιούνται στο front booking flow."",""insuranceDetailsBody"":""Το CDW αποτελεί τη βασική κάλυψη χωρίς επιπλέον ημερήσια χρέωση. Το SCDW μειώνει περαιτέρω την οικονομική έκθεση του οδηγού, ενώ το FULL παρέχει την πιο ενισχυμένη επιλογή προστασίας που εμφανίζεται στο backroom και στο booking flow. Για κάθε κράτηση, το τελικό πρόγραμμα ασφάλισης, οι χρεώσεις και οι εξαιρέσεις επιβεβαιώνονται από την ομάδα μας πριν από την παράδοση."",""rentalPrivacyBody"":""Τα προσωπικά δεδομένα χρησιμοποιούνται αποκλειστικά για την εξυπηρέτηση της κράτησης, την επικοινωνία με τον πελάτη και την εκπλήρωση νομικών ή φορολογικών υποχρεώσεων της εταιρίας. Για ειδικά αιτήματα, διορθώσεις στοιχείων ή απορίες σχετικά με την επεξεργασία δεδομένων, ο πελάτης μπορεί να επικοινωνεί με την εταιρία στα διαθέσιμα στοιχεία επικοινωνίας."",""nightStartHour"":22,""_updatedDate"":""2026-04-04T12:59:27.415Z"",""allowOverbooking"":true,""companyName"":""DIAMOND Rent A Car"",""insuranceTermsTitle"":""Όροι και λεπτομέρειες ασφαλειών"",""rentalTermsTitle"":""Όροι ενοικίασης και πολιτικές"",""companyCity"":""Thessaloniki"",""bookingConfirmedTriggerId"":"""",""currency"":""EUR"",""footerNote"":""Επαγγελματική εμπειρία ενοικίασης οχήματος με καθαρή ροή κράτησης, ξεκάθαρη τιμολόγηση και προσωπική επιβεβαίωση."",""title"":""Business settings"",""companyEmail"":""info@diamondrentacar.gr"",""companyTagline"":""Ενοικίαση οχημάτων στη Θεσσαλονίκη με καθαρή διαδικασία και γρήγορη επιβεβαίωση."",""rentalTermsBody"":""Η ενοικίαση ολοκληρώνεται μόνο μετά από επιβεβαίωση της διαθεσιμότητας από την εταιρία και έλεγχο των στοιχείων του οδηγού. Η εταιρία διατηρεί το δικαίωμα να προτείνει ισοδύναμο όχημα ίδιας ή ανώτερης κατηγορίας όταν αυτό απαιτηθεί από λειτουργικούς λόγους, χωρίς πρόσθετη χρέωση για τον πελάτη."",""vatRate"":24,""rentalRequirementsBody"":""Ο κύριος οδηγός οφείλει να διαθέτει ισχύουσα άδεια οδήγησης, ταυτότητα ή διαβατήριο και κάρτα ή άλλο μέσο πληρωμής αποδεκτό από την εταιρία. Ελάχιστη ηλικία, έτη κατοχής διπλώματος, εγγύηση και τυχόν επασφάλιστρα εξαρτώνται από την κατηγορία οχήματος και την τελική επιβεβαίωση της κράτησης."",""vehiclesPageDisplayMode"":""categories"",""enableTriggeredEmails"":false,""rentalPoliciesBody"":""Η πολιτική καυσίμου, οι ώρες παράδοσης και παραλαβής, οι χρεώσεις εκτός ωραρίου, οι ακυρώσεις, οι καθυστερήσεις και οι όροι επέκτασης της μίσθωσης επιβεβαιώνονται πριν την παράδοση. Τυχόν ζημιές, πρόστιμα, απώλειες εξοπλισμού ή χρήση του οχήματος κατά παράβαση των συμφωνημένων όρων βαρύνουν τον ενοικιαστή σύμφωνα με την τελική σύμβαση."",""active"":true,""afterHoursNotice"":""Για εξυπηρέτηση εκτός ωραρίου ισχύουν επιπλέον χρεώσεις.""}","{""stationSettings"":{""ath"":{""vehiclesPageModelsSource"":""fleet"",""rentalTermsIntro"":""Στην παρακάτω σελίδα συγκεντρώνονται βασικοί όροι, προϋποθέσεις και πολιτικές της ενοικίασης με μορφή εύκολη για ανάγνωση και ενημέρωση από το backroom."",""nightEndHour"":8,""stationProfiles"":[{""key"":""default"",""label"":""Κεντρικός σταθμός"",""description"":""""},{""key"":""ath"",""label"":""ATH Athens"",""description"":""""}],""bookingCanceledTriggerId"":"""",""defaultDeposit"":0,""operatingHoursLabel"":""08:00 - 22:00"",""companyPhone"":""+30 2310 000 000"",""companyAddress"":""Θεσσαλονίκη, Ελλάδα"",""insuranceTermsBody"":""Η βασική κάλυψη αφορά την τυπική συμμετοχή του ενοικιαστή σύμφωνα με τους όρους της εταιρίας. Οι επιπλέον καλύψεις μειώνουν ή περιορίζουν την ευθύνη ανάλογα με το πρόγραμμα που θα επιλεγεί. Πριν από την τελική παράδοση του οχήματος, η ομάδα μας επιβεβαιώνει ξανά τις καλύψεις, τις εξαιρέσεις και το ύψος της συμμετοχής. Δεν καλύπτονται περιστατικά που προκύπτουν από παραβίαση του ΚΟΚ, οδήγηση υπό επήρεια, μη εξουσιοδοτημένο οδηγό, απώλεια κλειδιών ή εγγράφων και χρήση του οχήματος εκτός των συμφωνημένων όρων. Οι πληροφορίες της σελίδας έχουν ενημερωτικό χαρακτήρα και υπερισχύουν οι τελικοί όροι που επιβεβαιώνονται από την εταιρία πριν την παραλαβή."",""insuranceTermsIntro"":""Οι ασφαλιστικές επιλογές και οι σχετικοί όροι παρουσιάζονται με απλό τρόπο πριν από την ολοκλήρωση της κράτησης."",""insuranceDetailsTitle"":""Λεπτομέρειες ασφαλιστικών επιλογών"",""insuranceDetailsIntro"":""Παρακάτω βλέπεις συνοπτικά τις επιλογές κάλυψης που χρησιμοποιούνται στο front booking flow."",""insuranceDetailsBody"":""Το CDW αποτελεί τη βασική κάλυψη χωρίς επιπλέον ημερήσια χρέωση. Το SCDW μειώνει περαιτέρω την οικονομική έκθεση του οδηγού, ενώ το FULL παρέχει την πιο ενισχυμένη επιλογή προστασίας που εμφανίζεται στο backroom και στο booking flow. Για κάθε κράτηση, το τελικό πρόγραμμα ασφάλισης, οι χρεώσεις και οι εξαιρέσεις επιβεβαιώνονται από την ομάδα μας πριν από την παράδοση."",""rentalPrivacyBody"":""Τα προσωπικά δεδομένα χρησιμοποιούνται αποκλειστικά για την εξυπηρέτηση της κράτησης, την επικοινωνία με τον πελάτη και την εκπλήρωση νομικών ή φορολογικών υποχρεώσεων της εταιρίας. Για ειδικά αιτήματα, διορθώσεις στοιχείων ή απορίες σχετικά με την επεξεργασία δεδομένων, ο πελάτης μπορεί να επικοινωνεί με την εταιρία στα διαθέσιμα στοιχεία επικοινωνίας."",""nightStartHour"":22,""allowOverbooking"":true,""companyName"":""DIAMOND Rent A Car"",""insuranceTermsTitle"":""Όροι και λεπτομέρειες ασφαλειών"",""rentalTermsTitle"":""Όροι ενοικίασης και πολιτικές"",""companyCity"":""Thessaloniki"",""bookingConfirmedTriggerId"":"""",""currency"":""EUR"",""footerNote"":""Επαγγελματική εμπειρία ενοικίασης οχήματος με καθαρή ροή κράτησης, ξεκάθαρη τιμολόγηση και προσωπική επιβεβαίωση."",""title"":""Business settings"",""companyEmail"":""info@diamondrentacar.gr"",""companyTagline"":""Ενοικίαση οχημάτων στη Θεσσαλονίκη με καθαρή διαδικασία και γρήγορη επιβεβαίωση."",""rentalTermsBody"":""Η ενοικίαση ολοκληρώνεται μόνο μετά από επιβεβαίωση της διαθεσιμότητας από την εταιρία και έλεγχο των στοιχείων του οδηγού. Η εταιρία διατηρεί το δικαίωμα να προτείνει ισοδύναμο όχημα ίδιας ή ανώτερης κατηγορίας όταν αυτό απαιτηθεί από λειτουργικούς λόγους, χωρίς πρόσθετη χρέωση για τον πελάτη."",""vatRate"":24,""rentalRequirementsBody"":""Ο κύριος οδηγός οφείλει να διαθέτει ισχύουσα άδεια οδήγησης, ταυτότητα ή διαβατήριο και κάρτα ή άλλο μέσο πληρωμής αποδεκτό από την εταιρία. Ελάχιστη ηλικία, έτη κατοχής διπλώματος, εγγύηση και τυχόν επασφάλιστρα εξαρτώνται από την κατηγορία οχήματος και την τελική επιβεβαίωση της κράτησης."",""vehiclesPageDisplayMode"":""categories"",""enableTriggeredEmails"":false,""rentalPoliciesBody"":""Η πολιτική καυσίμου, οι ώρες παράδοσης και παραλαβής, οι χρεώσεις εκτός ωραρίου, οι ακυρώσεις, οι καθυστερήσεις και οι όροι επέκτασης της μίσθωσης επιβεβαιώνονται πριν την παράδοση. Τυχόν ζημιές, πρόστιμα, απώλειες εξοπλισμού ή χρήση του οχήματος κατά παράβαση των συμφωνημένων όρων βαρύνουν τον ενοικιαστή σύμφωνα με την τελική σύμβαση."",""active"":true,""afterHoursNotice"":""Για εξυπηρέτηση εκτός ωραρίου ισχύουν επιπλέον χρεώσεις.""},""default"":{""vehiclesPageModelsSource"":""fleet"",""rentalTermsIntro"":""Στην παρακάτω σελίδα συγκεντρώνονται βασικοί όροι, προϋποθέσεις και πολιτικές της ενοικίασης με μορφή εύκολη για ανάγνωση και ενημέρωση από το backroom."",""nightEndHour"":8,""stationProfiles"":[{""key"":""ath"",""label"":""ATH Athens"",""description"":""""},{""key"":""default"",""label"":""SKG Thessaloniki"",""description"":""""}],""bookingCanceledTriggerId"":"""",""defaultDeposit"":0,""operatingHoursLabel"":""08:00 - 22:00"",""companyPhone"":""+30 2310 000 000"",""companyAddress"":""Θεσσαλονίκη, Ελλάδα"",""insuranceTermsBody"":""Η βασική κάλυψη αφορά την τυπική συμμετοχή του ενοικιαστή σύμφωνα με τους όρους της εταιρίας. Οι επιπλέον καλύψεις μειώνουν ή περιορίζουν την ευθύνη ανάλογα με το πρόγραμμα που θα επιλεγεί. Πριν από την τελική παράδοση του οχήματος, η ομάδα μας επιβεβαιώνει ξανά τις καλύψεις, τις εξαιρέσεις και το ύψος της συμμετοχής. Δεν καλύπτονται περιστατικά που προκύπτουν από παραβίαση του ΚΟΚ, οδήγηση υπό επήρεια, μη εξουσιοδοτημένο οδηγό, απώλεια κλειδιών ή εγγράφων και χρήση του οχήματος εκτός των συμφωνημένων όρων. Οι πληροφορίες της σελίδας έχουν ενημερωτικό χαρακτήρα και υπερισχύουν οι τελικοί όροι που επιβεβαιώνονται από την εταιρία πριν την παραλαβή."",""insuranceTermsIntro"":""Οι ασφαλιστικές επιλογές και οι σχετικοί όροι παρουσιάζονται με απλό τρόπο πριν από την ολοκλήρωση της κράτησης."",""insuranceDetailsTitle"":""Λεπτομέρειες ασφαλιστικών επιλογών"",""insuranceDetailsIntro"":""Παρακάτω βλέπεις συνοπτικά τις επιλογές κάλυψης που χρησιμοποιούνται στο front booking flow."",""insuranceDetailsBody"":""Το CDW αποτελεί τη βασική κάλυψη χωρίς επιπλέον ημερήσια χρέωση. Το SCDW μειώνει περαιτέρω την οικονομική έκθεση του οδηγού, ενώ το FULL παρέχει την πιο ενισχυμένη επιλογή προστασίας που εμφανίζεται στο backroom και στο booking flow. Για κάθε κράτηση, το τελικό πρόγραμμα ασφάλισης, οι χρεώσεις και οι εξαιρέσεις επιβεβαιώνονται από την ομάδα μας πριν από την παράδοση."",""rentalPrivacyBody"":""Τα προσωπικά δεδομένα χρησιμοποιούνται αποκλειστικά για την εξυπηρέτηση της κράτησης, την επικοινωνία με τον πελάτη και την εκπλήρωση νομικών ή φορολογικών υποχρεώσεων της εταιρίας. Για ειδικά αιτήματα, διορθώσεις στοιχείων ή απορίες σχετικά με την επεξεργασία δεδομένων, ο πελάτης μπορεί να επικοινωνεί με την εταιρία στα διαθέσιμα στοιχεία επικοινωνίας."",""nightStartHour"":22,""allowOverbooking"":true,""companyName"":""DIAMOND Rent A Car"",""insuranceTermsTitle"":""Όροι και λεπτομέρειες ασφαλειών"",""rentalTermsTitle"":""Όροι ενοικίασης και πολιτικές"",""companyCity"":""Thessaloniki"",""bookingConfirmedTriggerId"":"""",""currency"":""EUR"",""footerNote"":""Επαγγελματική εμπειρία ενοικίασης οχήματος με καθαρή ροή κράτησης, ξεκάθαρη τιμολόγηση και προσωπική επιβεβαίωση."",""title"":""Business settings"",""companyEmail"":""info@diamondrentacar.gr"",""companyTagline"":""Ενοικίαση οχημάτων στη Θεσσαλονίκη με καθαρή διαδικασία και γρήγορη επιβεβαίωση."",""rentalTermsBody"":""Η ενοικίαση ολοκληρώνεται μόνο μετά από επιβεβαίωση της διαθεσιμότητας από την εταιρία και έλεγχο των στοιχείων του οδηγού. Η εταιρία διατηρεί το δικαίωμα να προτείνει ισοδύναμο όχημα ίδιας ή ανώτερης κατηγορίας όταν αυτό απαιτηθεί από λειτουργικούς λόγους, χωρίς πρόσθετη χρέωση για τον πελάτη."",""vatRate"":24,""rentalRequirementsBody"":""Ο κύριος οδηγός οφείλει να διαθέτει ισχύουσα άδεια οδήγησης, ταυτότητα ή διαβατήριο και κάρτα ή άλλο μέσο πληρωμής αποδεκτό από την εταιρία. Ελάχιστη ηλικία, έτη κατοχής διπλώματος, εγγύηση και τυχόν επασφάλιστρα εξαρτώνται από την κατηγορία οχήματος και την τελική επιβεβαίωση της κράτησης."",""vehiclesPageDisplayMode"":""categories"",""enableTriggeredEmails"":false,""rentalPoliciesBody"":""Η πολιτική καυσίμου, οι ώρες παράδοσης και παραλαβής, οι χρεώσεις εκτός ωραρίου, οι ακυρώσεις, οι καθυστερήσεις και οι όροι επέκτασης της μίσθωσης επιβεβαιώνονται πριν την παράδοση. Τυχόν ζημιές, πρόστιμα, απώλειες εξοπλισμού ή χρήση του οχήματος κατά παράβαση των συμφωνημένων όρων βαρύνουν τον ενοικιαστή σύμφωνα με την τελική σύμβαση."",""active"":true,""afterHoursNotice"":""Για εξυπηρέτηση εκτός ωραρίου ισχύουν επιπλέον χρεώσεις.""}},""vehiclesPageModelsSource"":""fleet"",""rentalTermsIntro"":""Στην παρακάτω σελίδα συγκεντρώνονται βασικοί όροι, προϋποθέσεις και πολιτικές της ενοικίασης με μορφή εύκολη για ανάγνωση και ενημέρωση από το backroom."",""nightEndHour"":8,""stationProfiles"":[{""key"":""ath"",""label"":""ATH Athens"",""description"":""""},{""key"":""default"",""label"":""SKG Thessaloniki"",""description"":""""}],""bookingCanceledTriggerId"":"""",""defaultDeposit"":0,""operatingHoursLabel"":""08:00 - 22:00"",""companyPhone"":""+30 2310 000 000"",""companyAddress"":""Θεσσαλονίκη, Ελλάδα"",""_id"":""a5128991-cf12-4a62-bcde-64e77309b454"",""insuranceTermsBody"":""Η βασική κάλυψη αφορά την τυπική συμμετοχή του ενοικιαστή σύμφωνα με τους όρους της εταιρίας. Οι επιπλέον καλύψεις μειώνουν ή περιορίζουν την ευθύνη ανάλογα με το πρόγραμμα που θα επιλεγεί. Πριν από την τελική παράδοση του οχήματος, η ομάδα μας επιβεβαιώνει ξανά τις καλύψεις, τις εξαιρέσεις και το ύψος της συμμετοχής. Δεν καλύπτονται περιστατικά που προκύπτουν από παραβίαση του ΚΟΚ, οδήγηση υπό επήρεια, μη εξουσιοδοτημένο οδηγό, απώλεια κλειδιών ή εγγράφων και χρήση του οχήματος εκτός των συμφωνημένων όρων. Οι πληροφορίες της σελίδας έχουν ενημερωτικό χαρακτήρα και υπερισχύουν οι τελικοί όροι που επιβεβαιώνονται από την εταιρία πριν την παραλαβή."",""_owner"":""284e089f-48c1-4969-b018-a9add65901a8"",""_createdDate"":""2026-03-15T14:21:47.499Z"",""insuranceTermsIntro"":""Οι ασφαλιστικές επιλογές και οι σχετικοί όροι παρουσιάζονται με απλό τρόπο πριν από την ολοκλήρωση της κράτησης."",""insuranceDetailsTitle"":""Λεπτομέρειες ασφαλιστικών επιλογών"",""insuranceDetailsIntro"":""Παρακάτω βλέπεις συνοπτικά τις επιλογές κάλυψης που χρησιμοποιούνται στο front booking flow."",""insuranceDetailsBody"":""Το CDW αποτελεί τη βασική κάλυψη χωρίς επιπλέον ημερήσια χρέωση. Το SCDW μειώνει περαιτέρω την οικονομική έκθεση του οδηγού, ενώ το FULL παρέχει την πιο ενισχυμένη επιλογή προστασίας που εμφανίζεται στο backroom και στο booking flow. Για κάθε κράτηση, το τελικό πρόγραμμα ασφάλισης, οι χρεώσεις και οι εξαιρέσεις επιβεβαιώνονται από την ομάδα μας πριν από την παράδοση."",""rentalPrivacyBody"":""Τα προσωπικά δεδομένα χρησιμοποιούνται αποκλειστικά για την εξυπηρέτηση της κράτησης, την επικοινωνία με τον πελάτη και την εκπλήρωση νομικών ή φορολογικών υποχρεώσεων της εταιρίας. Για ειδικά αιτήματα, διορθώσεις στοιχείων ή απορίες σχετικά με την επεξεργασία δεδομένων, ο πελάτης μπορεί να επικοινωνεί με την εταιρία στα διαθέσιμα στοιχεία επικοινωνίας."",""nightStartHour"":22,""_updatedDate"":""2026-04-04T16:24:02.042Z"",""allowOverbooking"":true,""companyName"":""DIAMOND Rent A Car"",""insuranceTermsTitle"":""Όροι και λεπτομέρειες ασφαλειών"",""rentalTermsTitle"":""Όροι ενοικίασης και πολιτικές"",""companyCity"":""Thessaloniki"",""bookingConfirmedTriggerId"":"""",""currency"":""EUR"",""footerNote"":""Επαγγελματική εμπειρία ενοικίασης οχήματος με καθαρή ροή κράτησης, ξεκάθαρη τιμολόγηση και προσωπική επιβεβαίωση."",""title"":""Business settings"",""companyEmail"":""info@diamondrentacar.gr"",""companyTagline"":""Ενοικίαση οχημάτων στη Θεσσαλονίκη με καθαρή διαδικασία και γρήγορη επιβεβαίωση."",""rentalTermsBody"":""Η ενοικίαση ολοκληρώνεται μόνο μετά από επιβεβαίωση της διαθεσιμότητας από την εταιρία και έλεγχο των στοιχείων του οδηγού. Η εταιρία διατηρεί το δικαίωμα να προτείνει ισοδύναμο όχημα ίδιας ή ανώτερης κατηγορίας όταν αυτό απαιτηθεί από λειτουργικούς λόγους, χωρίς πρόσθετη χρέωση για τον πελάτη."",""vatRate"":24,""rentalRequirementsBody"":""Ο κύριος οδηγός οφείλει να διαθέτει ισχύουσα άδεια οδήγησης, ταυτότητα ή διαβατήριο και κάρτα ή άλλο μέσο πληρωμής αποδεκτό από την εταιρία. Ελάχιστη ηλικία, έτη κατοχής διπλώματος, εγγύηση και τυχόν επασφάλιστρα εξαρτώνται από την κατηγορία οχήματος και την τελική επιβεβαίωση της κράτησης."",""vehiclesPageDisplayMode"":""categories"",""enableTriggeredEmails"":false,""rentalPoliciesBody"":""Η πολιτική καυσίμου, οι ώρες παράδοσης και παραλαβής, οι χρεώσεις εκτός ωραρίου, οι ακυρώσεις, οι καθυστερήσεις και οι όροι επέκτασης της μίσθωσης επιβεβαιώνονται πριν την παράδοση. Τυχόν ζημιές, πρόστιμα, απώλειες εξοπλισμού ή χρήση του οχήματος κατά παράβαση των συμφωνημένων όρων βαρύνουν τον ενοικιαστή σύμφωνα με την τελική σύμβαση."",""active"":true,""afterHoursNotice"":""Για εξυπηρέτηση εκτός ωραρίου ισχύουν επιπλέον χρεώσεις.""}","ckatz1995@gmail.com","Nik nik",2026-04-04T16:24:02Z,2027-04-04T16:24:02Z
,"2e7232ff-6641-41ea-bce7-56f6f3e0667d",2026-03-17T12:26:34Z,2026-03-17T12:26:34Z,"48ba7aa5-ed2b-43d2-bdd7-6596e6ec75a8","pricing.pickupLocation","city_center_office","pricing.update","Ενημέρωση τοποθεσία Κέντρο Θεσσαλονίκης","{""description"":""Παραλαβή / παράδοση από το κεντρικό σημείο εξυπηρέτησης."",""_id"":""ebb125a2-bdae-489c-87e1-5bc86581d185"",""_owner"":""4139a8c1-c961-498e-9512-465437a7bf6c"",""_createdDate"":""2026-03-16T07:42:43.237Z"",""mapUrl"":"""",""publicVisible"":true,""label"":""Κέντρο Θεσσαλονίκης"",""_updatedDate"":""2026-03-16T10:51:56.156Z"",""key"":""city_center_office"",""extraFee"":25,""sortOrder"":20,""address"":""Θεσσαλονίκη, Κέντρο"",""locationType"":""dropoff"",""active"":true}","{""description"":""Παραλαβή / παράδοση από το κεντρικό σημείο εξυπηρέτησης."",""_id"":""ebb125a2-bdae-489c-87e1-5bc86581d185"",""_owner"":""4139a8c1-c961-498e-9512-465437a7bf6c"",""_createdDate"":""2026-03-16T07:42:43.237Z"",""mapUrl"":"""",""publicVisible"":true,""label"":""Κέντρο Θεσσαλονίκης"",""_updatedDate"":""2026-03-17T12:26:34.316Z"",""key"":""city_center_office"",""extraFee"":25,""sortOrder"":3,""address"":""Θεσσαλονίκη, Κέντρο"",""locationType"":""dropoff"",""active"":true}","ckatz1995@gmail.com","Nik nik",2026-03-17T12:26:34Z,2027-03-17T12:26:34Z
,"2f6cdac7-f65e-4638-aeb2-81e12becb656",2026-03-16T10:35:55Z,2026-03-16T10:35:55Z,"4139a8c1-c961-498e-9512-465437a7bf6c","pricing.vehicleCategory","81e5ca63-92d3-4a82-ac49-987dfb6d4b9e","pricing.updateVehicleCategory","Ενημέρωση κατηγορία οχήματος B - B -  Seat Ibiza","{""image"":""wix:image://v1/284e08_d6ec3f641551459db35a12c54dd32100~mv2.png/seat-ibiza-fr-black-edition-2025_edited_edited_edited_edited_edited.png#originWidth=1068&originHeight=586"",""description"":"""",""_id"":""81e5ca63-92d3-4a82-ac49-987dfb6d4b9e"",""_owner"":""284e089f-48c1-4969-b018-a9add65901a8"",""_createdDate"":""2026-02-23T11:18:57.726Z"",""fuelType"":""Βενζίνη"",""price"":20,""doors"":""5"",""publicVisible"":true,""_updatedDate"":""2026-03-15T22:15:42.272Z"",""engineCc"":1200,""status"":""Available"",""sortOrder"":9999,""badge"":"""",""category"":""B"",""title"":""B -  Seat Ibiza"",""seats"":""5"",""transmission"":""Χειροκίνητο"",""airCondition"":true,""luggage"":""2"",""luggage1"":2,""active"":true}","{""image"":""wix:image://v1/284e08_d6ec3f641551459db35a12c54dd32100~mv2.png/seat-ibiza-fr-black-edition-2025_edited_edited_edited_edited_edited.png#originWidth=1068&originHeight=586"",""description"":"""",""_id"":""81e5ca63-92d3-4a82-ac49-987dfb6d4b9e"",""_owner"":""284e089f-48c1-4969-b018-a9add65901a8"",""_createdDate"":""2026-02-23T11:18:57.726Z"",""fuelType"":""Βενζίνη"",""price"":20,""doors"":""5"",""publicVisible"":true,""_updatedDate"":""2026-03-16T10:35:55.133Z"",""engineCc"":1200,""status"":""Available"",""sortOrder"":2,""badge"":"""",""category"":""B"",""title"":""B -  Seat Ibiza"",""seats"":""5"",""transmission"":""Χειροκίνητο"",""airCondition"":true,""luggage"":""2"",""luggage1"":2,""active"":true}","ckatz1995@gmail.com","Nik nik",2026-03-16T10:35:55Z,2027-03-16T10:35:55Z
,"2fedf7fb-97d0-45a9-9583-7a83943c976c",2026-03-16T15:36:16Z,2026-03-16T15:36:16Z,"48ba7aa5-ed2b-43d2-bdd7-6596e6ec75a8","staffAuth","ckatz1995@gmail.com","loginSuccess","Backroom login",,,"ckatz1995@gmail.com","Nik nik",2026-03-16T15:36:16Z,2027-03-16T15:36:16Z
,"3051e51b-07ad-46a3-942e-0ae2b7cedf37",2026-03-22T10:04:25Z,2026-03-22T10:04:25Z,"4139a8c1-c961-498e-9512-465437a7bf6c","pricing.pickupLocation","city_center_office_pickup","pricing.update","Ενημέρωση τοποθεσία Κέντρο Θεσσαλονίκης","{""description"":""Παραλαβή / παράδοση από το κεντρικό σημείο εξυπηρέτησης."",""_id"":""fe8e4bc4-9b1b-4dba-9369-d83ac7a68271"",""_owner"":""284e089f-48c1-4969-b018-a9add65901a8"",""_createdDate"":""2026-03-15T22:56:27.551Z"",""mapUrl"":"""",""publicVisible"":false,""label"":""Κέντρο Θεσσαλονίκης 1"",""_updatedDate"":""2026-03-22T10:03:46.202Z"",""key"":""city_center_office_pickup"",""extraFee"":25,""sortOrder"":999,""address"":""Θεσσαλονίκη, Κέντρο"",""locationType"":""pickup"",""active"":false}","{""description"":""Παραλαβή / παράδοση από το κεντρικό σημείο εξυπηρέτησης."",""_id"":""fe8e4bc4-9b1b-4dba-9369-d83ac7a68271"",""_owner"":""284e089f-48c1-4969-b018-a9add65901a8"",""_createdDate"":""2026-03-15T22:56:27.551Z"",""mapUrl"":"""",""publicVisible"":true,""label"":""Κέντρο Θεσσαλονίκης"",""_updatedDate"":""2026-03-22T10:04:25.577Z"",""key"":""city_center_office_pickup"",""extraFee"":25,""sortOrder"":20,""address"":""Θεσσαλονίκη, Κέντρο"",""locationType"":""pickup"",""active"":true}","ckatz1995@gmail.com","Nik nik",2026-03-22T10:04:25Z,2027-03-22T10:04:25Z
,"30a22408-bd6f-4a8f-b53e-d24c1bdef060",2026-03-17T22:30:11Z,2026-03-17T22:30:11Z,"284e089f-48c1-4969-b018-a9add65901a8","pricing.businessSettings","a5128991-cf12-4a62-bcde-64e77309b454","pricing.saveBusinessSettings","Ενημέρωση business settings","{""vehiclesPageModelsSource"":""fleet"",""rentalTermsIntro"":""Στην παρακάτω σελίδα συγκεντρώνονται βασικοί όροι, προϋποθέσεις και πολιτικές της ενοικίασης με μορφή εύκολη για ανάγνωση και ενημέρωση από το backroom."",""nightEndHour"":8,""bookingCanceledTriggerId"":"""",""defaultDeposit"":0,""companyPhone"":""+30 2310 000 000"",""companyAddress"":""Θεσσαλονίκη, Ελλάδα"",""_id"":""a5128991-cf12-4a62-bcde-64e77309b454"",""insuranceTermsBody"":""Η βασική κάλυψη αφορά την τυπική συμμετοχή του ενοικιαστή σύμφωνα με τους όρους της εταιρίας. Οι επιπλέον καλύψεις μειώνουν ή περιορίζουν την ευθύνη ανάλογα με το πρόγραμμα που θα επιλεγεί. Πριν από την τελική παράδοση του οχήματος, η ομάδα μας επιβεβαιώνει ξανά τις καλύψεις, τις εξαιρέσεις και το ύψος της συμμετοχής. Δεν καλύπτονται περιστατικά που προκύπτουν από παραβίαση του ΚΟΚ, οδήγηση υπό επήρεια, μη εξουσιοδοτημένο οδηγό, απώλεια κλειδιών ή εγγράφων και χρήση του οχήματος εκτός των συμφωνημένων όρων. Οι πληροφορίες της σελίδας έχουν ενημερωτικό χαρακτήρα και υπερισχύουν οι τελικοί όροι που επιβεβαιώνονται από την εταιρία πριν την παραλαβή."",""_owner"":""284e089f-48c1-4969-b018-a9add65901a8"",""_createdDate"":""2026-03-15T14:21:47.499Z"",""insuranceTermsIntro"":""Οι ασφαλιστικές επιλογές και οι σχετικοί όροι παρουσιάζονται με απλό τρόπο πριν από την ολοκλήρωση της κράτησης."",""insuranceDetailsTitle"":""Λεπτομέρειες ασφαλιστικών επιλογών"",""insuranceDetailsIntro"":""Παρακάτω βλέπεις συνοπτικά τις επιλογές κάλυψης που χρησιμοποιούνται στο front booking flow."",""insuranceDetailsBody"":""Το CDW αποτελεί τη βασική κάλυψη χωρίς επιπλέον ημερήσια χρέωση. Το SCDW μειώνει περαιτέρω την οικονομική έκθεση του οδηγού, ενώ το FULL παρέχει την πιο ενισχυμένη επιλογή προστασίας που εμφανίζεται στο backroom και στο booking flow. Για κάθε κράτηση, το τελικό πρόγραμμα ασφάλισης, οι χρεώσεις και οι εξαιρέσεις επιβεβαιώνονται από την ομάδα μας πριν από την παράδοση."",""rentalPrivacyBody"":""Τα προσωπικά δεδομένα χρησιμοποιούνται αποκλειστικά για την εξυπηρέτηση της κράτησης, την επικοινωνία με τον πελάτη και την εκπλήρωση νομικών ή φορολογικών υποχρεώσεων της εταιρίας. Για ειδικά αιτήματα, διορθώσεις στοιχείων ή απορίες σχετικά με την επεξεργασία δεδομένων, ο πελάτης μπορεί να επικοινωνεί με την εταιρία στα διαθέσιμα στοιχεία επικοινωνίας."",""nightStartHour"":22,""_updatedDate"":""2026-03-17T22:29:48.498Z"",""allowOverbooking"":true,""companyName"":""DIAMOND Rent A Car"",""insuranceTermsTitle"":""Όροι και λεπτομέρειες ασφαλειών"",""rentalTermsTitle"":""Όροι ενοικίασης και πολιτικές"",""companyCity"":""Thessaloniki"",""bookingConfirmedTriggerId"":"""",""currency"":""EUR"",""footerNote"":""Επαγγελματική εμπειρία ενοικίασης οχήματος με καθαρή ροή κράτησης, ξεκάθαρη τιμολόγηση και προσωπική επιβεβαίωση."",""title"":""Default business settings"",""companyEmail"":""info@diamondrentacar.gr"",""companyTagline"":""Ενοικίαση οχημάτων στη Θεσσαλονίκη με καθαρή διαδικασία και γρήγορη επιβεβαίωση."",""rentalTermsBody"":""Η ενοικίαση ολοκληρώνεται μόνο μετά από επιβεβαίωση της διαθεσιμότητας από την εταιρία και έλεγχο των στοιχείων του οδηγού. Η εταιρία διατηρεί το δικαίωμα να προτείνει ισοδύναμο όχημα ίδιας ή ανώτερης κατηγορίας όταν αυτό απαιτηθεί από λειτουργικούς λόγους, χωρίς πρόσθετη χρέωση για τον πελάτη."",""vatRate"":24,""rentalRequirementsBody"":""Ο κύριος οδηγός οφείλει να διαθέτει ισχύουσα άδεια οδήγησης, ταυτότητα ή διαβατήριο και κάρτα ή άλλο μέσο πληρωμής αποδεκτό από την εταιρία. Ελάχιστη ηλικία, έτη κατοχής διπλώματος, εγγύηση και τυχόν επασφάλιστρα εξαρτώνται από την κατηγορία οχήματος και την τελική επιβεβαίωση της κράτησης."",""vehiclesPageDisplayMode"":""categories"",""enableTriggeredEmails"":true,""rentalPoliciesBody"":""Η πολιτική καυσίμου, οι ώρες παράδοσης και παραλαβής, οι χρεώσεις εκτός ωραρίου, οι ακυρώσεις, οι καθυστερήσεις και οι όροι επέκτασης της μίσθωσης επιβεβαιώνονται πριν την παράδοση. Τυχόν ζημιές, πρόστιμα, απώλειες εξοπλισμού ή χρήση του οχήματος κατά παράβαση των συμφωνημένων όρων βαρύνουν τον ενοικιαστή σύμφωνα με την τελική σύμβαση."",""active"":true}","{""vehiclesPageModelsSource"":""fleet"",""rentalTermsIntro"":""Στην παρακάτω σελίδα συγκεντρώνονται βασικοί όροι, προϋποθέσεις και πολιτικές της ενοικίασης με μορφή εύκολη για ανάγνωση και ενημέρωση από το backroom."",""nightEndHour"":8,""bookingCanceledTriggerId"":"""",""defaultDeposit"":0,""companyPhone"":""+30 2310 000 000"",""companyAddress"":""Θεσσαλονίκη, Ελλάδα"",""_id"":""a5128991-cf12-4a62-bcde-64e77309b454"",""insuranceTermsBody"":""Η βασική κάλυψη αφορά την τυπική συμμετοχή του ενοικιαστή σύμφωνα με τους όρους της εταιρίας. Οι επιπλέον καλύψεις μειώνουν ή περιορίζουν την ευθύνη ανάλογα με το πρόγραμμα που θα επιλεγεί. Πριν από την τελική παράδοση του οχήματος, η ομάδα μας επιβεβαιώνει ξανά τις καλύψεις, τις εξαιρέσεις και το ύψος της συμμετοχής. Δεν καλύπτονται περιστατικά που προκύπτουν από παραβίαση του ΚΟΚ, οδήγηση υπό επήρεια, μη εξουσιοδοτημένο οδηγό, απώλεια κλειδιών ή εγγράφων και χρήση του οχήματος εκτός των συμφωνημένων όρων. Οι πληροφορίες της σελίδας έχουν ενημερωτικό χαρακτήρα και υπερισχύουν οι τελικοί όροι που επιβεβαιώνονται από την εταιρία πριν την παραλαβή."",""_owner"":""284e089f-48c1-4969-b018-a9add65901a8"",""_createdDate"":""2026-03-15T14:21:47.499Z"",""insuranceTermsIntro"":""Οι ασφαλιστικές επιλογές και οι σχετικοί όροι παρουσιάζονται με απλό τρόπο πριν από την ολοκλήρωση της κράτησης."",""insuranceDetailsTitle"":""Λεπτομέρειες ασφαλιστικών επιλογών"",""insuranceDetailsIntro"":""Παρακάτω βλέπεις συνοπτικά τις επιλογές κάλυψης που χρησιμοποιούνται στο front booking flow."",""insuranceDetailsBody"":""Το CDW αποτελεί τη βασική κάλυψη χωρίς επιπλέον ημερήσια χρέωση. Το SCDW μειώνει περαιτέρω την οικονομική έκθεση του οδηγού, ενώ το FULL παρέχει την πιο ενισχυμένη επιλογή προστασίας που εμφανίζεται στο backroom και στο booking flow. Για κάθε κράτηση, το τελικό πρόγραμμα ασφάλισης, οι χρεώσεις και οι εξαιρέσεις επιβεβαιώνονται από την ομάδα μας πριν από την παράδοση."",""rentalPrivacyBody"":""Τα προσωπικά δεδομένα χρησιμοποιούνται αποκλειστικά για την εξυπηρέτηση της κράτησης, την επικοινωνία με τον πελάτη και την εκπλήρωση νομικών ή φορολογικών υποχρεώσεων της εταιρίας. Για ειδικά αιτήματα, διορθώσεις στοιχείων ή απορίες σχετικά με την επεξεργασία δεδομένων, ο πελάτης μπορεί να επικοινωνεί με την εταιρία στα διαθέσιμα στοιχεία επικοινωνίας."",""nightStartHour"":22,""_updatedDate"":""2026-03-17T22:30:11.637Z"",""allowOverbooking"":true,""companyName"":""DIAMOND Rent A Car"",""insuranceTermsTitle"":""Όροι και λεπτομέρειες ασφαλειών"",""rentalTermsTitle"":""Όροι ενοικίασης και πολιτικές"",""companyCity"":""Thessaloniki"",""bookingConfirmedTriggerId"":"""",""currency"":""EUR"",""footerNote"":""Επαγγελματική εμπειρία ενοικίασης οχήματος με καθαρή ροή κράτησης, ξεκάθαρη τιμολόγηση και προσωπική επιβεβαίωση."",""title"":""Default business settings"",""companyEmail"":""info@diamondrentacar.gr"",""companyTagline"":""Ενοικίαση οχημάτων στη Θεσσαλονίκη με καθαρή διαδικασία και γρήγορη επιβεβαίωση."",""rentalTermsBody"":""Η ενοικίαση ολοκληρώνεται μόνο μετά από επιβεβαίωση της διαθεσιμότητας από την εταιρία και έλεγχο των στοιχείων του οδηγού. Η εταιρία διατηρεί το δικαίωμα να προτείνει ισοδύναμο όχημα ίδιας ή ανώτερης κατηγορίας όταν αυτό απαιτηθεί από λειτουργικούς λόγους, χωρίς πρόσθετη χρέωση για τον πελάτη."",""vatRate"":24,""rentalRequirementsBody"":""Ο κύριος οδηγός οφείλει να διαθέτει ισχύουσα άδεια οδήγησης, ταυτότητα ή διαβατήριο και κάρτα ή άλλο μέσο πληρωμής αποδεκτό από την εταιρία. Ελάχιστη ηλικία, έτη κατοχής διπλώματος, εγγύηση και τυχόν επασφάλιστρα εξαρτώνται από την κατηγορία οχήματος και την τελική επιβεβαίωση της κράτησης."",""vehiclesPageDisplayMode"":""categories"",""enableTriggeredEmails"":false,""rentalPoliciesBody"":""Η πολιτική καυσίμου, οι ώρες παράδοσης και παραλαβής, οι χρεώσεις εκτός ωραρίου, οι ακυρώσεις, οι καθυστερήσεις και οι όροι επέκτασης της μίσθωσης επιβεβαιώνονται πριν την παράδοση. Τυχόν ζημιές, πρόστιμα, απώλειες εξοπλισμού ή χρήση του οχήματος κατά παράβαση των συμφωνημένων όρων βαρύνουν τον ενοικιαστή σύμφωνα με την τελική σύμβαση."",""active"":true}","ckatz1995@gmail.com","Nik nik",2026-03-17T22:30:11Z,2027-03-17T22:30:11Z
,"3114ba5f-1ac3-4c17-9f1d-b1858328d34e",2026-03-15T14:33:08Z,2026-03-15T14:33:08Z,"4139a8c1-c961-498e-9512-465437a7bf6c","staffAuth","admin@diamondrentacar.gr","loginFailed","Wrong password",,,"admin@diamondrentacar.gr","Site Admin",2026-03-15T14:33:07Z,2027-03-15T14:33:07Z
,"32f0d354-1984-4665-9e4b-c8e2243aaeb8",2026-03-22T10:01:10Z,2026-03-22T10:01:10Z,"4139a8c1-c961-498e-9512-465437a7bf6c","pricing.pickupLocation","hotel_delivery_pickup","pricing.update","Ενημέρωση τοποθεσία Παράδοση σε ξενοδοχείο","{""description"":""Παράδοση / παραλαβή σε ξενοδοχείο εντός πόλης."",""_id"":""461e4bcb-abb9-415a-a47b-bb61c8011beb"",""_owner"":""284e089f-48c1-4969-b018-a9add65901a8"",""_createdDate"":""2026-03-15T22:56:27.549Z"",""mapUrl"":"""",""publicVisible"":true,""label"":""Παράδοση σε ξενοδοχείο"",""_updatedDate"":""2026-03-17T12:28:12.480Z"",""key"":""hotel_delivery"",""extraFee"":40,""sortOrder"":50,""address"":""Θεσσαλονίκη"",""locationType"":""both"",""active"":true}","{""description"":""Παράδοση / παραλαβή σε ξενοδοχείο εντός πόλης."",""_id"":""461e4bcb-abb9-415a-a47b-bb61c8011beb"",""_owner"":""284e089f-48c1-4969-b018-a9add65901a8"",""_createdDate"":""2026-03-15T22:56:27.549Z"",""mapUrl"":"""",""publicVisible"":true,""label"":""Παράδοση σε ξενοδοχείο"",""_updatedDate"":""2026-03-22T10:01:09.814Z"",""key"":""hotel_delivery_pickup"",""extraFee"":20,""sortOrder"":50,""address"":""Θεσσαλονίκη"",""locationType"":""pickup"",""active"":true}","ckatz1995@gmail.com","Nik nik",2026-03-22T10:01:09Z,2027-03-22T10:01:09Z
,"34048f3c-3141-4a8f-b905-7a7d34e6afc2",2026-03-16T18:02:48Z,2026-03-16T18:02:48Z,"284e089f-48c1-4969-b018-a9add65901a8","pricing.businessSettings","a5128991-cf12-4a62-bcde-64e77309b454","pricing.saveBusinessSettings","Ενημέρωση business settings","{""nightEndHour"":8,""defaultDeposit"":0,""companyPhone"":""+30 2310 000 000"",""companyAddress"":""Θεσσαλονίκη, Ελλάδα"",""_id"":""a5128991-cf12-4a62-bcde-64e77309b454"",""insuranceTermsBody"":""Η βασική κάλυψη αφορά την τυπική συμμετοχή του ενοικιαστή σύμφωνα με τους όρους της εταιρίας. Οι επιπλέον καλύψεις μειώνουν ή περιορίζουν την ευθύνη ανάλογα με το πρόγραμμα που θα επιλεγεί. Πριν από την τελική παράδοση του οχήματος, η ομάδα μας επιβεβαιώνει ξανά τις καλύψεις, τις εξαιρέσεις και το ύψος της συμμετοχής. Δεν καλύπτονται περιστατικά που προκύπτουν από παραβίαση του ΚΟΚ, οδήγηση υπό επήρεια, μη εξουσιοδοτημένο οδηγό, απώλεια κλειδιών ή εγγράφων και χρήση του οχήματος εκτός των συμφωνημένων όρων. Οι πληροφορίες της σελίδας έχουν ενημερωτικό χαρακτήρα και υπερισχύουν οι τελικοί όροι που επιβεβαιώνονται από την εταιρία πριν την παραλαβή."",""_owner"":""284e089f-48c1-4969-b018-a9add65901a8"",""_createdDate"":""2026-03-15T14:21:47.499Z"",""insuranceTermsIntro"":""Οι ασφαλιστικές επιλογές και οι σχετικοί όροι παρουσιάζονται με απλό τρόπο πριν από την ολοκλήρωση της κράτησης."",""insuranceDetailsTitle"":""Λεπτομέρειες ασφαλιστικών επιλογών"",""insuranceDetailsIntro"":""Παρακάτω βλέπεις συνοπτικά τις επιλογές κάλυψης που χρησιμοποιούνται στο front booking flow."",""insuranceDetailsBody"":""Το CDW αποτελεί τη βασική κάλυψη χωρίς επιπλέον ημερήσια χρέωση. Το SCDW μειώνει περαιτέρω την οικονομική έκθεση του οδηγού, ενώ το FULL παρέχει την πιο ενισχυμένη επιλογή προστασίας που εμφανίζεται στο backroom και στο booking flow. Για κάθε κράτηση, το τελικό πρόγραμμα ασφάλισης, οι χρεώσεις και οι εξαιρέσεις επιβεβαιώνονται από την ομάδα μας πριν από την παράδοση."",""nightStartHour"":22,""_updatedDate"":""2026-03-16T18:02:24.045Z"",""companyName"":""DIAMOND Rent A Car 1"",""insuranceTermsTitle"":""Όροι και λεπτομέρειες ασφαλειών"",""companyCity"":""Thessaloniki"",""currency"":""EUR"",""footerNote"":""Επαγγελματική εμπειρία ενοικίασης οχήματος με καθαρή ροή κράτησης, ξεκάθαρη τιμολόγηση και προσωπική επιβεβαίωση."",""title"":""Default business settings"",""companyEmail"":""info@diamondrentacar.gr"",""companyTagline"":""Ενοικίαση οχημάτων στη Θεσσαλονίκη με καθαρή διαδικασία και γρήγορη επιβεβαίωση."",""vatRate"":24,""active"":true}","{""nightEndHour"":8,""defaultDeposit"":0,""companyPhone"":""+30 2310 000 000"",""companyAddress"":""Θεσσαλονίκη, Ελλάδα"",""_id"":""a5128991-cf12-4a62-bcde-64e77309b454"",""insuranceTermsBody"":""Η βασική κάλυψη αφορά την τυπική συμμετοχή του ενοικιαστή σύμφωνα με τους όρους της εταιρίας. Οι επιπλέον καλύψεις μειώνουν ή περιορίζουν την ευθύνη ανάλογα με το πρόγραμμα που θα επιλεγεί. Πριν από την τελική παράδοση του οχήματος, η ομάδα μας επιβεβαιώνει ξανά τις καλύψεις, τις εξαιρέσεις και το ύψος της συμμετοχής. Δεν καλύπτονται περιστατικά που προκύπτουν από παραβίαση του ΚΟΚ, οδήγηση υπό επήρεια, μη εξουσιοδοτημένο οδηγό, απώλεια κλειδιών ή εγγράφων και χρήση του οχήματος εκτός των συμφωνημένων όρων. Οι πληροφορίες της σελίδας έχουν ενημερωτικό χαρακτήρα και υπερισχύουν οι τελικοί όροι που επιβεβαιώνονται από την εταιρία πριν την παραλαβή."",""_owner"":""284e089f-48c1-4969-b018-a9add65901a8"",""_createdDate"":""2026-03-15T14:21:47.499Z"",""insuranceTermsIntro"":""Οι ασφαλιστικές επιλογές και οι σχετικοί όροι παρουσιάζονται με απλό τρόπο πριν από την ολοκλήρωση της κράτησης."",""insuranceDetailsTitle"":""Λεπτομέρειες ασφαλιστικών επιλογών"",""insuranceDetailsIntro"":""Παρακάτω βλέπεις συνοπτικά τις επιλογές κάλυψης που χρησιμοποιούνται στο front booking flow."",""insuranceDetailsBody"":""Το CDW αποτελεί τη βασική κάλυψη χωρίς επιπλέον ημερήσια χρέωση. Το SCDW μειώνει περαιτέρω την οικονομική έκθεση του οδηγού, ενώ το FULL παρέχει την πιο ενισχυμένη επιλογή προστασίας που εμφανίζεται στο backroom και στο booking flow. Για κάθε κράτηση, το τελικό πρόγραμμα ασφάλισης, οι χρεώσεις και οι εξαιρέσεις επιβεβαιώνονται από την ομάδα μας πριν από την παράδοση."",""nightStartHour"":22,""_updatedDate"":""2026-03-16T18:02:48.062Z"",""companyName"":""DIAMOND Rent A Car"",""insuranceTermsTitle"":""Όροι και λεπτομέρειες ασφαλειών"",""companyCity"":""Thessaloniki"",""currency"":""EUR"",""footerNote"":""Επαγγελματική εμπειρία ενοικίασης οχήματος με καθαρή ροή κράτησης, ξεκάθαρη τιμολόγηση και προσωπική επιβεβαίωση."",""title"":""Default business settings"",""companyEmail"":""info@diamondrentacar.gr"",""companyTagline"":""Ενοικίαση οχημάτων στη Θεσσαλονίκη με καθαρή διαδικασία και γρήγορη επιβεβαίωση."",""vatRate"":24,""active"":true}","ckatz1995@gmail.com","Nik nik",2026-03-16T18:02:48Z,2027-03-16T18:02:48Z
,"34a111ae-f93a-4852-a284-d0e75ed09e07",2026-03-15T17:46:29Z,2026-03-15T17:46:29Z,"4139a8c1-c961-498e-9512-465437a7bf6c","staffAuth","ckatz1995@gmail.com","loginSuccess","Backroom login",,,"ckatz1995@gmail.com","Nik nik",2026-03-15T17:46:29Z,2027-03-15T17:46:29Z
,"3537a2db-e09d-4978-96c7-8c4a715fbf69",2026-03-16T15:19:41Z,2026-03-16T15:19:41Z,"48ba7aa5-ed2b-43d2-bdd7-6596e6ec75a8","pricing.fee","nightpickup","pricing.update","Ενημέρωση fee rule Xρέωση παραλαβής εκτός ωραρίου 22:00-08:00","{""audienceGroup"":""22:00-08:00"",""description"":"""",""_id"":""007cefa3-2cdd-4c6a-bc74-07fe144899b4"",""_owner"":""284e089f-48c1-4969-b018-a9add65901a8"",""_createdDate"":""2026-03-15T14:23:42.992Z"",""billingMode"":""perBooking"",""publicVisible"":true,""label"":""Xρέωση παραλαβής εκτός ωραρίου"",""_updatedDate"":""2026-03-15T16:15:22.125Z"",""ruleType"":""nightPickup"",""amount"":25,""key"":""nightPickup"",""sortOrder"":30,""title"":""Xρέωση παραλαβής εκτός ωραρίου"",""active"":true}","{""audienceGroup"":""22:00-08:00"",""description"":"""",""_id"":""007cefa3-2cdd-4c6a-bc74-07fe144899b4"",""_owner"":""284e089f-48c1-4969-b018-a9add65901a8"",""_createdDate"":""2026-03-15T14:23:42.992Z"",""billingMode"":""perBooking"",""publicVisible"":true,""label"":""Xρέωση παραλαβής εκτός ωραρίου 22:00-08:00"",""_updatedDate"":""2026-03-16T15:19:41.418Z"",""ruleType"":""nightPickup"",""amount"":25,""key"":""nightpickup"",""sortOrder"":30,""title"":""Xρέωση παραλαβής εκτός ωραρίου 22:00-08:00"",""active"":true}","ckatz1995@gmail.com","Nik nik",2026-03-16T15:19:41Z,2027-03-16T15:19:41Z
,"367e6302-89b0-4468-b51a-2419c3dea116",2026-03-22T10:04:09Z,2026-03-22T10:04:09Z,"4139a8c1-c961-498e-9512-465437a7bf6c","pricing.pickupLocation","city_center_office","pricing.update","Ενημέρωση τοποθεσία Κέντρο Θεσσαλονίκης","{""description"":""Παραλαβή / παράδοση από το κεντρικό σημείο εξυπηρέτησης."",""_id"":""ebb125a2-bdae-489c-87e1-5bc86581d185"",""_owner"":""4139a8c1-c961-498e-9512-465437a7bf6c"",""_createdDate"":""2026-03-16T07:42:43.237Z"",""mapUrl"":"""",""publicVisible"":true,""label"":""Κέντρο Θεσσαλονίκης"",""_updatedDate"":""2026-03-17T12:27:49.961Z"",""key"":""city_center_office"",""extraFee"":25,""sortOrder"":30,""address"":""Θεσσαλονίκη, Κέντρο"",""locationType"":""dropoff"",""active"":true}","{""description"":""Παραλαβή / παράδοση από το κεντρικό σημείο εξυπηρέτησης."",""_id"":""ebb125a2-bdae-489c-87e1-5bc86581d185"",""_owner"":""4139a8c1-c961-498e-9512-465437a7bf6c"",""_createdDate"":""2026-03-16T07:42:43.237Z"",""mapUrl"":"""",""publicVisible"":true,""label"":""Κέντρο Θεσσαλονίκης"",""_updatedDate"":""2026-03-22T10:04:09.310Z"",""key"":""city_center_office"",""extraFee"":25,""sortOrder"":20,""address"":""Θεσσαλονίκη, Κέντρο"",""locationType"":""dropoff"",""active"":true}","ckatz1995@gmail.com","Nik nik",2026-03-22T10:04:09Z,2027-03-22T10:04:09Z
,"371887a0-5abb-4811-a82f-26bfb96cff24",2026-04-11T06:50:07Z,2026-04-11T06:50:07Z,"48ba7aa5-ed2b-43d2-bdd7-6596e6ec75a8","staffAuth","ckatz1995@gmail.com","loginSuccess","Backroom login",,,"ckatz1995@gmail.com","Nik nik",2026-04-11T06:50:07Z,2027-04-11T06:50:07Z
,"38b830fd-53f0-42b0-87e2-3b40cbbb26d7",2026-04-04T12:30:43Z,2026-04-04T12:30:43Z,"4139a8c1-c961-498e-9512-465437a7bf6c","pricing.pickupLocation","hotel_delivery_pickup","pricing.update","Ενημέρωση τοποθεσία Παράδοση σε ξενοδοχείο","{""description"":""Παράδοση / παραλαβή σε ξενοδοχείο εντός πόλης."",""_id"":""461e4bcb-abb9-415a-a47b-bb61c8011beb"",""_owner"":""284e089f-48c1-4969-b018-a9add65901a8"",""_createdDate"":""2026-03-15T22:56:27.549Z"",""mapUrl"":"""",""publicVisible"":true,""label"":""Παράδοση σε ξενοδοχείο"",""_updatedDate"":""2026-03-22T10:02:12.426Z"",""key"":""hotel_delivery_pickup"",""extraFee"":25,""sortOrder"":50,""address"":""Θεσσαλονίκη"",""locationType"":""pickup"",""active"":true}","{""description"":""Παράδοση / παραλαβή σε ξενοδοχείο εντός πόλης."",""_id"":""461e4bcb-abb9-415a-a47b-bb61c8011beb"",""_owner"":""284e089f-48c1-4969-b018-a9add65901a8"",""_createdDate"":""2026-03-15T22:56:27.549Z"",""mapUrl"":"""",""publicVisible"":true,""label"":""Παράδοση σε ξενοδοχείο"",""_updatedDate"":""2026-04-04T12:30:43.690Z"",""key"":""hotel_delivery_pickup"",""extraFee"":25,""sortOrder"":50,""address"":""Θεσσαλονίκη"",""locationType"":""pickup"",""active"":true,""stationKey"":""a"",""stationLabel"":""a""}","ckatz1995@gmail.com","Nik nik",2026-04-04T12:30:43Z,2027-04-04T12:30:43Z
,"38cedf27-4d2d-4b4e-9dac-9280765d706f",2026-04-08T08:50:15Z,2026-04-08T08:50:15Z,"48ba7aa5-ed2b-43d2-bdd7-6596e6ec75a8","staffAuth","ckatz1995@gmail.com","logout","Backroom logout",,,"ckatz1995@gmail.com","Nik nik",2026-04-08T08:50:15Z,2027-04-08T08:50:15Z
,"38e1e832-4f83-43cf-93c0-023d955601f4",2026-04-04T15:39:16Z,2026-04-04T15:39:16Z,"4139a8c1-c961-498e-9512-465437a7bf6c","pricing.pickupLocation","airport_ath","pricing.update","Ενημέρωση τοποθεσία Αεροδρόμιο Αθήνας","{""stationKey"":""ath"",""description"":"""",""_id"":""c2860a49-2ee7-460a-bdf4-3b366068f937"",""_owner"":""4139a8c1-c961-498e-9512-465437a7bf6c"",""_createdDate"":""2026-04-04T10:58:15.269Z"",""mapUrl"":"""",""publicVisible"":true,""label"":""Αεροδρόμιο Αθήνας"",""_updatedDate"":""2026-04-04T15:39:06.527Z"",""stationLabel"":""ATH Athens"",""key"":""airport_ath"",""extraFee"":0,""sortOrder"":9999,""address"":""Αεροδρόμιο Ελευθέριος Βενιζέλος"",""locationType"":""both"",""active"":true}","{""stationKey"":""ath"",""description"":"""",""_id"":""c2860a49-2ee7-460a-bdf4-3b366068f937"",""_owner"":""4139a8c1-c961-498e-9512-465437a7bf6c"",""_createdDate"":""2026-04-04T10:58:15.269Z"",""mapUrl"":"""",""publicVisible"":true,""label"":""Αεροδρόμιο Αθήνας"",""_updatedDate"":""2026-04-04T15:39:15.941Z"",""stationLabel"":""ATH Athens"",""key"":""airport_ath"",""extraFee"":0,""sortOrder"":9999,""address"":""Αεροδρόμιο Ελευθέριος Βενιζέλος"",""locationType"":""both"",""active"":true}","ckatz1995@gmail.com","Nik nik",2026-04-04T15:39:16Z,2027-04-04T15:39:16Z
,"3a173315-f7af-4492-af18-fd0f446ce989",2026-03-16T11:37:58Z,2026-03-16T11:37:58Z,"4139a8c1-c961-498e-9512-465437a7bf6c","pricing.businessSettings","a5128991-cf12-4a62-bcde-64e77309b454","pricing.saveBusinessSettings","Ενημέρωση business settings","{""nightEndHour"":8,""defaultDeposit"":0,""companyPhone"":""+30 2310 000 001"",""companyAddress"":""Θεσσαλονίκη, Ελλάδα"",""_id"":""a5128991-cf12-4a62-bcde-64e77309b454"",""insuranceTermsBody"":""Η βασική κάλυψη αφορά την τυπική συμμετοχή του ενοικιαστή σύμφωνα με τους όρους της εταιρίας. Οι επιπλέον καλύψεις μειώνουν ή περιορίζουν την ευθύνη ανάλογα με το πρόγραμμα που θα επιλεγεί. Πριν από την τελική παράδοση του οχήματος, η ομάδα μας επιβεβαιώνει ξανά τις καλύψεις, τις εξαιρέσεις και το ύψος της συμμετοχής. Δεν καλύπτονται περιστατικά που προκύπτουν από παραβίαση του ΚΟΚ, οδήγηση υπό επήρεια, μη εξουσιοδοτημένο οδηγό, απώλεια κλειδιών ή εγγράφων και χρήση του οχήματος εκτός των συμφωνημένων όρων. Οι πληροφορίες της σελίδας έχουν ενημερωτικό χαρακτήρα και υπερισχύουν οι τελικοί όροι που επιβεβαιώνονται από την εταιρία πριν την παραλαβή."",""_owner"":""284e089f-48c1-4969-b018-a9add65901a8"",""_createdDate"":""2026-03-15T14:21:47.499Z"",""insuranceTermsIntro"":""Οι ασφαλιστικές επιλογές και οι σχετικοί όροι παρουσιάζονται με απλό τρόπο πριν από την ολοκλήρωση της κράτησης."",""insuranceDetailsTitle"":""Λεπτομέρειες ασφαλιστικών επιλογών"",""insuranceDetailsIntro"":""Παρακάτω βλέπεις συνοπτικά τις επιλογές κάλυψης που χρησιμοποιούνται στο front booking flow."",""insuranceDetailsBody"":""Το CDW αποτελεί τη βασική κάλυψη χωρίς επιπλέον ημερήσια χρέωση. Το SCDW μειώνει περαιτέρω την οικονομική έκθεση του οδηγού, ενώ το FULL παρέχει την πιο ενισχυμένη επιλογή προστασίας που εμφανίζεται στο backroom και στο booking flow. Για κάθε κράτηση, το τελικό πρόγραμμα ασφάλισης, οι χρεώσεις και οι εξαιρέσεις επιβεβαιώνονται από την ομάδα μας πριν από την παράδοση."",""nightStartHour"":22,""_updatedDate"":""2026-03-16T11:37:51.581Z"",""companyName"":""DIAMOND Rent A Car 1"",""insuranceTermsTitle"":""Όροι και λεπτομέρειες ασφαλειών"",""companyCity"":""Thessaloniki"",""currency"":""EUR"",""footerNote"":""Επαγγελματική εμπειρία ενοικίασης οχήματος με καθαρή ροή κράτησης, ξεκάθαρη τιμολόγηση και προσωπική επιβεβαίωση."",""title"":""Default business settings"",""companyEmail"":""info@diamondrentacar.gr"",""companyTagline"":""Ενοικίαση οχημάτων στη Θεσσαλονίκη με καθαρή διαδικασία και γρήγορη επιβεβαίωση."",""vatRate"":24,""active"":true}","{""nightEndHour"":8,""defaultDeposit"":0,""companyPhone"":""+30 2310 000 001"",""companyAddress"":""Θεσσαλονίκη, Ελλάδα"",""_id"":""a5128991-cf12-4a62-bcde-64e77309b454"",""insuranceTermsBody"":""Η βασική κάλυψη αφορά την τυπική συμμετοχή του ενοικιαστή σύμφωνα με τους όρους της εταιρίας. Οι επιπλέον καλύψεις μειώνουν ή περιορίζουν την ευθύνη ανάλογα με το πρόγραμμα που θα επιλεγεί. Πριν από την τελική παράδοση του οχήματος, η ομάδα μας επιβεβαιώνει ξανά τις καλύψεις, τις εξαιρέσεις και το ύψος της συμμετοχής. Δεν καλύπτονται περιστατικά που προκύπτουν από παραβίαση του ΚΟΚ, οδήγηση υπό επήρεια, μη εξουσιοδοτημένο οδηγό, απώλεια κλειδιών ή εγγράφων και χρήση του οχήματος εκτός των συμφωνημένων όρων. Οι πληροφορίες της σελίδας έχουν ενημερωτικό χαρακτήρα και υπερισχύουν οι τελικοί όροι που επιβεβαιώνονται από την εταιρία πριν την παραλαβή."",""_owner"":""284e089f-48c1-4969-b018-a9add65901a8"",""_createdDate"":""2026-03-15T14:21:47.499Z"",""insuranceTermsIntro"":""Οι ασφαλιστικές επιλογές και οι σχετικοί όροι παρουσιάζονται με απλό τρόπο πριν από την ολοκλήρωση της κράτησης."",""insuranceDetailsTitle"":""Λεπτομέρειες ασφαλιστικών επιλογών"",""insuranceDetailsIntro"":""Παρακάτω βλέπεις συνοπτικά τις επιλογές κάλυψης που χρησιμοποιούνται στο front booking flow."",""insuranceDetailsBody"":""Το CDW αποτελεί τη βασική κάλυψη χωρίς επιπλέον ημερήσια χρέωση. Το SCDW μειώνει περαιτέρω την οικονομική έκθεση του οδηγού, ενώ το FULL παρέχει την πιο ενισχυμένη επιλογή προστασίας που εμφανίζεται στο backroom και στο booking flow. Για κάθε κράτηση, το τελικό πρόγραμμα ασφάλισης, οι χρεώσεις και οι εξαιρέσεις επιβεβαιώνονται από την ομάδα μας πριν από την παράδοση."",""nightStartHour"":22,""_updatedDate"":""2026-03-16T11:37:58.807Z"",""companyName"":""DIAMOND Rent A Car 1"",""insuranceTermsTitle"":""Όροι και λεπτομέρειες ασφαλειών"",""companyCity"":""Thessaloniki"",""currency"":""EUR"",""footerNote"":""Επαγγελματική εμπειρία ενοικίασης οχήματος με καθαρή ροή κράτησης, ξεκάθαρη τιμολόγηση και προσωπική επιβεβαίωση."",""title"":""Default business settings"",""companyEmail"":""info@diamondrentacar.gr"",""companyTagline"":""Ενοικίαση οχημάτων στη Θεσσαλονίκη με καθαρή διαδικασία και γρήγορη επιβεβαίωση."",""vatRate"":24,""active"":true}","ckatz1995@gmail.com","Nik nik",2026-03-16T11:37:58Z,2027-03-16T11:37:58Z
,"3aa870a1-8de4-4553-a68a-46b38c57026f",2026-03-16T15:54:14Z,2026-03-16T15:54:14Z,"48ba7aa5-ed2b-43d2-bdd7-6596e6ec75a8","pricing.fleetVehicle","2eb75dc8-0dd8-4f42-a0a1-45981fa40ae1","pricing.updateFleetVehicle","Ενημέρωση όχημα στόλου NKK 7867 - Cla (LX)","{""plate"":""NKK 7867"",""model"":""Cla"",""_id"":""2eb75dc8-0dd8-4f42-a0a1-45981fa40ae1"",""_owner"":""284e089f-48c1-4969-b018-a9add65901a8"",""_createdDate"":""2026-02-26T07:01:50.452Z"",""_updatedDate"":""2026-03-01T21:18:26.357Z"",""miliage"":0,""status"":""Available"",""category"":""aaa6875b-029f-45e1-978a-027e493461a6"",""title"":""NKK 7867"",""active"":true}","{""plate"":""NKK 7867"",""model"":""Cla"",""_id"":""2eb75dc8-0dd8-4f42-a0a1-45981fa40ae1"",""_owner"":""284e089f-48c1-4969-b018-a9add65901a8"",""_createdDate"":""2026-02-26T07:01:50.452Z"",""_updatedDate"":""2026-03-16T15:54:13.901Z"",""miliage"":0,""status"":""available"",""category"":""LX"",""title"":""NKK 7867"",""active"":true,""categoryId"":"""",""categoryDisplayTitle"":""LX"",""categoryTitle"":"""",""notes"":""""}","ckatz1995@gmail.com","Nik nik",2026-03-16T15:54:14Z,2027-03-16T15:54:14Z
,"3b21a1f2-4012-4614-83b7-be16a4ba723f",2026-03-16T10:52:07Z,2026-03-16T10:52:07Z,"4139a8c1-c961-498e-9512-465437a7bf6c","pricing.pickupLocation","city_center_office","pricing.update","Ενημέρωση τοποθεσία Κέντρο Θεσσαλονίκης 1","{""description"":""Παραλαβή / παράδοση από το κεντρικό σημείο εξυπηρέτησης."",""_id"":""fe8e4bc4-9b1b-4dba-9369-d83ac7a68271"",""_owner"":""284e089f-48c1-4969-b018-a9add65901a8"",""_createdDate"":""2026-03-15T22:56:27.551Z"",""mapUrl"":"""",""publicVisible"":true,""label"":""Κέντρο Θεσσαλονίκης 1"",""_updatedDate"":""2026-03-16T10:46:31.296Z"",""key"":""city_center_office"",""extraFee"":40,""sortOrder"":20,""address"":""Θεσσαλονίκη, Κέντρο"",""locationType"":""both"",""active"":false}","{""description"":""Παραλαβή / παράδοση από το κεντρικό σημείο εξυπηρέτησης."",""_id"":""fe8e4bc4-9b1b-4dba-9369-d83ac7a68271"",""_owner"":""284e089f-48c1-4969-b018-a9add65901a8"",""_createdDate"":""2026-03-15T22:56:27.551Z"",""mapUrl"":"""",""publicVisible"":true,""label"":""Κέντρο Θεσσαλονίκης 1"",""_updatedDate"":""2026-03-16T10:52:06.289Z"",""key"":""city_center_office"",""extraFee"":40,""sortOrder"":20,""address"":""Θεσσαλονίκη, Κέντρο"",""locationType"":""both"",""active"":true}","ckatz1995@gmail.com","Nik nik",2026-03-16T10:52:06Z,2027-03-16T10:52:06Z
,"3bf2130e-3e7f-400a-b492-5476964572db",2026-03-16T13:47:55Z,2026-03-16T13:47:55Z,"284e089f-48c1-4969-b018-a9add65901a8","staffAuth","test@test.gr","logout","Backroom logout",,,"test@test.gr","Test test",2026-03-16T13:47:55Z,2027-03-16T13:47:55Z
,"3c1a7e5f-7d95-4d30-bc4b-08a80a54f842",2026-03-15T14:38:28Z,2026-03-15T14:38:28Z,"4139a8c1-c961-498e-9512-465437a7bf6c","staffAuth","admin@diamondrentacar.gr","loginFailed","Wrong password",,,"admin@diamondrentacar.gr","Site Admin",2026-03-15T14:38:28Z,2027-03-15T14:38:28Z
,"3cedb98f-91d1-491b-9c4e-74384902e4eb",2026-03-16T15:53:12Z,2026-03-16T15:53:12Z,"48ba7aa5-ed2b-43d2-bdd7-6596e6ec75a8","pricing.fleetVehicle","1503cf8d-d5d8-42b5-a918-2644c567685a","pricing.deleteFleetVehicle","Διαγραφή οχήματος στόλου TEST1111 - test (A)","{""plate"":""TEST1111"",""categoryId"":"""",""categoryDisplayTitle"":""A"",""model"":""test"",""_id"":""1503cf8d-d5d8-42b5-a918-2644c567685a"",""_owner"":""48ba7aa5-ed2b-43d2-bdd7-6596e6ec75a8"",""_createdDate"":""2026-03-16T15:52:35.161Z"",""categoryTitle"":"""",""_updatedDate"":""2026-03-16T15:52:35.161Z"",""status"":""available"",""category"":""A"",""notes"":"""",""active"":true}",,"ckatz1995@gmail.com","Nik nik",2026-03-16T15:53:12Z,2027-03-16T15:53:12Z
,"3d1e4add-045e-4b9d-b303-b9a59a9f30dc",2026-03-15T13:49:24Z,2026-03-15T13:49:24Z,"4139a8c1-c961-498e-9512-465437a7bf6c","staffAuth","admin@diamondrentacar.gr","loginSuccess","Backroom login",,,"admin@diamondrentacar.gr","Site Admin",2026-03-15T13:49:24Z,2027-03-15T13:49:24Z
,"3e1963da-2a06-402f-9cc8-96d5684e459f",2026-03-19T11:34:42Z,2026-03-19T11:34:42Z,"4139a8c1-c961-498e-9512-465437a7bf6c","user","aristotelhs19@gmail.com","passwordSet","Ορίστηκε νέο password από admin",,,"ckatz1995@gmail.com","Nik nik",2026-03-19T11:34:42Z,2027-03-19T11:34:42Z
,"3ebe54ad-7a7c-4e5e-9f34-f0378c5ae7b0",2026-04-01T13:09:30Z,2026-04-01T13:09:30Z,"4139a8c1-c961-498e-9512-465437a7bf6c","staffAuth","ckatz1995@gmail.com","loginSuccess","Backroom login",,,"ckatz1995@gmail.com","Nik nik",2026-04-01T13:09:30Z,2027-04-01T13:09:30Z
,"3ee1635f-789d-4324-bf1a-d314f944fc76",2026-03-22T10:03:15Z,2026-03-22T10:03:15Z,"4139a8c1-c961-498e-9512-465437a7bf6c","pricing.PickupLocations","city_center_office","pricing.delete","Διαγραφή pricing item Κέντρο Θεσσαλονίκης 1 (0 row(s))","{""description"":""Παραλαβή / παράδοση από το κεντρικό σημείο εξυπηρέτησης."",""_id"":""fe8e4bc4-9b1b-4dba-9369-d83ac7a68271"",""_owner"":""284e089f-48c1-4969-b018-a9add65901a8"",""_createdDate"":""2026-03-15T22:56:27.551Z"",""mapUrl"":"""",""publicVisible"":false,""label"":""Κέντρο Θεσσαλονίκης 1"",""_updatedDate"":""2026-03-17T12:26:53.937Z"",""key"":""city_center_office"",""extraFee"":22,""sortOrder"":999,""address"":""Θεσσαλονίκη, Κέντρο"",""locationType"":""both"",""active"":false}",,"ckatz1995@gmail.com","Nik nik",2026-03-22T10:03:15Z,2027-03-22T10:03:15Z
,"3eef798b-d5e0-4282-84ff-a4076a5262a0",2026-03-30T12:27:41Z,2026-03-30T12:27:41Z,"48ba7aa5-ed2b-43d2-bdd7-6596e6ec75a8","staffAuth","ckatz1995@hotmail.com","loginFailed","Unknown or inactive user",,,"ckatz1995@hotmail.com","ckatz1995@hotmail.com",2026-03-30T12:27:41Z,2027-03-30T12:27:41Z
,"3fa5f9d7-0629-437f-95eb-738f49323739",2026-03-22T10:07:58Z,2026-03-22T10:07:58Z,"4139a8c1-c961-498e-9512-465437a7bf6c","pricing.pickupLocation","city_center_office_pickup","pricing.update","Ενημέρωση τοποθεσία Κέντρο Θεσσαλονίκης","{""description"":""Παραλαβή / παράδοση από το κεντρικό σημείο εξυπηρέτησης."",""_id"":""fe8e4bc4-9b1b-4dba-9369-d83ac7a68271"",""_owner"":""284e089f-48c1-4969-b018-a9add65901a8"",""_createdDate"":""2026-03-15T22:56:27.551Z"",""mapUrl"":"""",""publicVisible"":false,""label"":""Κέντρο Θεσσαλονίκης"",""_updatedDate"":""2026-03-22T10:05:06.159Z"",""key"":""city_center_office_pickup"",""extraFee"":25,""sortOrder"":20,""address"":""Θεσσαλονίκη, Κέντρο"",""locationType"":""pickup"",""active"":false}","{""description"":""Παραλαβή / παράδοση από το κεντρικό σημείο εξυπηρέτησης."",""_id"":""fe8e4bc4-9b1b-4dba-9369-d83ac7a68271"",""_owner"":""284e089f-48c1-4969-b018-a9add65901a8"",""_createdDate"":""2026-03-15T22:56:27.551Z"",""mapUrl"":"""",""publicVisible"":true,""label"":""Κέντρο Θεσσαλονίκης"",""_updatedDate"":""2026-03-22T10:07:58.276Z"",""key"":""city_center_office_pickup"",""extraFee"":25,""sortOrder"":20,""address"":""Θεσσαλονίκη, Κέντρο"",""locationType"":""pickup"",""active"":true}","ckatz1995@gmail.com","Nik nik",2026-03-22T10:07:58Z,2027-03-22T10:07:58Z
,"4072a26d-8f53-4810-a328-5fb82dfdbe99",2026-03-16T10:35:04Z,2026-03-16T10:35:04Z,"4139a8c1-c961-498e-9512-465437a7bf6c","pricing.insurance","cdw","pricing.update","Ενημέρωση insurance plan CDW","{""description"":""Βασική ασφαλιστική επιλογή χωρίς επιπλέον ημερήσια χρέωση."",""_id"":""ff1edf4c-8492-433f-9fbd-50dacc4fce4d"",""_owner"":""284e089f-48c1-4969-b018-a9add65901a8"",""_createdDate"":""2026-03-15T14:25:24.032Z"",""billingMode"":""perDay"",""publicVisible"":true,""label"":""CDW"",""_updatedDate"":""2026-03-15T20:55:50.856Z"",""key"":""cdw"",""pricePerDay"":0,""sortOrder"":1,""title"":""CDW"",""active"":true}","{""description"":""Βασική ασφαλιστική επιλογή χωρίς επιπλέον ημερήσια χρέωση."",""_id"":""ff1edf4c-8492-433f-9fbd-50dacc4fce4d"",""_owner"":""284e089f-48c1-4969-b018-a9add65901a8"",""_createdDate"":""2026-03-15T14:25:24.032Z"",""billingMode"":""perDay"",""publicVisible"":true,""label"":""CDW"",""_updatedDate"":""2026-03-16T10:35:04.535Z"",""key"":""cdw"",""pricePerDay"":0,""sortOrder"":1,""title"":""CDW"",""active"":true}","ckatz1995@gmail.com","Nik nik",2026-03-16T10:35:04Z,2027-03-16T10:35:04Z
,"40c9eef1-ee57-46e0-a428-7a679c70c3e5",2026-03-17T22:29:48Z,2026-03-17T22:29:48Z,"284e089f-48c1-4969-b018-a9add65901a8","pricing.businessSettings","a5128991-cf12-4a62-bcde-64e77309b454","pricing.saveBusinessSettings","Ενημέρωση business settings","{""vehiclesPageModelsSource"":""fleet"",""rentalTermsIntro"":""Στην παρακάτω σελίδα συγκεντρώνονται βασικοί όροι, προϋποθέσεις και πολιτικές της ενοικίασης με μορφή εύκολη για ανάγνωση και ενημέρωση από το backroom."",""nightEndHour"":8,""bookingCanceledTriggerId"":"""",""defaultDeposit"":0,""companyPhone"":""+30 2310 000 000"",""companyAddress"":""Θεσσαλονίκη, Ελλάδα"",""_id"":""a5128991-cf12-4a62-bcde-64e77309b454"",""insuranceTermsBody"":""Η βασική κάλυψη αφορά την τυπική συμμετοχή του ενοικιαστή σύμφωνα με τους όρους της εταιρίας. Οι επιπλέον καλύψεις μειώνουν ή περιορίζουν την ευθύνη ανάλογα με το πρόγραμμα που θα επιλεγεί. Πριν από την τελική παράδοση του οχήματος, η ομάδα μας επιβεβαιώνει ξανά τις καλύψεις, τις εξαιρέσεις και το ύψος της συμμετοχής. Δεν καλύπτονται περιστατικά που προκύπτουν από παραβίαση του ΚΟΚ, οδήγηση υπό επήρεια, μη εξουσιοδοτημένο οδηγό, απώλεια κλειδιών ή εγγράφων και χρήση του οχήματος εκτός των συμφωνημένων όρων. Οι πληροφορίες της σελίδας έχουν ενημερωτικό χαρακτήρα και υπερισχύουν οι τελικοί όροι που επιβεβαιώνονται από την εταιρία πριν την παραλαβή."",""_owner"":""284e089f-48c1-4969-b018-a9add65901a8"",""_createdDate"":""2026-03-15T14:21:47.499Z"",""insuranceTermsIntro"":""Οι ασφαλιστικές επιλογές και οι σχετικοί όροι παρουσιάζονται με απλό τρόπο πριν από την ολοκλήρωση της κράτησης."",""insuranceDetailsTitle"":""Λεπτομέρειες ασφαλιστικών επιλογών"",""insuranceDetailsIntro"":""Παρακάτω βλέπεις συνοπτικά τις επιλογές κάλυψης που χρησιμοποιούνται στο front booking flow."",""insuranceDetailsBody"":""Το CDW αποτελεί τη βασική κάλυψη χωρίς επιπλέον ημερήσια χρέωση. Το SCDW μειώνει περαιτέρω την οικονομική έκθεση του οδηγού, ενώ το FULL παρέχει την πιο ενισχυμένη επιλογή προστασίας που εμφανίζεται στο backroom και στο booking flow. Για κάθε κράτηση, το τελικό πρόγραμμα ασφάλισης, οι χρεώσεις και οι εξαιρέσεις επιβεβαιώνονται από την ομάδα μας πριν από την παράδοση."",""rentalPrivacyBody"":""Τα προσωπικά δεδομένα χρησιμοποιούνται αποκλειστικά για την εξυπηρέτηση της κράτησης, την επικοινωνία με τον πελάτη και την εκπλήρωση νομικών ή φορολογικών υποχρεώσεων της εταιρίας. Για ειδικά αιτήματα, διορθώσεις στοιχείων ή απορίες σχετικά με την επεξεργασία δεδομένων, ο πελάτης μπορεί να επικοινωνεί με την εταιρία στα διαθέσιμα στοιχεία επικοινωνίας."",""nightStartHour"":22,""_updatedDate"":""2026-03-17T22:27:52.274Z"",""allowOverbooking"":true,""companyName"":""DIAMOND Rent A Car"",""insuranceTermsTitle"":""Όροι και λεπτομέρειες ασφαλειών"",""rentalTermsTitle"":""Όροι ενοικίασης και πολιτικές"",""companyCity"":""Thessaloniki"",""bookingConfirmedTriggerId"":"""",""currency"":""EUR"",""footerNote"":""Επαγγελματική εμπειρία ενοικίασης οχήματος με καθαρή ροή κράτησης, ξεκάθαρη τιμολόγηση και προσωπική επιβεβαίωση."",""title"":""Default business settings"",""companyEmail"":""info@diamondrentacar.gr"",""companyTagline"":""Ενοικίαση οχημάτων στη Θεσσαλονίκη με καθαρή διαδικασία και γρήγορη επιβεβαίωση."",""rentalTermsBody"":""Η ενοικίαση ολοκληρώνεται μόνο μετά από επιβεβαίωση της διαθεσιμότητας από την εταιρία και έλεγχο των στοιχείων του οδηγού. Η εταιρία διατηρεί το δικαίωμα να προτείνει ισοδύναμο όχημα ίδιας ή ανώτερης κατηγορίας όταν αυτό απαιτηθεί από λειτουργικούς λόγους, χωρίς πρόσθετη χρέωση για τον πελάτη."",""vatRate"":24,""rentalRequirementsBody"":""Ο κύριος οδηγός οφείλει να διαθέτει ισχύουσα άδεια οδήγησης, ταυτότητα ή διαβατήριο και κάρτα ή άλλο μέσο πληρωμής αποδεκτό από την εταιρία. Ελάχιστη ηλικία, έτη κατοχής διπλώματος, εγγύηση και τυχόν επασφάλιστρα εξαρτώνται από την κατηγορία οχήματος και την τελική επιβεβαίωση της κράτησης."",""vehiclesPageDisplayMode"":""categories"",""enableTriggeredEmails"":false,""rentalPoliciesBody"":""Η πολιτική καυσίμου, οι ώρες παράδοσης και παραλαβής, οι χρεώσεις εκτός ωραρίου, οι ακυρώσεις, οι καθυστερήσεις και οι όροι επέκτασης της μίσθωσης επιβεβαιώνονται πριν την παράδοση. Τυχόν ζημιές, πρόστιμα, απώλειες εξοπλισμού ή χρήση του οχήματος κατά παράβαση των συμφωνημένων όρων βαρύνουν τον ενοικιαστή σύμφωνα με την τελική σύμβαση."",""active"":true}","{""vehiclesPageModelsSource"":""fleet"",""rentalTermsIntro"":""Στην παρακάτω σελίδα συγκεντρώνονται βασικοί όροι, προϋποθέσεις και πολιτικές της ενοικίασης με μορφή εύκολη για ανάγνωση και ενημέρωση από το backroom."",""nightEndHour"":8,""bookingCanceledTriggerId"":"""",""defaultDeposit"":0,""companyPhone"":""+30 2310 000 000"",""companyAddress"":""Θεσσαλονίκη, Ελλάδα"",""_id"":""a5128991-cf12-4a62-bcde-64e77309b454"",""insuranceTermsBody"":""Η βασική κάλυψη αφορά την τυπική συμμετοχή του ενοικιαστή σύμφωνα με τους όρους της εταιρίας. Οι επιπλέον καλύψεις μειώνουν ή περιορίζουν την ευθύνη ανάλογα με το πρόγραμμα που θα επιλεγεί. Πριν από την τελική παράδοση του οχήματος, η ομάδα μας επιβεβαιώνει ξανά τις καλύψεις, τις εξαιρέσεις και το ύψος της συμμετοχής. Δεν καλύπτονται περιστατικά που προκύπτουν από παραβίαση του ΚΟΚ, οδήγηση υπό επήρεια, μη εξουσιοδοτημένο οδηγό, απώλεια κλειδιών ή εγγράφων και χρήση του οχήματος εκτός των συμφωνημένων όρων. Οι πληροφορίες της σελίδας έχουν ενημερωτικό χαρακτήρα και υπερισχύουν οι τελικοί όροι που επιβεβαιώνονται από την εταιρία πριν την παραλαβή."",""_owner"":""284e089f-48c1-4969-b018-a9add65901a8"",""_createdDate"":""2026-03-15T14:21:47.499Z"",""insuranceTermsIntro"":""Οι ασφαλιστικές επιλογές και οι σχετικοί όροι παρουσιάζονται με απλό τρόπο πριν από την ολοκλήρωση της κράτησης."",""insuranceDetailsTitle"":""Λεπτομέρειες ασφαλιστικών επιλογών"",""insuranceDetailsIntro"":""Παρακάτω βλέπεις συνοπτικά τις επιλογές κάλυψης που χρησιμοποιούνται στο front booking flow."",""insuranceDetailsBody"":""Το CDW αποτελεί τη βασική κάλυψη χωρίς επιπλέον ημερήσια χρέωση. Το SCDW μειώνει περαιτέρω την οικονομική έκθεση του οδηγού, ενώ το FULL παρέχει την πιο ενισχυμένη επιλογή προστασίας που εμφανίζεται στο backroom και στο booking flow. Για κάθε κράτηση, το τελικό πρόγραμμα ασφάλισης, οι χρεώσεις και οι εξαιρέσεις επιβεβαιώνονται από την ομάδα μας πριν από την παράδοση."",""rentalPrivacyBody"":""Τα προσωπικά δεδομένα χρησιμοποιούνται αποκλειστικά για την εξυπηρέτηση της κράτησης, την επικοινωνία με τον πελάτη και την εκπλήρωση νομικών ή φορολογικών υποχρεώσεων της εταιρίας. Για ειδικά αιτήματα, διορθώσεις στοιχείων ή απορίες σχετικά με την επεξεργασία δεδομένων, ο πελάτης μπορεί να επικοινωνεί με την εταιρία στα διαθέσιμα στοιχεία επικοινωνίας."",""nightStartHour"":22,""_updatedDate"":""2026-03-17T22:29:48.498Z"",""allowOverbooking"":true,""companyName"":""DIAMOND Rent A Car"",""insuranceTermsTitle"":""Όροι και λεπτομέρειες ασφαλειών"",""rentalTermsTitle"":""Όροι ενοικίασης και πολιτικές"",""companyCity"":""Thessaloniki"",""bookingConfirmedTriggerId"":"""",""currency"":""EUR"",""footerNote"":""Επαγγελματική εμπειρία ενοικίασης οχήματος με καθαρή ροή κράτησης, ξεκάθαρη τιμολόγηση και προσωπική επιβεβαίωση."",""title"":""Default business settings"",""companyEmail"":""info@diamondrentacar.gr"",""companyTagline"":""Ενοικίαση οχημάτων στη Θεσσαλονίκη με καθαρή διαδικασία και γρήγορη επιβεβαίωση."",""rentalTermsBody"":""Η ενοικίαση ολοκληρώνεται μόνο μετά από επιβεβαίωση της διαθεσιμότητας από την εταιρία και έλεγχο των στοιχείων του οδηγού. Η εταιρία διατηρεί το δικαίωμα να προτείνει ισοδύναμο όχημα ίδιας ή ανώτερης κατηγορίας όταν αυτό απαιτηθεί από λειτουργικούς λόγους, χωρίς πρόσθετη χρέωση για τον πελάτη."",""vatRate"":24,""rentalRequirementsBody"":""Ο κύριος οδηγός οφείλει να διαθέτει ισχύουσα άδεια οδήγησης, ταυτότητα ή διαβατήριο και κάρτα ή άλλο μέσο πληρωμής αποδεκτό από την εταιρία. Ελάχιστη ηλικία, έτη κατοχής διπλώματος, εγγύηση και τυχόν επασφάλιστρα εξαρτώνται από την κατηγορία οχήματος και την τελική επιβεβαίωση της κράτησης."",""vehiclesPageDisplayMode"":""categories"",""enableTriggeredEmails"":true,""rentalPoliciesBody"":""Η πολιτική καυσίμου, οι ώρες παράδοσης και παραλαβής, οι χρεώσεις εκτός ωραρίου, οι ακυρώσεις, οι καθυστερήσεις και οι όροι επέκτασης της μίσθωσης επιβεβαιώνονται πριν την παράδοση. Τυχόν ζημιές, πρόστιμα, απώλειες εξοπλισμού ή χρήση του οχήματος κατά παράβαση των συμφωνημένων όρων βαρύνουν τον ενοικιαστή σύμφωνα με την τελική σύμβαση."",""active"":true}","ckatz1995@gmail.com","Nik nik",2026-03-17T22:29:48Z,2027-03-17T22:29:48Z
,"4167e8fd-fa51-4007-8421-2b3e5618306d",2026-03-16T11:38:17Z,2026-03-16T11:38:17Z,"4139a8c1-c961-498e-9512-465437a7bf6c","pricing.businessSettings","a5128991-cf12-4a62-bcde-64e77309b454","pricing.saveBusinessSettings","Ενημέρωση business settings","{""nightEndHour"":8,""defaultDeposit"":0,""companyPhone"":""+30 2310 000 001"",""companyAddress"":""Θεσσαλονίκη, Ελλάδα"",""_id"":""a5128991-cf12-4a62-bcde-64e77309b454"",""insuranceTermsBody"":""Η βασική κάλυψη αφορά την τυπική συμμετοχή του ενοικιαστή σύμφωνα με τους όρους της εταιρίας. Οι επιπλέον καλύψεις μειώνουν ή περιορίζουν την ευθύνη ανάλογα με το πρόγραμμα που θα επιλεγεί. Πριν από την τελική παράδοση του οχήματος, η ομάδα μας επιβεβαιώνει ξανά τις καλύψεις, τις εξαιρέσεις και το ύψος της συμμετοχής. Δεν καλύπτονται περιστατικά που προκύπτουν από παραβίαση του ΚΟΚ, οδήγηση υπό επήρεια, μη εξουσιοδοτημένο οδηγό, απώλεια κλειδιών ή εγγράφων και χρήση του οχήματος εκτός των συμφωνημένων όρων. Οι πληροφορίες της σελίδας έχουν ενημερωτικό χαρακτήρα και υπερισχύουν οι τελικοί όροι που επιβεβαιώνονται από την εταιρία πριν την παραλαβή."",""_owner"":""284e089f-48c1-4969-b018-a9add65901a8"",""_createdDate"":""2026-03-15T14:21:47.499Z"",""insuranceTermsIntro"":""Οι ασφαλιστικές επιλογές και οι σχετικοί όροι παρουσιάζονται με απλό τρόπο πριν από την ολοκλήρωση της κράτησης."",""insuranceDetailsTitle"":""Λεπτομέρειες ασφαλιστικών επιλογών"",""insuranceDetailsIntro"":""Παρακάτω βλέπεις συνοπτικά τις επιλογές κάλυψης που χρησιμοποιούνται στο front booking flow."",""insuranceDetailsBody"":""Το CDW αποτελεί τη βασική κάλυψη χωρίς επιπλέον ημερήσια χρέωση. Το SCDW μειώνει περαιτέρω την οικονομική έκθεση του οδηγού, ενώ το FULL παρέχει την πιο ενισχυμένη επιλογή προστασίας που εμφανίζεται στο backroom και στο booking flow. Για κάθε κράτηση, το τελικό πρόγραμμα ασφάλισης, οι χρεώσεις και οι εξαιρέσεις επιβεβαιώνονται από την ομάδα μας πριν από την παράδοση."",""nightStartHour"":22,""_updatedDate"":""2026-03-16T11:38:11.114Z"",""companyName"":""DIAMOND Rent A Car 1"",""insuranceTermsTitle"":""Όροι και λεπτομέρειες ασφαλειών"",""companyCity"":""Thessaloniki"",""currency"":""EUR"",""footerNote"":""Επαγγελματική εμπειρία ενοικίασης οχήματος με καθαρή ροή κράτησης, ξεκάθαρη τιμολόγηση και προσωπική επιβεβαίωση."",""title"":""Default business settings"",""companyEmail"":""info@diamondrentacar.gr"",""companyTagline"":""Ενοικίαση οχημάτων στη Θεσσαλονίκη με καθαρή διαδικασία και γρήγορη επιβεβαίωση."",""vatRate"":24,""active"":true}","{""nightEndHour"":8,""defaultDeposit"":0,""companyPhone"":""+30 2310 000 001"",""companyAddress"":""Θεσσαλονίκη, Ελλάδα"",""_id"":""a5128991-cf12-4a62-bcde-64e77309b454"",""insuranceTermsBody"":""Η βασική κάλυψη αφορά την τυπική συμμετοχή του ενοικιαστή σύμφωνα με τους όρους της εταιρίας. Οι επιπλέον καλύψεις μειώνουν ή περιορίζουν την ευθύνη ανάλογα με το πρόγραμμα που θα επιλεγεί. Πριν από την τελική παράδοση του οχήματος, η ομάδα μας επιβεβαιώνει ξανά τις καλύψεις, τις εξαιρέσεις και το ύψος της συμμετοχής. Δεν καλύπτονται περιστατικά που προκύπτουν από παραβίαση του ΚΟΚ, οδήγηση υπό επήρεια, μη εξουσιοδοτημένο οδηγό, απώλεια κλειδιών ή εγγράφων και χρήση του οχήματος εκτός των συμφωνημένων όρων. Οι πληροφορίες της σελίδας έχουν ενημερωτικό χαρακτήρα και υπερισχύουν οι τελικοί όροι που επιβεβαιώνονται από την εταιρία πριν την παραλαβή."",""_owner"":""284e089f-48c1-4969-b018-a9add65901a8"",""_createdDate"":""2026-03-15T14:21:47.499Z"",""insuranceTermsIntro"":""Οι ασφαλιστικές επιλογές και οι σχετικοί όροι παρουσιάζονται με απλό τρόπο πριν από την ολοκλήρωση της κράτησης."",""insuranceDetailsTitle"":""Λεπτομέρειες ασφαλιστικών επιλογών"",""insuranceDetailsIntro"":""Παρακάτω βλέπεις συνοπτικά τις επιλογές κάλυψης που χρησιμοποιούνται στο front booking flow."",""insuranceDetailsBody"":""Το CDW αποτελεί τη βασική κάλυψη χωρίς επιπλέον ημερήσια χρέωση. Το SCDW μειώνει περαιτέρω την οικονομική έκθεση του οδηγού, ενώ το FULL παρέχει την πιο ενισχυμένη επιλογή προστασίας που εμφανίζεται στο backroom και στο booking flow. Για κάθε κράτηση, το τελικό πρόγραμμα ασφάλισης, οι χρεώσεις και οι εξαιρέσεις επιβεβαιώνονται από την ομάδα μας πριν από την παράδοση."",""nightStartHour"":22,""_updatedDate"":""2026-03-16T11:38:17.552Z"",""companyName"":""DIAMOND Rent A Car 1"",""insuranceTermsTitle"":""Όροι και λεπτομέρειες ασφαλειών"",""companyCity"":""Thessaloniki"",""currency"":""EUR"",""footerNote"":""Επαγγελματική εμπειρία ενοικίασης οχήματος με καθαρή ροή κράτησης, ξεκάθαρη τιμολόγηση και προσωπική επιβεβαίωση."",""title"":""Default business settings"",""companyEmail"":""info@diamondrentacar.gr"",""companyTagline"":""Ενοικίαση οχημάτων στη Θεσσαλονίκη με καθαρή διαδικασία και γρήγορη επιβεβαίωση."",""vatRate"":24,""active"":true}","ckatz1995@gmail.com","Nik nik",2026-03-16T11:38:17Z,2027-03-16T11:38:17Z
,"4222236c-33af-432a-a6e7-28c3839e3e89",2026-03-19T13:16:48Z,2026-03-19T13:16:48Z,"9e887737-ee3b-428a-bd09-28e4ef852903","staffAuth","aristotelhs19@gmail.com","loginSuccess","Backroom login",,,"aristotelhs19@gmail.com","Αριστοτέλειος",2026-03-19T13:16:48Z,2027-03-19T13:16:48Z
,"42efa54f-578c-4501-9e11-14ace86d1f2b",2026-03-18T22:18:39Z,2026-03-18T22:18:39Z,"4139a8c1-c961-498e-9512-465437a7bf6c","pricing.businessSettings","a5128991-cf12-4a62-bcde-64e77309b454","pricing.saveBusinessSettings","Ενημέρωση business settings","{""vehiclesPageModelsSource"":""fleet"",""rentalTermsIntro"":""Στην παρακάτω σελίδα συγκεντρώνονται βασικοί όροι, προϋποθέσεις και πολιτικές της ενοικίασης με μορφή εύκολη για ανάγνωση και ενημέρωση από το backroom."",""nightEndHour"":0,""bookingCanceledTriggerId"":"""",""defaultDeposit"":0,""companyPhone"":""+30 2310 000 000"",""companyAddress"":""Θεσσαλονίκη, Ελλάδα"",""_id"":""a5128991-cf12-4a62-bcde-64e77309b454"",""insuranceTermsBody"":""Η βασική κάλυψη αφορά την τυπική συμμετοχή του ενοικιαστή σύμφωνα με τους όρους της εταιρίας. Οι επιπλέον καλύψεις μειώνουν ή περιορίζουν την ευθύνη ανάλογα με το πρόγραμμα που θα επιλεγεί. Πριν από την τελική παράδοση του οχήματος, η ομάδα μας επιβεβαιώνει ξανά τις καλύψεις, τις εξαιρέσεις και το ύψος της συμμετοχής. Δεν καλύπτονται περιστατικά που προκύπτουν από παραβίαση του ΚΟΚ, οδήγηση υπό επήρεια, μη εξουσιοδοτημένο οδηγό, απώλεια κλειδιών ή εγγράφων και χρήση του οχήματος εκτός των συμφωνημένων όρων. Οι πληροφορίες της σελίδας έχουν ενημερωτικό χαρακτήρα και υπερισχύουν οι τελικοί όροι που επιβεβαιώνονται από την εταιρία πριν την παραλαβή."",""_owner"":""284e089f-48c1-4969-b018-a9add65901a8"",""_createdDate"":""2026-03-15T14:21:47.499Z"",""insuranceTermsIntro"":""Οι ασφαλιστικές επιλογές και οι σχετικοί όροι παρουσιάζονται με απλό τρόπο πριν από την ολοκλήρωση της κράτησης."",""insuranceDetailsTitle"":""Λεπτομέρειες ασφαλιστικών επιλογών"",""insuranceDetailsIntro"":""Παρακάτω βλέπεις συνοπτικά τις επιλογές κάλυψης που χρησιμοποιούνται στο front booking flow."",""insuranceDetailsBody"":""Το CDW αποτελεί τη βασική κάλυψη χωρίς επιπλέον ημερήσια χρέωση. Το SCDW μειώνει περαιτέρω την οικονομική έκθεση του οδηγού, ενώ το FULL παρέχει την πιο ενισχυμένη επιλογή προστασίας που εμφανίζεται στο backroom και στο booking flow. Για κάθε κράτηση, το τελικό πρόγραμμα ασφάλισης, οι χρεώσεις και οι εξαιρέσεις επιβεβαιώνονται από την ομάδα μας πριν από την παράδοση."",""rentalPrivacyBody"":""Τα προσωπικά δεδομένα χρησιμοποιούνται αποκλειστικά για την εξυπηρέτηση της κράτησης, την επικοινωνία με τον πελάτη και την εκπλήρωση νομικών ή φορολογικών υποχρεώσεων της εταιρίας. Για ειδικά αιτήματα, διορθώσεις στοιχείων ή απορίες σχετικά με την επεξεργασία δεδομένων, ο πελάτης μπορεί να επικοινωνεί με την εταιρία στα διαθέσιμα στοιχεία επικοινωνίας."",""nightStartHour"":0,""_updatedDate"":""2026-03-18T13:31:51.045Z"",""allowOverbooking"":true,""companyName"":""DIAMOND Rent A Car"",""insuranceTermsTitle"":""Όροι και λεπτομέρειες ασφαλειών"",""rentalTermsTitle"":""Όροι ενοικίασης και πολιτικές"",""companyCity"":""Thessaloniki"",""bookingConfirmedTriggerId"":"""",""currency"":""EUR"",""footerNote"":""Επαγγελματική εμπειρία ενοικίασης οχήματος με καθαρή ροή κράτησης, ξεκάθαρη τιμολόγηση και προσωπική επιβεβαίωση."",""title"":""Business settings"",""companyEmail"":""info@diamondrentacar.gr"",""companyTagline"":""Ενοικίαση οχημάτων στη Θεσσαλονίκη με καθαρή διαδικασία και γρήγορη επιβεβαίωση."",""rentalTermsBody"":""Η ενοικίαση ολοκληρώνεται μόνο μετά από επιβεβαίωση της διαθεσιμότητας από την εταιρία και έλεγχο των στοιχείων του οδηγού. Η εταιρία διατηρεί το δικαίωμα να προτείνει ισοδύναμο όχημα ίδιας ή ανώτερης κατηγορίας όταν αυτό απαιτηθεί από λειτουργικούς λόγους, χωρίς πρόσθετη χρέωση για τον πελάτη."",""vatRate"":0,""rentalRequirementsBody"":""Ο κύριος οδηγός οφείλει να διαθέτει ισχύουσα άδεια οδήγησης, ταυτότητα ή διαβατήριο και κάρτα ή άλλο μέσο πληρωμής αποδεκτό από την εταιρία. Ελάχιστη ηλικία, έτη κατοχής διπλώματος, εγγύηση και τυχόν επασφάλιστρα εξαρτώνται από την κατηγορία οχήματος και την τελική επιβεβαίωση της κράτησης."",""vehiclesPageDisplayMode"":""categories"",""enableTriggeredEmails"":false,""rentalPoliciesBody"":""Η πολιτική καυσίμου, οι ώρες παράδοσης και παραλαβής, οι χρεώσεις εκτός ωραρίου, οι ακυρώσεις, οι καθυστερήσεις και οι όροι επέκτασης της μίσθωσης επιβεβαιώνονται πριν την παράδοση. Τυχόν ζημιές, πρόστιμα, απώλειες εξοπλισμού ή χρήση του οχήματος κατά παράβαση των συμφωνημένων όρων βαρύνουν τον ενοικιαστή σύμφωνα με την τελική σύμβαση."",""active"":false}","{""vehiclesPageModelsSource"":""fleet"",""rentalTermsIntro"":""Στην παρακάτω σελίδα συγκεντρώνονται βασικοί όροι, προϋποθέσεις και πολιτικές της ενοικίασης με μορφή εύκολη για ανάγνωση και ενημέρωση από το backroom."",""nightEndHour"":0,""bookingCanceledTriggerId"":"""",""defaultDeposit"":0,""companyPhone"":""+30 2310 000 000"",""companyAddress"":""Θεσσαλονίκη, Ελλάδα"",""_id"":""a5128991-cf12-4a62-bcde-64e77309b454"",""insuranceTermsBody"":""Η βασική κάλυψη αφορά την τυπική συμμετοχή του ενοικιαστή σύμφωνα με τους όρους της εταιρίας. Οι επιπλέον καλύψεις μειώνουν ή περιορίζουν την ευθύνη ανάλογα με το πρόγραμμα που θα επιλεγεί. Πριν από την τελική παράδοση του οχήματος, η ομάδα μας επιβεβαιώνει ξανά τις καλύψεις, τις εξαιρέσεις και το ύψος της συμμετοχής. Δεν καλύπτονται περιστατικά που προκύπτουν από παραβίαση του ΚΟΚ, οδήγηση υπό επήρεια, μη εξουσιοδοτημένο οδηγό, απώλεια κλειδιών ή εγγράφων και χρήση του οχήματος εκτός των συμφωνημένων όρων. Οι πληροφορίες της σελίδας έχουν ενημερωτικό χαρακτήρα και υπερισχύουν οι τελικοί όροι που επιβεβαιώνονται από την εταιρία πριν την παραλαβή."",""_owner"":""284e089f-48c1-4969-b018-a9add65901a8"",""_createdDate"":""2026-03-15T14:21:47.499Z"",""insuranceTermsIntro"":""Οι ασφαλιστικές επιλογές και οι σχετικοί όροι παρουσιάζονται με απλό τρόπο πριν από την ολοκλήρωση της κράτησης."",""insuranceDetailsTitle"":""Λεπτομέρειες ασφαλιστικών επιλογών"",""insuranceDetailsIntro"":""Παρακάτω βλέπεις συνοπτικά τις επιλογές κάλυψης που χρησιμοποιούνται στο front booking flow."",""insuranceDetailsBody"":""Το CDW αποτελεί τη βασική κάλυψη χωρίς επιπλέον ημερήσια χρέωση. Το SCDW μειώνει περαιτέρω την οικονομική έκθεση του οδηγού, ενώ το FULL παρέχει την πιο ενισχυμένη επιλογή προστασίας που εμφανίζεται στο backroom και στο booking flow. Για κάθε κράτηση, το τελικό πρόγραμμα ασφάλισης, οι χρεώσεις και οι εξαιρέσεις επιβεβαιώνονται από την ομάδα μας πριν από την παράδοση."",""rentalPrivacyBody"":""Τα προσωπικά δεδομένα χρησιμοποιούνται αποκλειστικά για την εξυπηρέτηση της κράτησης, την επικοινωνία με τον πελάτη και την εκπλήρωση νομικών ή φορολογικών υποχρεώσεων της εταιρίας. Για ειδικά αιτήματα, διορθώσεις στοιχείων ή απορίες σχετικά με την επεξεργασία δεδομένων, ο πελάτης μπορεί να επικοινωνεί με την εταιρία στα διαθέσιμα στοιχεία επικοινωνίας."",""nightStartHour"":0,""_updatedDate"":""2026-03-18T22:18:38.843Z"",""allowOverbooking"":true,""companyName"":""DIAMOND Rent A Car"",""insuranceTermsTitle"":""Όροι και λεπτομέρειες ασφαλειών"",""rentalTermsTitle"":""Όροι ενοικίασης και πολιτικές"",""companyCity"":""Thessaloniki"",""bookingConfirmedTriggerId"":"""",""currency"":""EUR"",""footerNote"":""Επαγγελματική εμπειρία ενοικίασης οχήματος με καθαρή ροή κράτησης, ξεκάθαρη τιμολόγηση και προσωπική επιβεβαίωση."",""title"":""Business settings"",""companyEmail"":""info@diamondrentacar.gr"",""companyTagline"":""Ενοικίαση οχημάτων στη Θεσσαλονίκη με καθαρή διαδικασία και γρήγορη επιβεβαίωση."",""rentalTermsBody"":""Η ενοικίαση ολοκληρώνεται μόνο μετά από επιβεβαίωση της διαθεσιμότητας από την εταιρία και έλεγχο των στοιχείων του οδηγού. Η εταιρία διατηρεί το δικαίωμα να προτείνει ισοδύναμο όχημα ίδιας ή ανώτερης κατηγορίας όταν αυτό απαιτηθεί από λειτουργικούς λόγους, χωρίς πρόσθετη χρέωση για τον πελάτη."",""vatRate"":10,""rentalRequirementsBody"":""Ο κύριος οδηγός οφείλει να διαθέτει ισχύουσα άδεια οδήγησης, ταυτότητα ή διαβατήριο και κάρτα ή άλλο μέσο πληρωμής αποδεκτό από την εταιρία. Ελάχιστη ηλικία, έτη κατοχής διπλώματος, εγγύηση και τυχόν επασφάλιστρα εξαρτώνται από την κατηγορία οχήματος και την τελική επιβεβαίωση της κράτησης."",""vehiclesPageDisplayMode"":""categories"",""enableTriggeredEmails"":false,""rentalPoliciesBody"":""Η πολιτική καυσίμου, οι ώρες παράδοσης και παραλαβής, οι χρεώσεις εκτός ωραρίου, οι ακυρώσεις, οι καθυστερήσεις και οι όροι επέκτασης της μίσθωσης επιβεβαιώνονται πριν την παράδοση. Τυχόν ζημιές, πρόστιμα, απώλειες εξοπλισμού ή χρήση του οχήματος κατά παράβαση των συμφωνημένων όρων βαρύνουν τον ενοικιαστή σύμφωνα με την τελική σύμβαση."",""active"":true}","ckatz1995@gmail.com","Nik nik",2026-03-18T22:18:38Z,2027-03-18T22:18:38Z
,"4339c3c5-e79a-4259-a920-a60217d09727",2026-03-17T12:26:17Z,2026-03-17T12:26:17Z,"48ba7aa5-ed2b-43d2-bdd7-6596e6ec75a8","pricing.pickupLocation","thessaloniki_airport","pricing.update","Ενημέρωση τοποθεσία Αεροδρόμιο Θεσσαλονίκης","{""description"":""Παραλαβή / παράδοση στο αεροδρόμιο SKG."",""_id"":""8d8b21f6-6a1d-414f-b222-5557e8e41038"",""_owner"":""284e089f-48c1-4969-b018-a9add65901a8"",""_createdDate"":""2026-03-15T22:56:27.552Z"",""publicVisible"":true,""label"":""Αεροδρόμιο Θεσσαλονίκης"",""_updatedDate"":""2026-03-15T22:56:27.552Z"",""key"":""thessaloniki-airport"",""extraFee"":0,""sortOrder"":10,""address"":""Κρατικός Αερολιμένας Θεσσαλονίκης Μακεδονία, Θεσσαλονίκη"",""locationType"":""both"",""active"":true}","{""description"":""Παραλαβή / παράδοση στο αεροδρόμιο SKG."",""_id"":""8d8b21f6-6a1d-414f-b222-5557e8e41038"",""_owner"":""284e089f-48c1-4969-b018-a9add65901a8"",""_createdDate"":""2026-03-15T22:56:27.552Z"",""publicVisible"":true,""label"":""Αεροδρόμιο Θεσσαλονίκης"",""_updatedDate"":""2026-03-17T12:26:17.532Z"",""key"":""thessaloniki_airport"",""extraFee"":0,""sortOrder"":1,""address"":""Κρατικός Αερολιμένας Θεσσαλονίκης Μακεδονία, Θεσσαλονίκη"",""locationType"":""both"",""active"":true,""mapUrl"":""""}","ckatz1995@gmail.com","Nik nik",2026-03-17T12:26:17Z,2027-03-17T12:26:17Z
,"4388cca3-7830-4f52-9c50-ebcd64de7a55",2026-04-04T12:30:54Z,2026-04-04T12:30:54Z,"4139a8c1-c961-498e-9512-465437a7bf6c","pricing.pickupLocation","port_thessaloniki_dropoff","pricing.update","Ενημέρωση τοποθεσία Λιμάνι Θεσσαλονίκης","{""description"":"""",""_id"":""8dfc413a-bdd6-456d-b50f-29174471aab1"",""_owner"":""4139a8c1-c961-498e-9512-465437a7bf6c"",""_createdDate"":""2026-03-22T10:03:04.417Z"",""mapUrl"":"""",""publicVisible"":true,""label"":""Λιμάνι Θεσσαλονίκης"",""_updatedDate"":""2026-03-22T10:03:04.417Z"",""key"":""port_thessaloniki_dropoff"",""extraFee"":25,""sortOrder"":60,""address"":""Λιμάνι Θεσσαλονίκης"",""locationType"":""dropoff"",""active"":true}","{""description"":"""",""_id"":""8dfc413a-bdd6-456d-b50f-29174471aab1"",""_owner"":""4139a8c1-c961-498e-9512-465437a7bf6c"",""_createdDate"":""2026-03-22T10:03:04.417Z"",""mapUrl"":"""",""publicVisible"":true,""label"":""Λιμάνι Θεσσαλονίκης"",""_updatedDate"":""2026-04-04T12:30:53.894Z"",""key"":""port_thessaloniki_dropoff"",""extraFee"":25,""sortOrder"":60,""address"":""Λιμάνι Θεσσαλονίκης"",""locationType"":""dropoff"",""active"":true,""stationKey"":""a"",""stationLabel"":""a""}","ckatz1995@gmail.com","Nik nik",2026-04-04T12:30:54Z,2027-04-04T12:30:54Z
,"448535c1-76a6-437e-bd39-2c62f53112d2",2026-03-15T14:29:05Z,2026-03-15T14:29:05Z,"4139a8c1-c961-498e-9512-465437a7bf6c","staffAuth","admin@diamondrentacar.gr","loginFailed","Wrong password",,,"admin@diamondrentacar.gr","Site Admin",2026-03-15T14:29:05Z,2027-03-15T14:29:05Z
,"44cea607-59b3-4135-8c4d-ad42846a0dbb",2026-04-01T14:45:44Z,2026-04-01T14:45:44Z,"4139a8c1-c961-498e-9512-465437a7bf6c","pricing.vehicleCategory","2e4a55ca-ed48-4b2a-a5a5-0b79d6b63ea0","pricing.updateVehicleCategory","Ενημέρωση κατηγορία οχήματος A - Hyundai i10","{""image"":""wix:image://v1/284e08_dba46e75421b4789b78bd10e69f22a9d~mv2.png/088A11CEDC3F1467E725D3F0D6933E6990925E36D6CF380D0B651AFB39B0D59A_edited_edited_edited.png#originWidth=1611&originHeight=929"",""_id"":""2e4a55ca-ed48-4b2a-a5a5-0b79d6b63ea0"",""_owner"":""284e089f-48c1-4969-b018-a9add65901a8"",""_createdDate"":""2026-03-29T10:35:45.944Z"",""fuelType"":""Βενζίνη"",""doors"":5,""luggageSmall"":1,""_updatedDate"":""2026-03-29T10:35:45.944Z"",""engineCc"":1000,""basePricePerDay"":0,""status"":""Available"",""legacyOwner"":""284e089f-48c1-4969-b018-a9add65901a8"",""luggageLarge"":1,""categoryRecordId"":""46362b25-3bbb-4d22-826d-48ae404e5e85"",""legacyCreatedAt"":""2026-02-23T11:18:30.000Z"",""seats"":4,""transmission"":""Χειροκίνητο"",""airCondition"":true,""categoryCode"":""A"",""categoryLabel"":""A - Hyundai i10"",""legacyUpdatedAt"":""2026-03-19T10:52:31.000Z"",""active"":true}","{""image"":""wix:image://v1/284e08_dba46e75421b4789b78bd10e69f22a9d~mv2.png/088A11CEDC3F1467E725D3F0D6933E6990925E36D6CF380D0B651AFB39B0D59A_edited_edited_edited.png#originWidth=1611&originHeight=929"",""_id"":""2e4a55ca-ed48-4b2a-a5a5-0b79d6b63ea0"",""_owner"":""284e089f-48c1-4969-b018-a9add65901a8"",""_createdDate"":""2026-03-29T10:35:45.944Z"",""fuelType"":""Βενζίνη"",""doors"":""5"",""luggageSmall"":1,""_updatedDate"":""2026-04-01T14:45:43.961Z"",""engineCc"":1000,""basePricePerDay"":0,""status"":""Available"",""legacyOwner"":""284e089f-48c1-4969-b018-a9add65901a8"",""luggageLarge"":1,""categoryRecordId"":""46362b25-3bbb-4d22-826d-48ae404e5e85"",""legacyCreatedAt"":""2026-02-23T11:18:30.000Z"",""seats"":""4"",""transmission"":""Χειροκίνητο"",""airCondition"":true,""categoryCode"":""A"",""categoryLabel"":""A - Hyundai i10"",""legacyUpdatedAt"":""2026-03-19T10:52:31.000Z"",""active"":true,""title"":""Hyundai i10"",""category"":""A"",""price"":15,""sortOrder"":10,""luggage"":"""",""publicVisible"":true,""badge"":"""",""description"":""""}","ckatz1995@gmail.com","Nik nik",2026-04-01T14:45:44Z,2027-04-01T14:45:44Z
,"45e272f6-d2f9-40e9-881c-02aac4f5dbf5",2026-03-15T14:29:05Z,2026-03-15T14:29:05Z,"4139a8c1-c961-498e-9512-465437a7bf6c","staffAuth","admin@diamondrentacar.gr","loginFailed","Wrong password",,,"admin@diamondrentacar.gr","Site Admin",2026-03-15T14:29:05Z,2027-03-15T14:29:05Z
,"45f728c2-17eb-4c15-97b8-c6a04e85b71a",2026-03-19T11:40:30Z,2026-03-19T11:40:30Z,"284e089f-48c1-4969-b018-a9add65901a8","staffAuth","ckatz1995@gmail.com","logout","Backroom logout",,,"ckatz1995@gmail.com","Nik nik",2026-03-19T11:40:30Z,2027-03-19T11:40:30Z
,"461f49d2-8c50-45f6-870f-33d8008a38ef",2026-04-01T13:04:28Z,2026-04-01T13:04:28Z,"4139a8c1-c961-498e-9512-465437a7bf6c","staffAuth","ckatz1995@gmail.com","loginFailed","Wrong password",,,"ckatz1995@gmail.com","Nik nik",2026-04-01T13:04:28Z,2027-04-01T13:04:28Z
,"469dbaaa-9c94-4eb2-b2f1-7f24c67a4c93",2026-03-16T15:28:24Z,2026-03-16T15:28:24Z,"48ba7aa5-ed2b-43d2-bdd7-6596e6ec75a8","pricing.extra","baby","pricing.update","Ενημέρωση extra service Βρεφικό κάθισμα","{""description"":""Άνετη και ασφαλής λύση για πολύ μικρές ηλικίες."",""_id"":""d4b5fa4e-efbe-4590-8105-93bd3f2ffe74"",""_owner"":""284e089f-48c1-4969-b018-a9add65901a8"",""_createdDate"":""2026-03-15T14:22:55.057Z"",""billingMode"":""perDay"",""price"":3,""publicVisible"":true,""label"":""Βρεφικό κάθισμα"",""_updatedDate"":""2026-03-15T16:54:30.253Z"",""key"":""baby"",""sortOrder"":1,""title"":""Βρεφικό κάθισμα"",""active"":true}","{""description"":""0 - 1 Ετών"",""_id"":""d4b5fa4e-efbe-4590-8105-93bd3f2ffe74"",""_owner"":""284e089f-48c1-4969-b018-a9add65901a8"",""_createdDate"":""2026-03-15T14:22:55.057Z"",""billingMode"":""perDay"",""price"":3,""publicVisible"":true,""label"":""Βρεφικό κάθισμα"",""_updatedDate"":""2026-03-16T15:28:24.704Z"",""key"":""baby"",""sortOrder"":1,""title"":""Βρεφικό κάθισμα"",""active"":true}","ckatz1995@gmail.com","Nik nik",2026-03-16T15:28:24Z,2027-03-16T15:28:24Z
,"474879f6-71d1-425d-8198-92fa7cd1ec75",2026-03-15T16:02:57Z,2026-03-15T16:02:57Z,"4139a8c1-c961-498e-9512-465437a7bf6c","staffAuth","ckatz1995@gmail.com","logout","Backroom logout",,,"ckatz1995@gmail.com","Nik nik",2026-03-15T16:02:57Z,2027-03-15T16:02:57Z
,"47e432fd-0570-49ca-a242-9c64a99d0324",2026-03-19T11:34:24Z,2026-03-19T11:34:24Z,"4139a8c1-c961-498e-9512-465437a7bf6c","user","4cde494f-3f4e-4c9b-b340-4b8c261d2e19","user.update","Ενημερώθηκε staff user aristotelhs19@gmail.com","null","{""email"":""aristotelhs19@gmail.com"",""fullName"":""Αριστοτέλειος"",""roleKey"":""admin"",""active"":true,""memberId"":"""",""notes"":"""",""deactivatedAt"":null,""_id"":""4cde494f-3f4e-4c9b-b340-4b8c261d2e19"",""_owner"":""4139a8c1-c961-498e-9512-465437a7bf6c"",""_createdDate"":""2026-03-19T11:34:24.611Z"",""_updatedDate"":""2026-03-19T11:34:24.611Z""}","ckatz1995@gmail.com","Nik nik",2026-03-19T11:34:24Z,2027-03-19T11:34:24Z
,"49721c9f-fec1-4575-92d6-b1186d490e32",2026-03-16T11:35:41Z,2026-03-16T11:35:41Z,"4139a8c1-c961-498e-9512-465437a7bf6c","pricing.businessSettings","a5128991-cf12-4a62-bcde-64e77309b454","pricing.saveBusinessSettings","Ενημέρωση business settings","{""nightEndHour"":8,""defaultDeposit"":0,""companyPhone"":""+30 2310 000 001"",""companyAddress"":""Θεσσαλονίκη, Ελλάδα"",""_id"":""a5128991-cf12-4a62-bcde-64e77309b454"",""insuranceTermsBody"":""Η βασική κάλυψη αφορά την τυπική συμμετοχή του ενοικιαστή σύμφωνα με τους όρους της εταιρίας. Οι επιπλέον καλύψεις μειώνουν ή περιορίζουν την ευθύνη ανάλογα με το πρόγραμμα που θα επιλεγεί. Πριν από την τελική παράδοση του οχήματος, η ομάδα μας επιβεβαιώνει ξανά τις καλύψεις, τις εξαιρέσεις και το ύψος της συμμετοχής. Δεν καλύπτονται περιστατικά που προκύπτουν από παραβίαση του ΚΟΚ, οδήγηση υπό επήρεια, μη εξουσιοδοτημένο οδηγό, απώλεια κλειδιών ή εγγράφων και χρήση του οχήματος εκτός των συμφωνημένων όρων. Οι πληροφορίες της σελίδας έχουν ενημερωτικό χαρακτήρα και υπερισχύουν οι τελικοί όροι που επιβεβαιώνονται από την εταιρία πριν την παραλαβή."",""_owner"":""284e089f-48c1-4969-b018-a9add65901a8"",""_createdDate"":""2026-03-15T14:21:47.499Z"",""insuranceTermsIntro"":""Οι ασφαλιστικές επιλογές και οι σχετικοί όροι παρουσιάζονται με απλό τρόπο πριν από την ολοκλήρωση της κράτησης."",""insuranceDetailsTitle"":""Λεπτομέρειες ασφαλιστικών επιλογών"",""insuranceDetailsIntro"":""Παρακάτω βλέπεις συνοπτικά τις επιλογές κάλυψης που χρησιμοποιούνται στο front booking flow."",""insuranceDetailsBody"":""Το CDW αποτελεί τη βασική κάλυψη χωρίς επιπλέον ημερήσια χρέωση. Το SCDW μειώνει περαιτέρω την οικονομική έκθεση του οδηγού, ενώ το FULL παρέχει την πιο ενισχυμένη επιλογή προστασίας που εμφανίζεται στο backroom και στο booking flow. Για κάθε κράτηση, το τελικό πρόγραμμα ασφάλισης, οι χρεώσεις και οι εξαιρέσεις επιβεβαιώνονται από την ομάδα μας πριν από την παράδοση."",""nightStartHour"":22,""_updatedDate"":""2026-03-16T11:33:11.679Z"",""companyName"":""DIAMOND Rent A Car 1"",""insuranceTermsTitle"":""Όροι και λεπτομέρειες ασφαλειών"",""companyCity"":""Thessaloniki"",""currency"":""EUR"",""footerNote"":""Επαγγελματική εμπειρία ενοικίασης οχήματος με καθαρή ροή κράτησης, ξεκάθαρη τιμολόγηση και προσωπική επιβεβαίωση."",""title"":""Default business settings"",""companyEmail"":""info@diamondrentacar.gr"",""companyTagline"":""Ενοικίαση οχημάτων στη Θεσσαλονίκη με καθαρή διαδικασία και γρήγορη επιβεβαίωση."",""vatRate"":24,""active"":true}","{""nightEndHour"":8,""defaultDeposit"":0,""companyPhone"":""+30 2310 000 001"",""companyAddress"":""Θεσσαλονίκη, Ελλάδα"",""_id"":""a5128991-cf12-4a62-bcde-64e77309b454"",""insuranceTermsBody"":""Η βασική κάλυψη αφορά την τυπική συμμετοχή του ενοικιαστή σύμφωνα με τους όρους της εταιρίας. Οι επιπλέον καλύψεις μειώνουν ή περιορίζουν την ευθύνη ανάλογα με το πρόγραμμα που θα επιλεγεί. Πριν από την τελική παράδοση του οχήματος, η ομάδα μας επιβεβαιώνει ξανά τις καλύψεις, τις εξαιρέσεις και το ύψος της συμμετοχής. Δεν καλύπτονται περιστατικά που προκύπτουν από παραβίαση του ΚΟΚ, οδήγηση υπό επήρεια, μη εξουσιοδοτημένο οδηγό, απώλεια κλειδιών ή εγγράφων και χρήση του οχήματος εκτός των συμφωνημένων όρων. Οι πληροφορίες της σελίδας έχουν ενημερωτικό χαρακτήρα και υπερισχύουν οι τελικοί όροι που επιβεβαιώνονται από την εταιρία πριν την παραλαβή."",""_owner"":""284e089f-48c1-4969-b018-a9add65901a8"",""_createdDate"":""2026-03-15T14:21:47.499Z"",""insuranceTermsIntro"":""Οι ασφαλιστικές επιλογές και οι σχετικοί όροι παρουσιάζονται με απλό τρόπο πριν από την ολοκλήρωση της κράτησης."",""insuranceDetailsTitle"":""Λεπτομέρειες ασφαλιστικών επιλογών"",""insuranceDetailsIntro"":""Παρακάτω βλέπεις συνοπτικά τις επιλογές κάλυψης που χρησιμοποιούνται στο front booking flow."",""insuranceDetailsBody"":""Το CDW αποτελεί τη βασική κάλυψη χωρίς επιπλέον ημερήσια χρέωση. Το SCDW μειώνει περαιτέρω την οικονομική έκθεση του οδηγού, ενώ το FULL παρέχει την πιο ενισχυμένη επιλογή προστασίας που εμφανίζεται στο backroom και στο booking flow. Για κάθε κράτηση, το τελικό πρόγραμμα ασφάλισης, οι χρεώσεις και οι εξαιρέσεις επιβεβαιώνονται από την ομάδα μας πριν από την παράδοση."",""nightStartHour"":22,""_updatedDate"":""2026-03-16T11:35:41.228Z"",""companyName"":""DIAMOND Rent A Car 1"",""insuranceTermsTitle"":""Όροι και λεπτομέρειες ασφαλειών"",""companyCity"":""Thessaloniki"",""currency"":""EUR"",""footerNote"":""Επαγγελματική εμπειρία ενοικίασης οχήματος με καθαρή ροή κράτησης, ξεκάθαρη τιμολόγηση και προσωπική επιβεβαίωση."",""title"":""Default business settings"",""companyEmail"":""info@diamondrentacar.gr"",""companyTagline"":""Ενοικίαση οχημάτων στη Θεσσαλονίκη με καθαρή διαδικασία και γρήγορη επιβεβαίωση."",""vatRate"":24,""active"":true}","ckatz1995@gmail.com","Nik nik",2026-03-16T11:35:41Z,2027-03-16T11:35:41Z
,"4995941a-c5d9-4dc7-80e8-811e61eee5a1",2026-03-15T14:40:53Z,2026-03-15T14:40:53Z,"4139a8c1-c961-498e-9512-465437a7bf6c","staffAuth","ckatz1995@gmail.com","loginSuccess","Backroom login",,,"ckatz1995@gmail.com","Nik nik",2026-03-15T14:40:53Z,2027-03-15T14:40:53Z
,"4a44f530-1a72-4ee5-b4c1-4ccc08ff92ad",2026-03-29T22:41:19Z,2026-03-29T22:41:19Z,"48ba7aa5-ed2b-43d2-bdd7-6596e6ec75a8","staffAuth","ckatz1995@gmai.com","loginFailed","Unknown or inactive user",,,"ckatz1995@gmai.com","ckatz1995@gmai.com",2026-03-29T22:41:19Z,2027-03-29T22:41:19Z
,"4ba2701f-848a-4a95-9022-3df159e7fba8",2026-03-18T13:31:51Z,2026-03-18T13:31:51Z,"48ba7aa5-ed2b-43d2-bdd7-6596e6ec75a8","pricing.businessSettings","a5128991-cf12-4a62-bcde-64e77309b454","pricing.saveBusinessSettings","Ενημέρωση business settings","{""vehiclesPageModelsSource"":""fleet"",""rentalTermsIntro"":""Στην παρακάτω σελίδα συγκεντρώνονται βασικοί όροι, προϋποθέσεις και πολιτικές της ενοικίασης με μορφή εύκολη για ανάγνωση και ενημέρωση από το backroom."",""nightEndHour"":0,""bookingCanceledTriggerId"":"""",""defaultDeposit"":0,""companyPhone"":""+30 2310 000 000"",""companyAddress"":""Θεσσαλονίκη, Ελλάδα"",""_id"":""a5128991-cf12-4a62-bcde-64e77309b454"",""insuranceTermsBody"":""Η βασική κάλυψη αφορά την τυπική συμμετοχή του ενοικιαστή σύμφωνα με τους όρους της εταιρίας. Οι επιπλέον καλύψεις μειώνουν ή περιορίζουν την ευθύνη ανάλογα με το πρόγραμμα που θα επιλεγεί. Πριν από την τελική παράδοση του οχήματος, η ομάδα μας επιβεβαιώνει ξανά τις καλύψεις, τις εξαιρέσεις και το ύψος της συμμετοχής. Δεν καλύπτονται περιστατικά που προκύπτουν από παραβίαση του ΚΟΚ, οδήγηση υπό επήρεια, μη εξουσιοδοτημένο οδηγό, απώλεια κλειδιών ή εγγράφων και χρήση του οχήματος εκτός των συμφωνημένων όρων. Οι πληροφορίες της σελίδας έχουν ενημερωτικό χαρακτήρα και υπερισχύουν οι τελικοί όροι που επιβεβαιώνονται από την εταιρία πριν την παραλαβή."",""_owner"":""284e089f-48c1-4969-b018-a9add65901a8"",""_createdDate"":""2026-03-15T14:21:47.499Z"",""insuranceTermsIntro"":""Οι ασφαλιστικές επιλογές και οι σχετικοί όροι παρουσιάζονται με απλό τρόπο πριν από την ολοκλήρωση της κράτησης."",""insuranceDetailsTitle"":""Λεπτομέρειες ασφαλιστικών επιλογών"",""insuranceDetailsIntro"":""Παρακάτω βλέπεις συνοπτικά τις επιλογές κάλυψης που χρησιμοποιούνται στο front booking flow."",""insuranceDetailsBody"":""Το CDW αποτελεί τη βασική κάλυψη χωρίς επιπλέον ημερήσια χρέωση. Το SCDW μειώνει περαιτέρω την οικονομική έκθεση του οδηγού, ενώ το FULL παρέχει την πιο ενισχυμένη επιλογή προστασίας που εμφανίζεται στο backroom και στο booking flow. Για κάθε κράτηση, το τελικό πρόγραμμα ασφάλισης, οι χρεώσεις και οι εξαιρέσεις επιβεβαιώνονται από την ομάδα μας πριν από την παράδοση."",""rentalPrivacyBody"":""Τα προσωπικά δεδομένα χρησιμοποιούνται αποκλειστικά για την εξυπηρέτηση της κράτησης, την επικοινωνία με τον πελάτη και την εκπλήρωση νομικών ή φορολογικών υποχρεώσεων της εταιρίας. Για ειδικά αιτήματα, διορθώσεις στοιχείων ή απορίες σχετικά με την επεξεργασία δεδομένων, ο πελάτης μπορεί να επικοινωνεί με την εταιρία στα διαθέσιμα στοιχεία επικοινωνίας."",""nightStartHour"":0,""_updatedDate"":""2026-03-18T13:31:32.605Z"",""allowOverbooking"":true,""companyName"":""DIAMOND Rent A Car"",""insuranceTermsTitle"":""Όροι και λεπτομέρειες ασφαλειών"",""rentalTermsTitle"":""Όροι ενοικίασης και πολιτικές"",""companyCity"":""Thessaloniki"",""bookingConfirmedTriggerId"":"""",""currency"":""EUR"",""footerNote"":""Επαγγελματική εμπειρία ενοικίασης οχήματος με καθαρή ροή κράτησης, ξεκάθαρη τιμολόγηση και προσωπική επιβεβαίωση."",""title"":""Business settings"",""companyEmail"":""info@diamondrentacar.gr"",""companyTagline"":""Ενοικίαση οχημάτων στη Θεσσαλονίκη με καθαρή διαδικασία και γρήγορη επιβεβαίωση."",""rentalTermsBody"":""Η ενοικίαση ολοκληρώνεται μόνο μετά από επιβεβαίωση της διαθεσιμότητας από την εταιρία και έλεγχο των στοιχείων του οδηγού. Η εταιρία διατηρεί το δικαίωμα να προτείνει ισοδύναμο όχημα ίδιας ή ανώτερης κατηγορίας όταν αυτό απαιτηθεί από λειτουργικούς λόγους, χωρίς πρόσθετη χρέωση για τον πελάτη."",""vatRate"":0,""rentalRequirementsBody"":""Ο κύριος οδηγός οφείλει να διαθέτει ισχύουσα άδεια οδήγησης, ταυτότητα ή διαβατήριο και κάρτα ή άλλο μέσο πληρωμής αποδεκτό από την εταιρία. Ελάχιστη ηλικία, έτη κατοχής διπλώματος, εγγύηση και τυχόν επασφάλιστρα εξαρτώνται από την κατηγορία οχήματος και την τελική επιβεβαίωση της κράτησης."",""vehiclesPageDisplayMode"":""models"",""enableTriggeredEmails"":false,""rentalPoliciesBody"":""Η πολιτική καυσίμου, οι ώρες παράδοσης και παραλαβής, οι χρεώσεις εκτός ωραρίου, οι ακυρώσεις, οι καθυστερήσεις και οι όροι επέκτασης της μίσθωσης επιβεβαιώνονται πριν την παράδοση. Τυχόν ζημιές, πρόστιμα, απώλειες εξοπλισμού ή χρήση του οχήματος κατά παράβαση των συμφωνημένων όρων βαρύνουν τον ενοικιαστή σύμφωνα με την τελική σύμβαση."",""active"":false}","{""vehiclesPageModelsSource"":""fleet"",""rentalTermsIntro"":""Στην παρακάτω σελίδα συγκεντρώνονται βασικοί όροι, προϋποθέσεις και πολιτικές της ενοικίασης με μορφή εύκολη για ανάγνωση και ενημέρωση από το backroom."",""nightEndHour"":0,""bookingCanceledTriggerId"":"""",""defaultDeposit"":0,""companyPhone"":""+30 2310 000 000"",""companyAddress"":""Θεσσαλονίκη, Ελλάδα"",""_id"":""a5128991-cf12-4a62-bcde-64e77309b454"",""insuranceTermsBody"":""Η βασική κάλυψη αφορά την τυπική συμμετοχή του ενοικιαστή σύμφωνα με τους όρους της εταιρίας. Οι επιπλέον καλύψεις μειώνουν ή περιορίζουν την ευθύνη ανάλογα με το πρόγραμμα που θα επιλεγεί. Πριν από την τελική παράδοση του οχήματος, η ομάδα μας επιβεβαιώνει ξανά τις καλύψεις, τις εξαιρέσεις και το ύψος της συμμετοχής. Δεν καλύπτονται περιστατικά που προκύπτουν από παραβίαση του ΚΟΚ, οδήγηση υπό επήρεια, μη εξουσιοδοτημένο οδηγό, απώλεια κλειδιών ή εγγράφων και χρήση του οχήματος εκτός των συμφωνημένων όρων. Οι πληροφορίες της σελίδας έχουν ενημερωτικό χαρακτήρα και υπερισχύουν οι τελικοί όροι που επιβεβαιώνονται από την εταιρία πριν την παραλαβή."",""_owner"":""284e089f-48c1-4969-b018-a9add65901a8"",""_createdDate"":""2026-03-15T14:21:47.499Z"",""insuranceTermsIntro"":""Οι ασφαλιστικές επιλογές και οι σχετικοί όροι παρουσιάζονται με απλό τρόπο πριν από την ολοκλήρωση της κράτησης."",""insuranceDetailsTitle"":""Λεπτομέρειες ασφαλιστικών επιλογών"",""insuranceDetailsIntro"":""Παρακάτω βλέπεις συνοπτικά τις επιλογές κάλυψης που χρησιμοποιούνται στο front booking flow."",""insuranceDetailsBody"":""Το CDW αποτελεί τη βασική κάλυψη χωρίς επιπλέον ημερήσια χρέωση. Το SCDW μειώνει περαιτέρω την οικονομική έκθεση του οδηγού, ενώ το FULL παρέχει την πιο ενισχυμένη επιλογή προστασίας που εμφανίζεται στο backroom και στο booking flow. Για κάθε κράτηση, το τελικό πρόγραμμα ασφάλισης, οι χρεώσεις και οι εξαιρέσεις επιβεβαιώνονται από την ομάδα μας πριν από την παράδοση."",""rentalPrivacyBody"":""Τα προσωπικά δεδομένα χρησιμοποιούνται αποκλειστικά για την εξυπηρέτηση της κράτησης, την επικοινωνία με τον πελάτη και την εκπλήρωση νομικών ή φορολογικών υποχρεώσεων της εταιρίας. Για ειδικά αιτήματα, διορθώσεις στοιχείων ή απορίες σχετικά με την επεξεργασία δεδομένων, ο πελάτης μπορεί να επικοινωνεί με την εταιρία στα διαθέσιμα στοιχεία επικοινωνίας."",""nightStartHour"":0,""_updatedDate"":""2026-03-18T13:31:51.045Z"",""allowOverbooking"":true,""companyName"":""DIAMOND Rent A Car"",""insuranceTermsTitle"":""Όροι και λεπτομέρειες ασφαλειών"",""rentalTermsTitle"":""Όροι ενοικίασης και πολιτικές"",""companyCity"":""Thessaloniki"",""bookingConfirmedTriggerId"":"""",""currency"":""EUR"",""footerNote"":""Επαγγελματική εμπειρία ενοικίασης οχήματος με καθαρή ροή κράτησης, ξεκάθαρη τιμολόγηση και προσωπική επιβεβαίωση."",""title"":""Business settings"",""companyEmail"":""info@diamondrentacar.gr"",""companyTagline"":""Ενοικίαση οχημάτων στη Θεσσαλονίκη με καθαρή διαδικασία και γρήγορη επιβεβαίωση."",""rentalTermsBody"":""Η ενοικίαση ολοκληρώνεται μόνο μετά από επιβεβαίωση της διαθεσιμότητας από την εταιρία και έλεγχο των στοιχείων του οδηγού. Η εταιρία διατηρεί το δικαίωμα να προτείνει ισοδύναμο όχημα ίδιας ή ανώτερης κατηγορίας όταν αυτό απαιτηθεί από λειτουργικούς λόγους, χωρίς πρόσθετη χρέωση για τον πελάτη."",""vatRate"":0,""rentalRequirementsBody"":""Ο κύριος οδηγός οφείλει να διαθέτει ισχύουσα άδεια οδήγησης, ταυτότητα ή διαβατήριο και κάρτα ή άλλο μέσο πληρωμής αποδεκτό από την εταιρία. Ελάχιστη ηλικία, έτη κατοχής διπλώματος, εγγύηση και τυχόν επασφάλιστρα εξαρτώνται από την κατηγορία οχήματος και την τελική επιβεβαίωση της κράτησης."",""vehiclesPageDisplayMode"":""categories"",""enableTriggeredEmails"":false,""rentalPoliciesBody"":""Η πολιτική καυσίμου, οι ώρες παράδοσης και παραλαβής, οι χρεώσεις εκτός ωραρίου, οι ακυρώσεις, οι καθυστερήσεις και οι όροι επέκτασης της μίσθωσης επιβεβαιώνονται πριν την παράδοση. Τυχόν ζημιές, πρόστιμα, απώλειες εξοπλισμού ή χρήση του οχήματος κατά παράβαση των συμφωνημένων όρων βαρύνουν τον ενοικιαστή σύμφωνα με την τελική σύμβαση."",""active"":false}","ckatz1995@gmail.com","Nik nik",2026-03-18T13:31:51Z,2027-03-18T13:31:51Z
,"4c808287-853f-4cf7-88a2-093a2d651144",2026-03-16T10:54:14Z,2026-03-16T10:54:14Z,"4139a8c1-c961-498e-9512-465437a7bf6c","pricing.pickupLocation","city_center_office","pricing.update","Ενημέρωση τοποθεσία Κέντρο Θεσσαλονίκης 1","{""description"":""Παραλαβή / παράδοση από το κεντρικό σημείο εξυπηρέτησης."",""_id"":""fe8e4bc4-9b1b-4dba-9369-d83ac7a68271"",""_owner"":""284e089f-48c1-4969-b018-a9add65901a8"",""_createdDate"":""2026-03-15T22:56:27.551Z"",""mapUrl"":"""",""publicVisible"":true,""label"":""Κέντρο Θεσσαλονίκης 1"",""_updatedDate"":""2026-03-16T10:52:06.289Z"",""key"":""city_center_office"",""extraFee"":40,""sortOrder"":20,""address"":""Θεσσαλονίκη, Κέντρο"",""locationType"":""both"",""active"":true}","{""description"":""Παραλαβή / παράδοση από το κεντρικό σημείο εξυπηρέτησης."",""_id"":""fe8e4bc4-9b1b-4dba-9369-d83ac7a68271"",""_owner"":""284e089f-48c1-4969-b018-a9add65901a8"",""_createdDate"":""2026-03-15T22:56:27.551Z"",""mapUrl"":"""",""publicVisible"":true,""label"":""Κέντρο Θεσσαλονίκης 1"",""_updatedDate"":""2026-03-16T10:54:14.277Z"",""key"":""city_center_office"",""extraFee"":22,""sortOrder"":20,""address"":""Θεσσαλονίκη, Κέντρο"",""locationType"":""both"",""active"":true}","ckatz1995@gmail.com","Nik nik",2026-03-16T10:54:14Z,2027-03-16T10:54:14Z
,"4e446139-9bfb-4b8d-a5f3-a4885eb21c7d",2026-03-16T15:38:28Z,2026-03-16T15:38:28Z,"48ba7aa5-ed2b-43d2-bdd7-6596e6ec75a8","pricing.extra","gps","pricing.insert","Νέο extra service GPS",,"{""title"":""GPS"",""key"":""gps"",""label"":""GPS"",""description"":"""",""sortOrder"":50,""active"":false,""publicVisible"":false,""price"":8,""billingMode"":""perDay"",""_id"":""5ddec631-3838-42d7-a702-dc3e22d22a47"",""_owner"":""48ba7aa5-ed2b-43d2-bdd7-6596e6ec75a8"",""_createdDate"":""2026-03-16T15:38:28.241Z"",""_updatedDate"":""2026-03-16T15:38:28.241Z""}","ckatz1995@gmail.com","Nik nik",2026-03-16T15:38:28Z,2027-03-16T15:38:28Z
,"4f9c91ae-0a02-4c59-a40d-78a2c33ef968",2026-03-16T07:42:13Z,2026-03-16T07:42:13Z,"4139a8c1-c961-498e-9512-465437a7bf6c","pricing.pickupLocation","city_center_office","pricing.update","Ενημέρωση τοποθεσία Κέντρο Θεσσαλονίκης","{""description"":""Παραλαβή / παράδοση από το κεντρικό σημείο εξυπηρέτησης."",""_id"":""fe8e4bc4-9b1b-4dba-9369-d83ac7a68271"",""_owner"":""284e089f-48c1-4969-b018-a9add65901a8"",""_createdDate"":""2026-03-15T22:56:27.551Z"",""publicVisible"":true,""label"":""Κέντρο Θεσσαλονίκης"",""_updatedDate"":""2026-03-15T22:56:27.551Z"",""key"":""city-center-office"",""extraFee"":0,""sortOrder"":20,""address"":""Θεσσαλονίκη, Κέντρο"",""locationType"":""both"",""active"":true}","{""description"":""Παραλαβή / παράδοση από το κεντρικό σημείο εξυπηρέτησης."",""_id"":""fe8e4bc4-9b1b-4dba-9369-d83ac7a68271"",""_owner"":""284e089f-48c1-4969-b018-a9add65901a8"",""_createdDate"":""2026-03-15T22:56:27.551Z"",""publicVisible"":true,""label"":""Κέντρο Θεσσαλονίκης"",""_updatedDate"":""2026-03-16T07:42:13.211Z"",""key"":""city_center_office"",""extraFee"":40,""sortOrder"":20,""address"":""Θεσσαλονίκη, Κέντρο"",""locationType"":""both"",""active"":true,""mapUrl"":""""}","ckatz1995@gmail.com","Nik nik",2026-03-16T07:42:13Z,2027-03-16T07:42:13Z
,"504d21bb-e731-4a0c-8f42-02c170758edc",2026-03-16T14:57:05Z,2026-03-16T14:57:05Z,"48ba7aa5-ed2b-43d2-bdd7-6596e6ec75a8","pricing.businessSettings","a5128991-cf12-4a62-bcde-64e77309b454","pricing.saveBusinessSettings","Ενημέρωση business settings","{""nightEndHour"":8,""defaultDeposit"":0,""companyPhone"":""+30 2310 000 000"",""companyAddress"":""Θεσσαλονίκη, Ελλάδα"",""_id"":""a5128991-cf12-4a62-bcde-64e77309b454"",""insuranceTermsBody"":""Η βασική κάλυψη αφορά την τυπική συμμετοχή του ενοικιαστή σύμφωνα με τους όρους της εταιρίας. Οι επιπλέον καλύψεις μειώνουν ή περιορίζουν την ευθύνη ανάλογα με το πρόγραμμα που θα επιλεγεί. Πριν από την τελική παράδοση του οχήματος, η ομάδα μας επιβεβαιώνει ξανά τις καλύψεις, τις εξαιρέσεις και το ύψος της συμμετοχής. Δεν καλύπτονται περιστατικά που προκύπτουν από παραβίαση του ΚΟΚ, οδήγηση υπό επήρεια, μη εξουσιοδοτημένο οδηγό, απώλεια κλειδιών ή εγγράφων και χρήση του οχήματος εκτός των συμφωνημένων όρων. Οι πληροφορίες της σελίδας έχουν ενημερωτικό χαρακτήρα και υπερισχύουν οι τελικοί όροι που επιβεβαιώνονται από την εταιρία πριν την παραλαβή."",""_owner"":""284e089f-48c1-4969-b018-a9add65901a8"",""_createdDate"":""2026-03-15T14:21:47.499Z"",""insuranceTermsIntro"":""Οι ασφαλιστικές επιλογές και οι σχετικοί όροι παρουσιάζονται με απλό τρόπο πριν από την ολοκλήρωση της κράτησης."",""insuranceDetailsTitle"":""Λεπτομέρειες ασφαλιστικών επιλογών"",""insuranceDetailsIntro"":""Παρακάτω βλέπεις συνοπτικά τις επιλογές κάλυψης που χρησιμοποιούνται στο front booking flow."",""insuranceDetailsBody"":""Το CDW αποτελεί τη βασική κάλυψη χωρίς επιπλέον ημερήσια χρέωση. Το SCDW μειώνει περαιτέρω την οικονομική έκθεση του οδηγού, ενώ το FULL παρέχει την πιο ενισχυμένη επιλογή προστασίας που εμφανίζεται στο backroom και στο booking flow. Για κάθε κράτηση, το τελικό πρόγραμμα ασφάλισης, οι χρεώσεις και οι εξαιρέσεις επιβεβαιώνονται από την ομάδα μας πριν από την παράδοση."",""nightStartHour"":22,""_updatedDate"":""2026-03-16T14:56:05.065Z"",""companyName"":""DIAMOND Rent A Car"",""insuranceTermsTitle"":""Όροι και λεπτομέρειες ασφαλειών"",""companyCity"":""Thessaloniki"",""currency"":""EUR"",""footerNote"":""Επαγγελματική εμπειρία ενοικίασης οχήματος με καθαρή ροή κράτησης, ξεκάθαρη τιμολόγηση και προσωπική επιβεβαίωση."",""title"":""Default business settings"",""companyEmail"":""info@diamondrentacar.gr"",""companyTagline"":""Ενοικίαση οχημάτων στη Θεσσαλονίκη με καθαρή διαδικασία και γρήγορη επιβεβαίωση."",""vatRate"":24,""active"":true}","{""nightEndHour"":8,""defaultDeposit"":0,""companyPhone"":""+30 2310 000 000"",""companyAddress"":""Θεσσαλονίκη, Ελλάδα"",""_id"":""a5128991-cf12-4a62-bcde-64e77309b454"",""insuranceTermsBody"":""Η βασική κάλυψη αφορά την τυπική συμμετοχή του ενοικιαστή σύμφωνα με τους όρους της εταιρίας. Οι επιπλέον καλύψεις μειώνουν ή περιορίζουν την ευθύνη ανάλογα με το πρόγραμμα που θα επιλεγεί. Πριν από την τελική παράδοση του οχήματος, η ομάδα μας επιβεβαιώνει ξανά τις καλύψεις, τις εξαιρέσεις και το ύψος της συμμετοχής. Δεν καλύπτονται περιστατικά που προκύπτουν από παραβίαση του ΚΟΚ, οδήγηση υπό επήρεια, μη εξουσιοδοτημένο οδηγό, απώλεια κλειδιών ή εγγράφων και χρήση του οχήματος εκτός των συμφωνημένων όρων. Οι πληροφορίες της σελίδας έχουν ενημερωτικό χαρακτήρα και υπερισχύουν οι τελικοί όροι που επιβεβαιώνονται από την εταιρία πριν την παραλαβή."",""_owner"":""284e089f-48c1-4969-b018-a9add65901a8"",""_createdDate"":""2026-03-15T14:21:47.499Z"",""insuranceTermsIntro"":""Οι ασφαλιστικές επιλογές και οι σχετικοί όροι παρουσιάζονται με απλό τρόπο πριν από την ολοκλήρωση της κράτησης."",""insuranceDetailsTitle"":""Λεπτομέρειες ασφαλιστικών επιλογών"",""insuranceDetailsIntro"":""Παρακάτω βλέπεις συνοπτικά τις επιλογές κάλυψης που χρησιμοποιούνται στο front booking flow."",""insuranceDetailsBody"":""Το CDW αποτελεί τη βασική κάλυψη χωρίς επιπλέον ημερήσια χρέωση. Το SCDW μειώνει περαιτέρω την οικονομική έκθεση του οδηγού, ενώ το FULL παρέχει την πιο ενισχυμένη επιλογή προστασίας που εμφανίζεται στο backroom και στο booking flow. Για κάθε κράτηση, το τελικό πρόγραμμα ασφάλισης, οι χρεώσεις και οι εξαιρέσεις επιβεβαιώνονται από την ομάδα μας πριν από την παράδοση."",""nightStartHour"":22,""_updatedDate"":""2026-03-16T14:57:05.244Z"",""companyName"":""DIAMOND Rent A Car 1"",""insuranceTermsTitle"":""Όροι και λεπτομέρειες ασφαλειών"",""companyCity"":""Thessaloniki"",""currency"":""EUR"",""footerNote"":""Επαγγελματική εμπειρία ενοικίασης οχήματος με καθαρή ροή κράτησης, ξεκάθαρη τιμολόγηση και προσωπική επιβεβαίωση."",""title"":""Default business settings"",""companyEmail"":""info@diamondrentacar.gr"",""companyTagline"":""Ενοικίαση οχημάτων στη Θεσσαλονίκη με καθαρή διαδικασία και γρήγορη επιβεβαίωση."",""vatRate"":24,""active"":true}","ckatz1995@gmail.com","Nik nik",2026-03-16T14:57:05Z,2027-03-16T14:57:05Z
,"5088dd25-ece7-4506-a849-5516f7fd039c",2026-03-16T11:37:51Z,2026-03-16T11:37:51Z,"4139a8c1-c961-498e-9512-465437a7bf6c","pricing.businessSettings","a5128991-cf12-4a62-bcde-64e77309b454","pricing.resetDefaults","Reset business settings στα defaults","{""nightEndHour"":8,""defaultDeposit"":0,""companyPhone"":""+30 2310 000 001"",""companyAddress"":""Θεσσαλονίκη, Ελλάδα"",""_id"":""a5128991-cf12-4a62-bcde-64e77309b454"",""insuranceTermsBody"":""Η βασική κάλυψη αφορά την τυπική συμμετοχή του ενοικιαστή σύμφωνα με τους όρους της εταιρίας. Οι επιπλέον καλύψεις μειώνουν ή περιορίζουν την ευθύνη ανάλογα με το πρόγραμμα που θα επιλεγεί. Πριν από την τελική παράδοση του οχήματος, η ομάδα μας επιβεβαιώνει ξανά τις καλύψεις, τις εξαιρέσεις και το ύψος της συμμετοχής. Δεν καλύπτονται περιστατικά που προκύπτουν από παραβίαση του ΚΟΚ, οδήγηση υπό επήρεια, μη εξουσιοδοτημένο οδηγό, απώλεια κλειδιών ή εγγράφων και χρήση του οχήματος εκτός των συμφωνημένων όρων. Οι πληροφορίες της σελίδας έχουν ενημερωτικό χαρακτήρα και υπερισχύουν οι τελικοί όροι που επιβεβαιώνονται από την εταιρία πριν την παραλαβή."",""_owner"":""284e089f-48c1-4969-b018-a9add65901a8"",""_createdDate"":""2026-03-15T14:21:47.499Z"",""insuranceTermsIntro"":""Οι ασφαλιστικές επιλογές και οι σχετικοί όροι παρουσιάζονται με απλό τρόπο πριν από την ολοκλήρωση της κράτησης."",""insuranceDetailsTitle"":""Λεπτομέρειες ασφαλιστικών επιλογών"",""insuranceDetailsIntro"":""Παρακάτω βλέπεις συνοπτικά τις επιλογές κάλυψης που χρησιμοποιούνται στο front booking flow."",""insuranceDetailsBody"":""Το CDW αποτελεί τη βασική κάλυψη χωρίς επιπλέον ημερήσια χρέωση. Το SCDW μειώνει περαιτέρω την οικονομική έκθεση του οδηγού, ενώ το FULL παρέχει την πιο ενισχυμένη επιλογή προστασίας που εμφανίζεται στο backroom και στο booking flow. Για κάθε κράτηση, το τελικό πρόγραμμα ασφάλισης, οι χρεώσεις και οι εξαιρέσεις επιβεβαιώνονται από την ομάδα μας πριν από την παράδοση."",""nightStartHour"":22,""_updatedDate"":""2026-03-16T11:37:30.337Z"",""companyName"":""DIAMOND Rent A Car 1"",""insuranceTermsTitle"":""Όροι και λεπτομέρειες ασφαλειών"",""companyCity"":""Thessaloniki"",""currency"":""EUR"",""footerNote"":""Επαγγελματική εμπειρία ενοικίασης οχήματος με καθαρή ροή κράτησης, ξεκάθαρη τιμολόγηση και προσωπική επιβεβαίωση."",""title"":""Default business settings"",""companyEmail"":""info@diamondrentacar.gr"",""companyTagline"":""Ενοικίαση οχημάτων στη Θεσσαλονίκη με καθαρή διαδικασία και γρήγορη επιβεβαίωση."",""vatRate"":24,""active"":true}","{""nightEndHour"":8,""defaultDeposit"":0,""companyPhone"":""+30 2310 000 001"",""companyAddress"":""Θεσσαλονίκη, Ελλάδα"",""_id"":""a5128991-cf12-4a62-bcde-64e77309b454"",""insuranceTermsBody"":""Η βασική κάλυψη αφορά την τυπική συμμετοχή του ενοικιαστή σύμφωνα με τους όρους της εταιρίας. Οι επιπλέον καλύψεις μειώνουν ή περιορίζουν την ευθύνη ανάλογα με το πρόγραμμα που θα επιλεγεί. Πριν από την τελική παράδοση του οχήματος, η ομάδα μας επιβεβαιώνει ξανά τις καλύψεις, τις εξαιρέσεις και το ύψος της συμμετοχής. Δεν καλύπτονται περιστατικά που προκύπτουν από παραβίαση του ΚΟΚ, οδήγηση υπό επήρεια, μη εξουσιοδοτημένο οδηγό, απώλεια κλειδιών ή εγγράφων και χρήση του οχήματος εκτός των συμφωνημένων όρων. Οι πληροφορίες της σελίδας έχουν ενημερωτικό χαρακτήρα και υπερισχύουν οι τελικοί όροι που επιβεβαιώνονται από την εταιρία πριν την παραλαβή."",""_owner"":""284e089f-48c1-4969-b018-a9add65901a8"",""_createdDate"":""2026-03-15T14:21:47.499Z"",""insuranceTermsIntro"":""Οι ασφαλιστικές επιλογές και οι σχετικοί όροι παρουσιάζονται με απλό τρόπο πριν από την ολοκλήρωση της κράτησης."",""insuranceDetailsTitle"":""Λεπτομέρειες ασφαλιστικών επιλογών"",""insuranceDetailsIntro"":""Παρακάτω βλέπεις συνοπτικά τις επιλογές κάλυψης που χρησιμοποιούνται στο front booking flow."",""insuranceDetailsBody"":""Το CDW αποτελεί τη βασική κάλυψη χωρίς επιπλέον ημερήσια χρέωση. Το SCDW μειώνει περαιτέρω την οικονομική έκθεση του οδηγού, ενώ το FULL παρέχει την πιο ενισχυμένη επιλογή προστασίας που εμφανίζεται στο backroom και στο booking flow. Για κάθε κράτηση, το τελικό πρόγραμμα ασφάλισης, οι χρεώσεις και οι εξαιρέσεις επιβεβαιώνονται από την ομάδα μας πριν από την παράδοση."",""nightStartHour"":22,""_updatedDate"":""2026-03-16T11:37:51.581Z"",""companyName"":""DIAMOND Rent A Car 1"",""insuranceTermsTitle"":""Όροι και λεπτομέρειες ασφαλειών"",""companyCity"":""Thessaloniki"",""currency"":""EUR"",""footerNote"":""Επαγγελματική εμπειρία ενοικίασης οχήματος με καθαρή ροή κράτησης, ξεκάθαρη τιμολόγηση και προσωπική επιβεβαίωση."",""title"":""Default business settings"",""companyEmail"":""info@diamondrentacar.gr"",""companyTagline"":""Ενοικίαση οχημάτων στη Θεσσαλονίκη με καθαρή διαδικασία και γρήγορη επιβεβαίωση."",""vatRate"":24,""active"":true}","ckatz1995@gmail.com","Nik nik",2026-03-16T11:37:51Z,2027-03-16T11:37:51Z
,"51d76123-abaa-43f2-abc5-bb9846c4d5bd",2026-03-16T07:46:24Z,2026-03-16T07:46:24Z,"4139a8c1-c961-498e-9512-465437a7bf6c","pricing.PickupLocations","city_center_office","pricing.delete","Διαγραφή pricing item Κέντρο Θεσσαλονίκης (0 row(s))","{""description"":""Παραλαβή / παράδοση από το κεντρικό σημείο εξυπηρέτησης."",""_id"":""fe8e4bc4-9b1b-4dba-9369-d83ac7a68271"",""_owner"":""284e089f-48c1-4969-b018-a9add65901a8"",""_createdDate"":""2026-03-15T22:56:27.551Z"",""mapUrl"":"""",""publicVisible"":true,""label"":""Κέντρο Θεσσαλονίκης"",""_updatedDate"":""2026-03-16T07:42:13.211Z"",""key"":""city_center_office"",""extraFee"":40,""sortOrder"":20,""address"":""Θεσσαλονίκη, Κέντρο"",""locationType"":""both"",""active"":true}",,"ckatz1995@gmail.com","Nik nik",2026-03-16T07:46:23Z,2027-03-16T07:46:23Z
,"52ce95cd-a7ec-4c34-8b67-0a01de1e4d58",2026-03-16T14:56:05Z,2026-03-16T14:56:05Z,"48ba7aa5-ed2b-43d2-bdd7-6596e6ec75a8","pricing.businessSettings","a5128991-cf12-4a62-bcde-64e77309b454","pricing.saveBusinessSettings","Ενημέρωση business settings","{""nightEndHour"":8,""defaultDeposit"":0,""companyPhone"":""+30 2310 000 000"",""companyAddress"":""Θεσσαλονίκη, Ελλάδα"",""_id"":""a5128991-cf12-4a62-bcde-64e77309b454"",""insuranceTermsBody"":""Η βασική κάλυψη αφορά την τυπική συμμετοχή του ενοικιαστή σύμφωνα με τους όρους της εταιρίας. Οι επιπλέον καλύψεις μειώνουν ή περιορίζουν την ευθύνη ανάλογα με το πρόγραμμα που θα επιλεγεί. Πριν από την τελική παράδοση του οχήματος, η ομάδα μας επιβεβαιώνει ξανά τις καλύψεις, τις εξαιρέσεις και το ύψος της συμμετοχής. Δεν καλύπτονται περιστατικά που προκύπτουν από παραβίαση του ΚΟΚ, οδήγηση υπό επήρεια, μη εξουσιοδοτημένο οδηγό, απώλεια κλειδιών ή εγγράφων και χρήση του οχήματος εκτός των συμφωνημένων όρων. Οι πληροφορίες της σελίδας έχουν ενημερωτικό χαρακτήρα και υπερισχύουν οι τελικοί όροι που επιβεβαιώνονται από την εταιρία πριν την παραλαβή."",""_owner"":""284e089f-48c1-4969-b018-a9add65901a8"",""_createdDate"":""2026-03-15T14:21:47.499Z"",""insuranceTermsIntro"":""Οι ασφαλιστικές επιλογές και οι σχετικοί όροι παρουσιάζονται με απλό τρόπο πριν από την ολοκλήρωση της κράτησης."",""insuranceDetailsTitle"":""Λεπτομέρειες ασφαλιστικών επιλογών"",""insuranceDetailsIntro"":""Παρακάτω βλέπεις συνοπτικά τις επιλογές κάλυψης που χρησιμοποιούνται στο front booking flow."",""insuranceDetailsBody"":""Το CDW αποτελεί τη βασική κάλυψη χωρίς επιπλέον ημερήσια χρέωση. Το SCDW μειώνει περαιτέρω την οικονομική έκθεση του οδηγού, ενώ το FULL παρέχει την πιο ενισχυμένη επιλογή προστασίας που εμφανίζεται στο backroom και στο booking flow. Για κάθε κράτηση, το τελικό πρόγραμμα ασφάλισης, οι χρεώσεις και οι εξαιρέσεις επιβεβαιώνονται από την ομάδα μας πριν από την παράδοση."",""nightStartHour"":22,""_updatedDate"":""2026-03-16T14:55:34.031Z"",""companyName"":""DIAMOND Rent A Car"",""insuranceTermsTitle"":""Όροι και λεπτομέρειες ασφαλειών"",""companyCity"":""Thessaloniki"",""currency"":""EUR"",""footerNote"":""Επαγγελματική εμπειρία ενοικίασης οχήματος με καθαρή ροή κράτησης, ξεκάθαρη τιμολόγηση και προσωπική επιβεβαίωση."",""title"":""Default business settings"",""companyEmail"":""info@diamondrentacar.gr"",""companyTagline"":""Ενοικίαση οχημάτων στη Θεσσαλονίκη με καθαρή διαδικασία και γρήγορη επιβεβαίωση."",""vatRate"":24,""active"":true}","{""nightEndHour"":8,""defaultDeposit"":0,""companyPhone"":""+30 2310 000 000"",""companyAddress"":""Θεσσαλονίκη, Ελλάδα"",""_id"":""a5128991-cf12-4a62-bcde-64e77309b454"",""insuranceTermsBody"":""Η βασική κάλυψη αφορά την τυπική συμμετοχή του ενοικιαστή σύμφωνα με τους όρους της εταιρίας. Οι επιπλέον καλύψεις μειώνουν ή περιορίζουν την ευθύνη ανάλογα με το πρόγραμμα που θα επιλεγεί. Πριν από την τελική παράδοση του οχήματος, η ομάδα μας επιβεβαιώνει ξανά τις καλύψεις, τις εξαιρέσεις και το ύψος της συμμετοχής. Δεν καλύπτονται περιστατικά που προκύπτουν από παραβίαση του ΚΟΚ, οδήγηση υπό επήρεια, μη εξουσιοδοτημένο οδηγό, απώλεια κλειδιών ή εγγράφων και χρήση του οχήματος εκτός των συμφωνημένων όρων. Οι πληροφορίες της σελίδας έχουν ενημερωτικό χαρακτήρα και υπερισχύουν οι τελικοί όροι που επιβεβαιώνονται από την εταιρία πριν την παραλαβή."",""_owner"":""284e089f-48c1-4969-b018-a9add65901a8"",""_createdDate"":""2026-03-15T14:21:47.499Z"",""insuranceTermsIntro"":""Οι ασφαλιστικές επιλογές και οι σχετικοί όροι παρουσιάζονται με απλό τρόπο πριν από την ολοκλήρωση της κράτησης."",""insuranceDetailsTitle"":""Λεπτομέρειες ασφαλιστικών επιλογών"",""insuranceDetailsIntro"":""Παρακάτω βλέπεις συνοπτικά τις επιλογές κάλυψης που χρησιμοποιούνται στο front booking flow."",""insuranceDetailsBody"":""Το CDW αποτελεί τη βασική κάλυψη χωρίς επιπλέον ημερήσια χρέωση. Το SCDW μειώνει περαιτέρω την οικονομική έκθεση του οδηγού, ενώ το FULL παρέχει την πιο ενισχυμένη επιλογή προστασίας που εμφανίζεται στο backroom και στο booking flow. Για κάθε κράτηση, το τελικό πρόγραμμα ασφάλισης, οι χρεώσεις και οι εξαιρέσεις επιβεβαιώνονται από την ομάδα μας πριν από την παράδοση."",""nightStartHour"":22,""_updatedDate"":""2026-03-16T14:56:05.065Z"",""companyName"":""DIAMOND Rent A Car"",""insuranceTermsTitle"":""Όροι και λεπτομέρειες ασφαλειών"",""companyCity"":""Thessaloniki"",""currency"":""EUR"",""footerNote"":""Επαγγελματική εμπειρία ενοικίασης οχήματος με καθαρή ροή κράτησης, ξεκάθαρη τιμολόγηση και προσωπική επιβεβαίωση."",""title"":""Default business settings"",""companyEmail"":""info@diamondrentacar.gr"",""companyTagline"":""Ενοικίαση οχημάτων στη Θεσσαλονίκη με καθαρή διαδικασία και γρήγορη επιβεβαίωση."",""vatRate"":24,""active"":true}","ckatz1995@gmail.com","Nik nik",2026-03-16T14:56:05Z,2027-03-16T14:56:05Z
,"5303d9bc-7d26-49f3-9f81-ab9d30940ff2",2026-03-16T16:34:48Z,2026-03-16T16:34:48Z,"48ba7aa5-ed2b-43d2-bdd7-6596e6ec75a8","pricing.fleetVehicle","02a4bf5d-2644-4c5b-ab43-def409aaa60f","pricing.updateFleetVehicle","Ενημέρωση όχημα στόλου ΝΗΧ1234 - Panda (A)","{""plate"":""ΝΗΧ1234"",""categoryId"":"""",""categoryDisplayTitle"":""A"",""model"":""Pandaa"",""_id"":""02a4bf5d-2644-4c5b-ab43-def409aaa60f"",""_owner"":""48ba7aa5-ed2b-43d2-bdd7-6596e6ec75a8"",""_createdDate"":""2026-03-16T16:33:46.057Z"",""categoryTitle"":"""",""_updatedDate"":""2026-03-16T16:34:35.636Z"",""status"":""available"",""category"":""A"",""notes"":"""",""active"":true}","{""plate"":""ΝΗΧ1234"",""categoryId"":"""",""categoryDisplayTitle"":""A"",""model"":""Panda"",""_id"":""02a4bf5d-2644-4c5b-ab43-def409aaa60f"",""_owner"":""48ba7aa5-ed2b-43d2-bdd7-6596e6ec75a8"",""_createdDate"":""2026-03-16T16:33:46.057Z"",""categoryTitle"":"""",""_updatedDate"":""2026-03-16T16:34:48.738Z"",""status"":""available"",""category"":""A"",""notes"":"""",""active"":true}","ckatz1995@gmail.com","Nik nik",2026-03-16T16:34:48Z,2027-03-16T16:34:48Z
,"53f4c5ba-ad28-4f29-9f89-d81a2faee8eb",2026-05-26T14:00:04Z,2026-05-26T14:00:04Z,"b65b0bee-7708-4373-a451-8de3234b11fd","staffAuth","ckatz1995@gmail.com","loginSuccess","Backroom login",,,"ckatz1995@gmail.com","Nik nik",2026-05-26T14:00:04Z,2027-05-26T14:00:04Z
,"540ec17a-5dba-4de3-a7d3-aa83b23ccd41",2026-03-30T12:27:45Z,2026-03-30T12:27:45Z,"48ba7aa5-ed2b-43d2-bdd7-6596e6ec75a8","staffAuth","ckatz1995@hotmail.gr","loginFailed","Unknown or inactive user",,,"ckatz1995@hotmail.gr","ckatz1995@hotmail.gr",2026-03-30T12:27:45Z,2027-03-30T12:27:45Z
,"5451affc-1818-429c-a9fb-8fbe5426e3d4",2026-04-04T12:30:21Z,2026-04-04T12:30:21Z,"4139a8c1-c961-498e-9512-465437a7bf6c","pricing.pickupLocation","ktel_thessaloniki_dropoff","pricing.update","Ενημέρωση τοποθεσία ΚΤΕΛ Θεσσαλονίκης","{""description"":""Παραλαβή / παράδοση στον σταθμό ΚΤΕΛ."",""_id"":""1514a8fc-8690-4f29-b8de-415cf514bb74"",""_owner"":""4139a8c1-c961-498e-9512-465437a7bf6c"",""_createdDate"":""2026-03-22T09:59:56.022Z"",""mapUrl"":"""",""publicVisible"":true,""label"":""ΚΤΕΛ Θεσσαλονίκης"",""_updatedDate"":""2026-03-22T10:01:48.194Z"",""key"":""ktel_thessaloniki_dropoff"",""extraFee"":25,""sortOrder"":40,""address"":""Σταθμός ΚΤΕΛ Μακεδονία, Θεσσαλονίκη"",""locationType"":""dropoff"",""active"":true}","{""description"":""Παραλαβή / παράδοση στον σταθμό ΚΤΕΛ."",""_id"":""1514a8fc-8690-4f29-b8de-415cf514bb74"",""_owner"":""4139a8c1-c961-498e-9512-465437a7bf6c"",""_createdDate"":""2026-03-22T09:59:56.022Z"",""mapUrl"":"""",""publicVisible"":true,""label"":""ΚΤΕΛ Θεσσαλονίκης"",""_updatedDate"":""2026-04-04T12:30:21.425Z"",""key"":""ktel_thessaloniki_dropoff"",""extraFee"":25,""sortOrder"":40,""address"":""Σταθμός ΚΤΕΛ Μακεδονία, Θεσσαλονίκη"",""locationType"":""dropoff"",""active"":true,""stationKey"":""a"",""stationLabel"":""a""}","ckatz1995@gmail.com","Nik nik",2026-04-04T12:30:21Z,2027-04-04T12:30:21Z
,"54994606-c4fa-4d58-b8ef-91cb7564d516",2026-03-22T10:05:06Z,2026-03-22T10:05:06Z,"4139a8c1-c961-498e-9512-465437a7bf6c","pricing.pickupLocation","city_center_office_pickup","pricing.update","Ενημέρωση τοποθεσία Κέντρο Θεσσαλονίκης","{""description"":""Παραλαβή / παράδοση από το κεντρικό σημείο εξυπηρέτησης."",""_id"":""fe8e4bc4-9b1b-4dba-9369-d83ac7a68271"",""_owner"":""284e089f-48c1-4969-b018-a9add65901a8"",""_createdDate"":""2026-03-15T22:56:27.551Z"",""mapUrl"":"""",""publicVisible"":true,""label"":""Κέντρο Θεσσαλονίκης"",""_updatedDate"":""2026-03-22T10:04:25.577Z"",""key"":""city_center_office_pickup"",""extraFee"":25,""sortOrder"":20,""address"":""Θεσσαλονίκη, Κέντρο"",""locationType"":""pickup"",""active"":true}","{""description"":""Παραλαβή / παράδοση από το κεντρικό σημείο εξυπηρέτησης."",""_id"":""fe8e4bc4-9b1b-4dba-9369-d83ac7a68271"",""_owner"":""284e089f-48c1-4969-b018-a9add65901a8"",""_createdDate"":""2026-03-15T22:56:27.551Z"",""mapUrl"":"""",""publicVisible"":false,""label"":""Κέντρο Θεσσαλονίκης"",""_updatedDate"":""2026-03-22T10:05:06.159Z"",""key"":""city_center_office_pickup"",""extraFee"":25,""sortOrder"":20,""address"":""Θεσσαλονίκη, Κέντρο"",""locationType"":""pickup"",""active"":false}","ckatz1995@gmail.com","Nik nik",2026-03-22T10:05:06Z,2027-03-22T10:05:06Z
,"54a19670-e1c1-483d-930d-6fd5131a93f0",2026-03-15T14:13:47Z,2026-03-15T14:13:47Z,"4139a8c1-c961-498e-9512-465437a7bf6c","user","faac40d0-dbbc-4a92-93ff-1c5530a2939e","user.update","Ενημερώθηκε staff user admin@diamondrentacar.gr","{""email"":""admin@diamondrentacar.gr"",""roleKey"":""admin"",""_id"":""faac40d0-dbbc-4a92-93ff-1c5530a2939e"",""_owner"":""284e089f-48c1-4969-b018-a9add65901a8"",""_createdDate"":""2026-03-15T13:40:04.931Z"",""fullName"":""Site Admin"",""_updatedDate"":""2026-03-15T13:40:04.931Z"",""notes"":""Πρώτος staff user. Συνδέεται όταν το site member email ταιριάξει."",""active"":true}","{""email"":""admin@diamondrentacar.gr"",""roleKey"":""admin"",""_id"":""faac40d0-dbbc-4a92-93ff-1c5530a2939e"",""_owner"":""284e089f-48c1-4969-b018-a9add65901a8"",""_createdDate"":""2026-03-15T13:40:04.931Z"",""fullName"":""Site Admin"",""_updatedDate"":""2026-03-15T14:13:47.216Z"",""notes"":""Πρώτος staff user. Συνδέεται όταν το site member email ταιριάξει."",""active"":true,""memberId"":"""",""deactivatedAt"":null}","admin@diamondrentacar.gr","Site Admin",2026-03-15T14:13:47Z,2027-03-15T14:13:47Z
,"54e562ed-7ebc-4fe7-8e82-35da5a055b62",2026-03-17T12:26:43Z,2026-03-17T12:26:43Z,"48ba7aa5-ed2b-43d2-bdd7-6596e6ec75a8","pricing.pickupLocation","city_center_office","pricing.update","Ενημέρωση τοποθεσία Κέντρο Θεσσαλονίκης 1","{""description"":""Παραλαβή / παράδοση από το κεντρικό σημείο εξυπηρέτησης."",""_id"":""fe8e4bc4-9b1b-4dba-9369-d83ac7a68271"",""_owner"":""284e089f-48c1-4969-b018-a9add65901a8"",""_createdDate"":""2026-03-15T22:56:27.551Z"",""mapUrl"":"""",""publicVisible"":false,""label"":""Κέντρο Θεσσαλονίκης 1"",""_updatedDate"":""2026-03-16T10:56:14.778Z"",""key"":""city_center_office"",""extraFee"":22,""sortOrder"":20,""address"":""Θεσσαλονίκη, Κέντρο"",""locationType"":""both"",""active"":false}","{""description"":""Παραλαβή / παράδοση από το κεντρικό σημείο εξυπηρέτησης."",""_id"":""fe8e4bc4-9b1b-4dba-9369-d83ac7a68271"",""_owner"":""284e089f-48c1-4969-b018-a9add65901a8"",""_createdDate"":""2026-03-15T22:56:27.551Z"",""mapUrl"":"""",""publicVisible"":false,""label"":""Κέντρο Θεσσαλονίκης 1"",""_updatedDate"":""2026-03-17T12:26:42.683Z"",""key"":""city_center_office"",""extraFee"":22,""sortOrder"":4,""address"":""Θεσσαλονίκη, Κέντρο"",""locationType"":""both"",""active"":false}","ckatz1995@gmail.com","Nik nik",2026-03-17T12:26:43Z,2027-03-17T12:26:43Z
,"56351824-0a26-4899-a6a3-a911cb7b3ff0",2026-04-08T08:50:26Z,2026-04-08T08:50:26Z,"48ba7aa5-ed2b-43d2-bdd7-6596e6ec75a8","accessRecovery","ckatz1995@gmail.com","requestRecovery","Recovery requested for ckatz1995@gmail.com",,"{""status"":""pending"",""userAgent"":""Mozilla/5.0 (Windows NT 10.0; Win64; x64) AppleWebKit/537.36 (KHTML, like Gecko) Chrome/146.0.0.0 Safari/537.36 Edg/146.0.0.0""}","ckatz1995@gmail.com","Nik nik",2026-04-08T08:50:26Z,2027-04-08T08:50:26Z
,"564fec81-d31e-42d5-9dd3-1baea3c3345f",2026-03-22T10:05:13Z,2026-03-22T10:05:13Z,"4139a8c1-c961-498e-9512-465437a7bf6c","pricing.PickupLocations","city_center_office_pickup","pricing.delete","Διαγραφή pricing item Κέντρο Θεσσαλονίκης (0 row(s))","{""description"":""Παραλαβή / παράδοση από το κεντρικό σημείο εξυπηρέτησης."",""_id"":""fe8e4bc4-9b1b-4dba-9369-d83ac7a68271"",""_owner"":""284e089f-48c1-4969-b018-a9add65901a8"",""_createdDate"":""2026-03-15T22:56:27.551Z"",""mapUrl"":"""",""publicVisible"":false,""label"":""Κέντρο Θεσσαλονίκης"",""_updatedDate"":""2026-03-22T10:05:06.159Z"",""key"":""city_center_office_pickup"",""extraFee"":25,""sortOrder"":20,""address"":""Θεσσαλονίκη, Κέντρο"",""locationType"":""pickup"",""active"":false}",,"ckatz1995@gmail.com","Nik nik",2026-03-22T10:05:13Z,2027-03-22T10:05:13Z
,"572ae9ae-f647-4fba-876e-9b99c860b570",2026-03-16T16:24:25Z,2026-03-16T16:24:25Z,"48ba7aa5-ed2b-43d2-bdd7-6596e6ec75a8","pricing.fleetVehicle","05442477-ea25-431f-933a-050e5cad67b1","pricing.deleteFleetVehicle","Διαγραφή οχήματος στόλου NHX 1234 - Up","{""plate"":""NHX 1234"",""categoryId"":"""",""categoryDisplayTitle"":""A"",""model"":""Up"",""_id"":""05442477-ea25-431f-933a-050e5cad67b1"",""_owner"":""48ba7aa5-ed2b-43d2-bdd7-6596e6ec75a8"",""_createdDate"":""2026-03-16T15:50:50.140Z"",""categoryTitle"":"""",""_updatedDate"":""2026-03-16T16:16:16.492Z"",""miliage"":1500,""status"":""available"",""category"":""46362b25-3bbb-4d22-826d-48ae404e5e85"",""notes"":"""",""active"":true}",,"ckatz1995@gmail.com","Nik nik",2026-03-16T16:24:25Z,2027-03-16T16:24:25Z
,"583a6627-e6e9-4932-b089-0837ed91feaf",2026-03-15T15:00:21Z,2026-03-15T15:00:21Z,"4139a8c1-c961-498e-9512-465437a7bf6c","role","42cf498e-5b66-4e8d-be09-9166a1e2856b","role.update","Ενημερώθηκε role Admin","{""bookingsEdit"":true,""customersEdit"":true,""bookingsView"":true,""fleetDelete"":true,""pricingInsert"":true,""rentalsEdit"":true,""systemRole"":true,""description"":""Πλήρης πρόσβαση σε όλο το backoffice."",""pricingView"":true,""fleetInsert"":true,""customersInsert"":true,""_id"":""42cf498e-5b66-4e8d-be09-9166a1e2856b"",""_owner"":""284e089f-48c1-4969-b018-a9add65901a8"",""_createdDate"":""2026-03-15T13:31:56.969Z"",""customersView"":true,""label"":""Admin"",""bookingsInsert"":true,""bookingsDelete"":true,""reportsDelete"":true,""financialsDelete"":true,""_updatedDate"":""2026-03-15T13:31:56.969Z"",""reportsView"":true,""customersDelete"":true,""key"":""admin"",""fleetEdit"":true,""financialsEdit"":true,""financialsView"":true,""pricingDelete"":true,""sortOrder"":10,""reportsEdit"":true,""rentalsDelete"":true,""pricingEdit"":true,""rentalsView"":true,""fleetView"":true,""reportsInsert"":true,""financialsInsert"":true,""rentalsInsert"":true,""active"":true,""specialPermissions"":""cancelBooking|cancelRental|voidInvoice|mergeCorporateCustomers|mergeIndividualRenters|mergeAgents|mergeSuppliers|manageStaff|manageBusinessSettings|overridePricing|approveManualOverride|viewChangeHistory""}","{""bookingsEdit"":true,""customersEdit"":true,""bookingsView"":true,""fleetDelete"":true,""pricingInsert"":true,""rentalsEdit"":true,""systemRole"":true,""description"":""Πλήρης πρόσβαση σε όλο το backoffice."",""pricingView"":true,""fleetInsert"":true,""customersInsert"":true,""_id"":""42cf498e-5b66-4e8d-be09-9166a1e2856b"",""_owner"":""284e089f-48c1-4969-b018-a9add65901a8"",""_createdDate"":""2026-03-15T13:31:56.969Z"",""customersView"":true,""label"":""Admin"",""bookingsInsert"":true,""bookingsDelete"":true,""reportsDelete"":true,""financialsDelete"":true,""_updatedDate"":""2026-03-15T15:00:21.361Z"",""reportsView"":true,""customersDelete"":true,""key"":""admin"",""fleetEdit"":true,""financialsEdit"":true,""financialsView"":true,""pricingDelete"":true,""sortOrder"":10,""reportsEdit"":true,""rentalsDelete"":true,""pricingEdit"":true,""rentalsView"":true,""fleetView"":true,""reportsInsert"":true,""financialsInsert"":true,""rentalsInsert"":true,""active"":true,""specialPermissions"":""cancelBooking|cancelRental|voidInvoice|mergeCorporateCustomers|mergeIndividualRenters|mergeAgents|mergeSuppliers|manageStaff|manageBusinessSettings|overridePricing|approveManualOverride|viewChangeHistory""}","ckatz1995@gmail.com","Nik nik",2026-03-15T15:00:21Z,2027-03-15T15:00:21Z
,"584df10b-f88b-40af-93a9-357d005c3bc9",2026-03-16T15:35:59Z,2026-03-16T15:35:59Z,"48ba7aa5-ed2b-43d2-bdd7-6596e6ec75a8","staffAuth","ckatz1995@gmail.com","loginSuccess","Backroom login",,,"ckatz1995@gmail.com","Nik nik",2026-03-16T15:35:58Z,2027-03-16T15:35:58Z
,"5958c61a-e7ff-4701-96d9-0fdaea0473fe",2026-03-15T20:54:41Z,2026-03-15T20:54:41Z,"4139a8c1-c961-498e-9512-465437a7bf6c","pricing.insurance","cdw","pricing.update","Ενημέρωση insurance plan CDW","{""description"":""Βασική ασφαλιστική επιλογή χωρίς επιπλέον ημερήσια χρέωση."",""_id"":""ff1edf4c-8492-433f-9fbd-50dacc4fce4d"",""_owner"":""284e089f-48c1-4969-b018-a9add65901a8"",""_createdDate"":""2026-03-15T14:25:24.032Z"",""billingMode"":""perDay"",""publicVisible"":true,""label"":""CDW"",""_updatedDate"":""2026-03-15T16:53:04.259Z"",""key"":""cdw"",""pricePerDay"":0,""sortOrder"":1,""title"":""CDW"",""active"":true}","{""description"":""Βασική ασφαλιστική επιλογή χωρίς επιπλέον ημερήσια χρέωση."",""_id"":""ff1edf4c-8492-433f-9fbd-50dacc4fce4d"",""_owner"":""284e089f-48c1-4969-b018-a9add65901a8"",""_createdDate"":""2026-03-15T14:25:24.032Z"",""billingMode"":""perDay"",""publicVisible"":true,""label"":""CDW"",""_updatedDate"":""2026-03-15T20:54:40.818Z"",""key"":""cdw"",""pricePerDay"":0,""sortOrder"":1,""title"":""CDW"",""active"":false}","ckatz1995@gmail.com","Nik nik",2026-03-15T20:54:40Z,2027-03-15T20:54:40Z
,"5a9e2a77-f310-42fe-abdb-2f419ba4f8b2",2026-03-16T16:12:34Z,2026-03-16T16:12:34Z,"48ba7aa5-ed2b-43d2-bdd7-6596e6ec75a8","pricing.extra","smartphone_holder","pricing.update","Ενημέρωση extra service Βάση Κινητού","{""description"":"""",""_id"":""93fb674a-5b2e-411b-8840-f2590e5db4c7"",""_owner"":""48ba7aa5-ed2b-43d2-bdd7-6596e6ec75a8"",""_createdDate"":""2026-03-16T15:23:34.941Z"",""billingMode"":""perDay"",""price"":1,""publicVisible"":true,""label"":""Βάση Κινητού"",""_updatedDate"":""2026-03-16T16:12:02.749Z"",""key"":""smartphone_holder"",""sortOrder"":7,""title"":""Βάση Κινητού"",""active"":true}","{""description"":"""",""_id"":""93fb674a-5b2e-411b-8840-f2590e5db4c7"",""_owner"":""48ba7aa5-ed2b-43d2-bdd7-6596e6ec75a8"",""_createdDate"":""2026-03-16T15:23:34.941Z"",""billingMode"":""perDay"",""price"":1,""publicVisible"":true,""label"":""Βάση Κινητού"",""_updatedDate"":""2026-03-16T16:12:34.303Z"",""key"":""smartphone_holder"",""sortOrder"":7,""title"":""Βάση Κινητού"",""active"":true}","ckatz1995@gmail.com","Nik nik",2026-03-16T16:12:34Z,2027-03-16T16:12:34Z
,"5b35010c-1664-47c4-807a-698846726428",2026-03-15T14:29:06Z,2026-03-15T14:29:06Z,"4139a8c1-c961-498e-9512-465437a7bf6c","staffAuth","admin@diamondrentacar.gr","loginFailed","Wrong password",,,"admin@diamondrentacar.gr","Site Admin",2026-03-15T14:29:06Z,2027-03-15T14:29:06Z
,"5b45ce6a-f315-4830-9902-9d591b06ca30",2026-04-04T12:57:27Z,2026-04-04T12:57:27Z,"4139a8c1-c961-498e-9512-465437a7bf6c","pricing.pickupLocation","city_center_office_pickup","pricing.update","Ενημέρωση τοποθεσία Κέντρο Θεσσαλονίκης","{""stationKey"":""a"",""description"":""Παραλαβή / παράδοση από το κεντρικό σημείο εξυπηρέτησης."",""_id"":""fe8e4bc4-9b1b-4dba-9369-d83ac7a68271"",""_owner"":""284e089f-48c1-4969-b018-a9add65901a8"",""_createdDate"":""2026-03-15T22:56:27.551Z"",""mapUrl"":"""",""publicVisible"":true,""label"":""Κέντρο Θεσσαλονίκης"",""_updatedDate"":""2026-04-04T12:29:25.051Z"",""stationLabel"":""a"",""key"":""city_center_office_pickup"",""extraFee"":25,""sortOrder"":20,""address"":""Θεσσαλονίκη, Κέντρο"",""locationType"":""pickup"",""active"":true}","{""stationKey"":""default"",""description"":""Παραλαβή / παράδοση από το κεντρικό σημείο εξυπηρέτησης."",""_id"":""fe8e4bc4-9b1b-4dba-9369-d83ac7a68271"",""_owner"":""284e089f-48c1-4969-b018-a9add65901a8"",""_createdDate"":""2026-03-15T22:56:27.551Z"",""mapUrl"":"""",""publicVisible"":true,""label"":""Κέντρο Θεσσαλονίκης"",""_updatedDate"":""2026-04-04T12:57:27.130Z"",""stationLabel"":""SKG Thessaloniki"",""key"":""city_center_office_pickup"",""extraFee"":25,""sortOrder"":20,""address"":""Θεσσαλονίκη, Κέντρο"",""locationType"":""pickup"",""active"":true}","ckatz1995@gmail.com","Nik nik",2026-04-04T12:57:27Z,2027-04-04T12:57:27Z
,"5be726a2-af03-4ed8-912f-ef5c505ae454",2026-04-04T10:35:38Z,2026-04-04T10:35:38Z,"4139a8c1-c961-498e-9512-465437a7bf6c","pricing.businessSettings","a5128991-cf12-4a62-bcde-64e77309b454","pricing.saveBusinessSettings","Ενημέρωση business settings","{""vehiclesPageModelsSource"":""fleet"",""rentalTermsIntro"":""Στην παρακάτω σελίδα συγκεντρώνονται βασικοί όροι, προϋποθέσεις και πολιτικές της ενοικίασης με μορφή εύκολη για ανάγνωση και ενημέρωση από το backroom."",""nightEndHour"":8,""bookingCanceledTriggerId"":"""",""defaultDeposit"":0,""operatingHoursLabel"":""08:00 - 22:00"",""companyPhone"":""+30 2310 000 000"",""companyAddress"":""Θεσσαλονίκη, Ελλάδα"",""_id"":""a5128991-cf12-4a62-bcde-64e77309b454"",""insuranceTermsBody"":""Η βασική κάλυψη αφορά την τυπική συμμετοχή του ενοικιαστή σύμφωνα με τους όρους της εταιρίας. Οι επιπλέον καλύψεις μειώνουν ή περιορίζουν την ευθύνη ανάλογα με το πρόγραμμα που θα επιλεγεί. Πριν από την τελική παράδοση του οχήματος, η ομάδα μας επιβεβαιώνει ξανά τις καλύψεις, τις εξαιρέσεις και το ύψος της συμμετοχής. Δεν καλύπτονται περιστατικά που προκύπτουν από παραβίαση του ΚΟΚ, οδήγηση υπό επήρεια, μη εξουσιοδοτημένο οδηγό, απώλεια κλειδιών ή εγγράφων και χρήση του οχήματος εκτός των συμφωνημένων όρων. Οι πληροφορίες της σελίδας έχουν ενημερωτικό χαρακτήρα και υπερισχύουν οι τελικοί όροι που επιβεβαιώνονται από την εταιρία πριν την παραλαβή."",""_owner"":""284e089f-48c1-4969-b018-a9add65901a8"",""_createdDate"":""2026-03-15T14:21:47.499Z"",""insuranceTermsIntro"":""Οι ασφαλιστικές επιλογές και οι σχετικοί όροι παρουσιάζονται με απλό τρόπο πριν από την ολοκλήρωση της κράτησης."",""insuranceDetailsTitle"":""Λεπτομέρειες ασφαλιστικών επιλογών"",""insuranceDetailsIntro"":""Παρακάτω βλέπεις συνοπτικά τις επιλογές κάλυψης που χρησιμοποιούνται στο front booking flow."",""insuranceDetailsBody"":""Το CDW αποτελεί τη βασική κάλυψη χωρίς επιπλέον ημερήσια χρέωση. Το SCDW μειώνει περαιτέρω την οικονομική έκθεση του οδηγού, ενώ το FULL παρέχει την πιο ενισχυμένη επιλογή προστασίας που εμφανίζεται στο backroom και στο booking flow. Για κάθε κράτηση, το τελικό πρόγραμμα ασφάλισης, οι χρεώσεις και οι εξαιρέσεις επιβεβαιώνονται από την ομάδα μας πριν από την παράδοση."",""rentalPrivacyBody"":""Τα προσωπικά δεδομένα χρησιμοποιούνται αποκλειστικά για την εξυπηρέτηση της κράτησης, την επικοινωνία με τον πελάτη και την εκπλήρωση νομικών ή φορολογικών υποχρεώσεων της εταιρίας. Για ειδικά αιτήματα, διορθώσεις στοιχείων ή απορίες σχετικά με την επεξεργασία δεδομένων, ο πελάτης μπορεί να επικοινωνεί με την εταιρία στα διαθέσιμα στοιχεία επικοινωνίας."",""nightStartHour"":22,""_updatedDate"":""2026-03-19T08:55:00.454Z"",""allowOverbooking"":true,""companyName"":""DIAMOND Rent A Car"",""insuranceTermsTitle"":""Όροι και λεπτομέρειες ασφαλειών"",""rentalTermsTitle"":""Όροι ενοικίασης και πολιτικές"",""companyCity"":""Thessaloniki"",""bookingConfirmedTriggerId"":"""",""currency"":""EUR"",""footerNote"":""Επαγγελματική εμπειρία ενοικίασης οχήματος με καθαρή ροή κράτησης, ξεκάθαρη τιμολόγηση και προσωπική επιβεβαίωση."",""title"":""Business settings"",""companyEmail"":""info@diamondrentacar.gr"",""companyTagline"":""Ενοικίαση οχημάτων στη Θεσσαλονίκη με καθαρή διαδικασία και γρήγορη επιβεβαίωση."",""rentalTermsBody"":""Η ενοικίαση ολοκληρώνεται μόνο μετά από επιβεβαίωση της διαθεσιμότητας από την εταιρία και έλεγχο των στοιχείων του οδηγού. Η εταιρία διατηρεί το δικαίωμα να προτείνει ισοδύναμο όχημα ίδιας ή ανώτερης κατηγορίας όταν αυτό απαιτηθεί από λειτουργικούς λόγους, χωρίς πρόσθετη χρέωση για τον πελάτη."",""vatRate"":24,""rentalRequirementsBody"":""Ο κύριος οδηγός οφείλει να διαθέτει ισχύουσα άδεια οδήγησης, ταυτότητα ή διαβατήριο και κάρτα ή άλλο μέσο πληρωμής αποδεκτό από την εταιρία. Ελάχιστη ηλικία, έτη κατοχής διπλώματος, εγγύηση και τυχόν επασφάλιστρα εξαρτώνται από την κατηγορία οχήματος και την τελική επιβεβαίωση της κράτησης."",""vehiclesPageDisplayMode"":""categories"",""enableTriggeredEmails"":false,""rentalPoliciesBody"":""Η πολιτική καυσίμου, οι ώρες παράδοσης και παραλαβής, οι χρεώσεις εκτός ωραρίου, οι ακυρώσεις, οι καθυστερήσεις και οι όροι επέκτασης της μίσθωσης επιβεβαιώνονται πριν την παράδοση. Τυχόν ζημιές, πρόστιμα, απώλειες εξοπλισμού ή χρήση του οχήματος κατά παράβαση των συμφωνημένων όρων βαρύνουν τον ενοικιαστή σύμφωνα με την τελική σύμβαση."",""active"":true,""afterHoursNotice"":""Για εξυπηρέτηση εκτός ωραρίου ισχύουν επιπλέον χρεώσεις.""}","{""vehiclesPageModelsSource"":""fleet"",""rentalTermsIntro"":""Στην παρακάτω σελίδα συγκεντρώνονται βασικοί όροι, προϋποθέσεις και πολιτικές της ενοικίασης με μορφή εύκολη για ανάγνωση και ενημέρωση από το backroom."",""nightEndHour"":8,""bookingCanceledTriggerId"":"""",""defaultDeposit"":0,""operatingHoursLabel"":""08:00 - 22:00"",""companyPhone"":""+30 2310 000 000"",""companyAddress"":""Θεσσαλονίκη, Ελλάδα"",""_id"":""a5128991-cf12-4a62-bcde-64e77309b454"",""insuranceTermsBody"":""Η βασική κάλυψη αφορά την τυπική συμμετοχή του ενοικιαστή σύμφωνα με τους όρους της εταιρίας. Οι επιπλέον καλύψεις μειώνουν ή περιορίζουν την ευθύνη ανάλογα με το πρόγραμμα που θα επιλεγεί. Πριν από την τελική παράδοση του οχήματος, η ομάδα μας επιβεβαιώνει ξανά τις καλύψεις, τις εξαιρέσεις και το ύψος της συμμετοχής. Δεν καλύπτονται περιστατικά που προκύπτουν από παραβίαση του ΚΟΚ, οδήγηση υπό επήρεια, μη εξουσιοδοτημένο οδηγό, απώλεια κλειδιών ή εγγράφων και χρήση του οχήματος εκτός των συμφωνημένων όρων. Οι πληροφορίες της σελίδας έχουν ενημερωτικό χαρακτήρα και υπερισχύουν οι τελικοί όροι που επιβεβαιώνονται από την εταιρία πριν την παραλαβή."",""_owner"":""284e089f-48c1-4969-b018-a9add65901a8"",""_createdDate"":""2026-03-15T14:21:47.499Z"",""insuranceTermsIntro"":""Οι ασφαλιστικές επιλογές και οι σχετικοί όροι παρουσιάζονται με απλό τρόπο πριν από την ολοκλήρωση της κράτησης."",""insuranceDetailsTitle"":""Λεπτομέρειες ασφαλιστικών επιλογών"",""insuranceDetailsIntro"":""Παρακάτω βλέπεις συνοπτικά τις επιλογές κάλυψης που χρησιμοποιούνται στο front booking flow."",""insuranceDetailsBody"":""Το CDW αποτελεί τη βασική κάλυψη χωρίς επιπλέον ημερήσια χρέωση. Το SCDW μειώνει περαιτέρω την οικονομική έκθεση του οδηγού, ενώ το FULL παρέχει την πιο ενισχυμένη επιλογή προστασίας που εμφανίζεται στο backroom και στο booking flow. Για κάθε κράτηση, το τελικό πρόγραμμα ασφάλισης, οι χρεώσεις και οι εξαιρέσεις επιβεβαιώνονται από την ομάδα μας πριν από την παράδοση."",""rentalPrivacyBody"":""Τα προσωπικά δεδομένα χρησιμοποιούνται αποκλειστικά για την εξυπηρέτηση της κράτησης, την επικοινωνία με τον πελάτη και την εκπλήρωση νομικών ή φορολογικών υποχρεώσεων της εταιρίας. Για ειδικά αιτήματα, διορθώσεις στοιχείων ή απορίες σχετικά με την επεξεργασία δεδομένων, ο πελάτης μπορεί να επικοινωνεί με την εταιρία στα διαθέσιμα στοιχεία επικοινωνίας."",""nightStartHour"":22,""_updatedDate"":""2026-04-04T10:35:38.337Z"",""allowOverbooking"":true,""companyName"":""DIAMOND Rent A Car"",""insuranceTermsTitle"":""Όροι και λεπτομέρειες ασφαλειών"",""rentalTermsTitle"":""Όροι ενοικίασης και πολιτικές"",""companyCity"":""Thessaloniki"",""bookingConfirmedTriggerId"":"""",""currency"":""EUR"",""footerNote"":""Επαγγελματική εμπειρία ενοικίασης οχήματος με καθαρή ροή κράτησης, ξεκάθαρη τιμολόγηση και προσωπική επιβεβαίωση."",""title"":""Business settings"",""companyEmail"":""info@diamondrentacar.gr"",""companyTagline"":""Ενοικίαση οχημάτων στη Θεσσαλονίκη με καθαρή διαδικασία και γρήγορη επιβεβαίωση."",""rentalTermsBody"":""Η ενοικίαση ολοκληρώνεται μόνο μετά από επιβεβαίωση της διαθεσιμότητας από την εταιρία και έλεγχο των στοιχείων του οδηγού. Η εταιρία διατηρεί το δικαίωμα να προτείνει ισοδύναμο όχημα ίδιας ή ανώτερης κατηγορίας όταν αυτό απαιτηθεί από λειτουργικούς λόγους, χωρίς πρόσθετη χρέωση για τον πελάτη."",""vatRate"":24,""rentalRequirementsBody"":""Ο κύριος οδηγός οφείλει να διαθέτει ισχύουσα άδεια οδήγησης, ταυτότητα ή διαβατήριο και κάρτα ή άλλο μέσο πληρωμής αποδεκτό από την εταιρία. Ελάχιστη ηλικία, έτη κατοχής διπλώματος, εγγύηση και τυχόν επασφάλιστρα εξαρτώνται από την κατηγορία οχήματος και την τελική επιβεβαίωση της κράτησης."",""vehiclesPageDisplayMode"":""categories"",""enableTriggeredEmails"":false,""rentalPoliciesBody"":""Η πολιτική καυσίμου, οι ώρες παράδοσης και παραλαβής, οι χρεώσεις εκτός ωραρίου, οι ακυρώσεις, οι καθυστερήσεις και οι όροι επέκτασης της μίσθωσης επιβεβαιώνονται πριν την παράδοση. Τυχόν ζημιές, πρόστιμα, απώλειες εξοπλισμού ή χρήση του οχήματος κατά παράβαση των συμφωνημένων όρων βαρύνουν τον ενοικιαστή σύμφωνα με την τελική σύμβαση."",""active"":true,""afterHoursNotice"":""Για εξυπηρέτηση εκτός ωραρίου ισχύουν επιπλέον χρεώσεις.""}","ckatz1995@gmail.com","Nik nik",2026-04-04T10:35:38Z,2027-04-04T10:35:38Z
,"5c19c139-5f10-4ea9-a17d-e56e0c8ef554",2026-03-15T14:29:04Z,2026-03-15T14:29:04Z,"4139a8c1-c961-498e-9512-465437a7bf6c","staffAuth","admin@diamondrentacar.gr","loginFailed","Wrong password",,,"admin@diamondrentacar.gr","Site Admin",2026-03-15T14:29:04Z,2027-03-15T14:29:04Z
,"5d3d6fe3-3c46-4111-880f-59ed4e07e8d7",2026-03-29T22:41:30Z,2026-03-29T22:41:30Z,"48ba7aa5-ed2b-43d2-bdd7-6596e6ec75a8","staffAuth","ckatz1995@gmail.com","loginSuccess","Backroom login",,,"ckatz1995@gmail.com","Nik nik",2026-03-29T22:41:30Z,2027-03-29T22:41:30Z
,"5dc19072-1555-42a7-801d-13c739ff4571",2026-03-20T00:58:59Z,2026-03-20T00:58:59Z,"284e089f-48c1-4969-b018-a9add65901a8","staffAuth","ckatz1995@gmail.com","loginSuccess","Backroom login",,,"ckatz1995@gmail.com","Nik nik",2026-03-20T00:58:59Z,2027-03-20T00:58:59Z
,"5e5732be-437b-4b3f-acb7-66089f723ebb",2026-04-04T12:31:38Z,2026-04-04T12:31:38Z,"4139a8c1-c961-498e-9512-465437a7bf6c","pricing.pickupLocation","ktel_thessaloniki_pickup","pricing.update","Ενημέρωση τοποθεσία ΚΤΕΛ Θεσσαλονίκης","{""stationKey"":""aa"",""description"":""Παραλαβή / παράδοση στον σταθμό ΚΤΕΛ."",""_id"":""4ad387f3-6096-4659-8b8a-1575019e0343"",""_owner"":""284e089f-48c1-4969-b018-a9add65901a8"",""_createdDate"":""2026-03-15T22:56:27.550Z"",""mapUrl"":"""",""publicVisible"":true,""label"":""ΚΤΕΛ Θεσσαλονίκης"",""_updatedDate"":""2026-04-04T12:29:35.840Z"",""stationLabel"":""a"",""key"":""ktel_thessaloniki_pickup"",""extraFee"":25,""sortOrder"":40,""address"":""Σταθμός ΚΤΕΛ Μακεδονία, Θεσσαλονίκη"",""locationType"":""pickup"",""active"":true}","{""stationKey"":""a"",""description"":""Παραλαβή / παράδοση στον σταθμό ΚΤΕΛ."",""_id"":""4ad387f3-6096-4659-8b8a-1575019e0343"",""_owner"":""284e089f-48c1-4969-b018-a9add65901a8"",""_createdDate"":""2026-03-15T22:56:27.550Z"",""mapUrl"":"""",""publicVisible"":true,""label"":""ΚΤΕΛ Θεσσαλονίκης"",""_updatedDate"":""2026-04-04T12:31:37.873Z"",""stationLabel"":""a"",""key"":""ktel_thessaloniki_pickup"",""extraFee"":25,""sortOrder"":40,""address"":""Σταθμός ΚΤΕΛ Μακεδονία, Θεσσαλονίκη"",""locationType"":""pickup"",""active"":true}","ckatz1995@gmail.com","Nik nik",2026-04-04T12:31:38Z,2027-04-04T12:31:38Z
,"5ed827f0-1c02-4fdf-bd9f-4c33f7a0d955",2026-03-15T17:38:37Z,2026-03-15T17:38:37Z,"4139a8c1-c961-498e-9512-465437a7bf6c","staffAuth","ckatz1995@gmail.com","loginSuccess","Backroom login",,,"ckatz1995@gmail.com","Nik nik",2026-03-15T17:38:37Z,2027-03-15T17:38:37Z
,"5f02936b-5417-4fe8-ae0d-1ed363b41536",2026-05-16T08:04:27Z,2026-05-16T08:04:27Z,"ee6f533c-5006-4b8c-abb8-a82ea80908bf","staffAuth","ckatz1995@gmail.com","loginSuccess","Backroom login",,,"ckatz1995@gmail.com","Nik nik",2026-05-16T08:04:27Z,2027-05-16T08:04:27Z
,"5fa992dd-013c-4c0d-894a-5e8c40ae4215",2026-03-22T10:03:46Z,2026-03-22T10:03:46Z,"4139a8c1-c961-498e-9512-465437a7bf6c","pricing.pickupLocation","city_center_office_pickup","pricing.update","Ενημέρωση τοποθεσία Κέντρο Θεσσαλονίκης 1","{""description"":""Παραλαβή / παράδοση από το κεντρικό σημείο εξυπηρέτησης."",""_id"":""fe8e4bc4-9b1b-4dba-9369-d83ac7a68271"",""_owner"":""284e089f-48c1-4969-b018-a9add65901a8"",""_createdDate"":""2026-03-15T22:56:27.551Z"",""mapUrl"":"""",""publicVisible"":false,""label"":""Κέντρο Θεσσαλονίκης 1"",""_updatedDate"":""2026-03-17T12:26:53.937Z"",""key"":""city_center_office"",""extraFee"":22,""sortOrder"":999,""address"":""Θεσσαλονίκη, Κέντρο"",""locationType"":""both"",""active"":false}","{""description"":""Παραλαβή / παράδοση από το κεντρικό σημείο εξυπηρέτησης."",""_id"":""fe8e4bc4-9b1b-4dba-9369-d83ac7a68271"",""_owner"":""284e089f-48c1-4969-b018-a9add65901a8"",""_createdDate"":""2026-03-15T22:56:27.551Z"",""mapUrl"":"""",""publicVisible"":false,""label"":""Κέντρο Θεσσαλονίκης 1"",""_updatedDate"":""2026-03-22T10:03:46.202Z"",""key"":""city_center_office_pickup"",""extraFee"":25,""sortOrder"":999,""address"":""Θεσσαλονίκη, Κέντρο"",""locationType"":""pickup"",""active"":false}","ckatz1995@gmail.com","Nik nik",2026-03-22T10:03:46Z,2027-03-22T10:03:46Z
,"604d2c2b-78e7-4fcc-88e7-d66d645b90e0",2026-03-17T22:26:55Z,2026-03-17T22:26:55Z,"284e089f-48c1-4969-b018-a9add65901a8","pricing.businessSettings","a5128991-cf12-4a62-bcde-64e77309b454","pricing.saveBusinessSettings","Ενημέρωση business settings","{""vehiclesPageModelsSource"":""fleet"",""rentalTermsIntro"":""Στην παρακάτω σελίδα συγκεντρώνονται βασικοί όροι, προϋποθέσεις και πολιτικές της ενοικίασης με μορφή εύκολη για ανάγνωση και ενημέρωση από το backroom."",""nightEndHour"":8,""bookingCanceledTriggerId"":"""",""defaultDeposit"":0,""companyPhone"":""+30 2310 000 000"",""companyAddress"":""Θεσσαλονίκη, Ελλάδα"",""_id"":""a5128991-cf12-4a62-bcde-64e77309b454"",""insuranceTermsBody"":""Η βασική κάλυψη αφορά την τυπική συμμετοχή του ενοικιαστή σύμφωνα με τους όρους της εταιρίας. Οι επιπλέον καλύψεις μειώνουν ή περιορίζουν την ευθύνη ανάλογα με το πρόγραμμα που θα επιλεγεί. Πριν από την τελική παράδοση του οχήματος, η ομάδα μας επιβεβαιώνει ξανά τις καλύψεις, τις εξαιρέσεις και το ύψος της συμμετοχής. Δεν καλύπτονται περιστατικά που προκύπτουν από παραβίαση του ΚΟΚ, οδήγηση υπό επήρεια, μη εξουσιοδοτημένο οδηγό, απώλεια κλειδιών ή εγγράφων και χρήση του οχήματος εκτός των συμφωνημένων όρων. Οι πληροφορίες της σελίδας έχουν ενημερωτικό χαρακτήρα και υπερισχύουν οι τελικοί όροι που επιβεβαιώνονται από την εταιρία πριν την παραλαβή."",""_owner"":""284e089f-48c1-4969-b018-a9add65901a8"",""_createdDate"":""2026-03-15T14:21:47.499Z"",""insuranceTermsIntro"":""Οι ασφαλιστικές επιλογές και οι σχετικοί όροι παρουσιάζονται με απλό τρόπο πριν από την ολοκλήρωση της κράτησης."",""insuranceDetailsTitle"":""Λεπτομέρειες ασφαλιστικών επιλογών"",""insuranceDetailsIntro"":""Παρακάτω βλέπεις συνοπτικά τις επιλογές κάλυψης που χρησιμοποιούνται στο front booking flow."",""insuranceDetailsBody"":""Το CDW αποτελεί τη βασική κάλυψη χωρίς επιπλέον ημερήσια χρέωση. Το SCDW μειώνει περαιτέρω την οικονομική έκθεση του οδηγού, ενώ το FULL παρέχει την πιο ενισχυμένη επιλογή προστασίας που εμφανίζεται στο backroom και στο booking flow. Για κάθε κράτηση, το τελικό πρόγραμμα ασφάλισης, οι χρεώσεις και οι εξαιρέσεις επιβεβαιώνονται από την ομάδα μας πριν από την παράδοση."",""rentalPrivacyBody"":""Τα προσωπικά δεδομένα χρησιμοποιούνται αποκλειστικά για την εξυπηρέτηση της κράτησης, την επικοινωνία με τον πελάτη και την εκπλήρωση νομικών ή φορολογικών υποχρεώσεων της εταιρίας. Για ειδικά αιτήματα, διορθώσεις στοιχείων ή απορίες σχετικά με την επεξεργασία δεδομένων, ο πελάτης μπορεί να επικοινωνεί με την εταιρία στα διαθέσιμα στοιχεία επικοινωνίας."",""nightStartHour"":22,""_updatedDate"":""2026-03-17T22:25:00.197Z"",""allowOverbooking"":true,""companyName"":""DIAMOND Rent A Car"",""insuranceTermsTitle"":""Όροι και λεπτομέρειες ασφαλειών"",""rentalTermsTitle"":""Όροι ενοικίασης και πολιτικές"",""companyCity"":""Thessaloniki"",""bookingConfirmedTriggerId"":"""",""currency"":""EUR"",""footerNote"":""Επαγγελματική εμπειρία ενοικίασης οχήματος με καθαρή ροή κράτησης, ξεκάθαρη τιμολόγηση και προσωπική επιβεβαίωση."",""title"":""Default business settings"",""companyEmail"":""info@diamondrentacar.gr"",""companyTagline"":""Ενοικίαση οχημάτων στη Θεσσαλονίκη με καθαρή διαδικασία και γρήγορη επιβεβαίωση."",""rentalTermsBody"":""Η ενοικίαση ολοκληρώνεται μόνο μετά από επιβεβαίωση της διαθεσιμότητας από την εταιρία και έλεγχο των στοιχείων του οδηγού. Η εταιρία διατηρεί το δικαίωμα να προτείνει ισοδύναμο όχημα ίδιας ή ανώτερης κατηγορίας όταν αυτό απαιτηθεί από λειτουργικούς λόγους, χωρίς πρόσθετη χρέωση για τον πελάτη."",""vatRate"":24,""rentalRequirementsBody"":""Ο κύριος οδηγός οφείλει να διαθέτει ισχύουσα άδεια οδήγησης, ταυτότητα ή διαβατήριο και κάρτα ή άλλο μέσο πληρωμής αποδεκτό από την εταιρία. Ελάχιστη ηλικία, έτη κατοχής διπλώματος, εγγύηση και τυχόν επασφάλιστρα εξαρτώνται από την κατηγορία οχήματος και την τελική επιβεβαίωση της κράτησης."",""vehiclesPageDisplayMode"":""models"",""enableTriggeredEmails"":false,""rentalPoliciesBody"":""Η πολιτική καυσίμου, οι ώρες παράδοσης και παραλαβής, οι χρεώσεις εκτός ωραρίου, οι ακυρώσεις, οι καθυστερήσεις και οι όροι επέκτασης της μίσθωσης επιβεβαιώνονται πριν την παράδοση. Τυχόν ζημιές, πρόστιμα, απώλειες εξοπλισμού ή χρήση του οχήματος κατά παράβαση των συμφωνημένων όρων βαρύνουν τον ενοικιαστή σύμφωνα με την τελική σύμβαση."",""active"":true}","{""vehiclesPageModelsSource"":""vehicles"",""rentalTermsIntro"":""Στην παρακάτω σελίδα συγκεντρώνονται βασικοί όροι, προϋποθέσεις και πολιτικές της ενοικίασης με μορφή εύκολη για ανάγνωση και ενημέρωση από το backroom."",""nightEndHour"":8,""bookingCanceledTriggerId"":"""",""defaultDeposit"":0,""companyPhone"":""+30 2310 000 000"",""companyAddress"":""Θεσσαλονίκη, Ελλάδα"",""_id"":""a5128991-cf12-4a62-bcde-64e77309b454"",""insuranceTermsBody"":""Η βασική κάλυψη αφορά την τυπική συμμετοχή του ενοικιαστή σύμφωνα με τους όρους της εταιρίας. Οι επιπλέον καλύψεις μειώνουν ή περιορίζουν την ευθύνη ανάλογα με το πρόγραμμα που θα επιλεγεί. Πριν από την τελική παράδοση του οχήματος, η ομάδα μας επιβεβαιώνει ξανά τις καλύψεις, τις εξαιρέσεις και το ύψος της συμμετοχής. Δεν καλύπτονται περιστατικά που προκύπτουν από παραβίαση του ΚΟΚ, οδήγηση υπό επήρεια, μη εξουσιοδοτημένο οδηγό, απώλεια κλειδιών ή εγγράφων και χρήση του οχήματος εκτός των συμφωνημένων όρων. Οι πληροφορίες της σελίδας έχουν ενημερωτικό χαρακτήρα και υπερισχύουν οι τελικοί όροι που επιβεβαιώνονται από την εταιρία πριν την παραλαβή."",""_owner"":""284e089f-48c1-4969-b018-a9add65901a8"",""_createdDate"":""2026-03-15T14:21:47.499Z"",""insuranceTermsIntro"":""Οι ασφαλιστικές επιλογές και οι σχετικοί όροι παρουσιάζονται με απλό τρόπο πριν από την ολοκλήρωση της κράτησης."",""insuranceDetailsTitle"":""Λεπτομέρειες ασφαλιστικών επιλογών"",""insuranceDetailsIntro"":""Παρακάτω βλέπεις συνοπτικά τις επιλογές κάλυψης που χρησιμοποιούνται στο front booking flow."",""insuranceDetailsBody"":""Το CDW αποτελεί τη βασική κάλυψη χωρίς επιπλέον ημερήσια χρέωση. Το SCDW μειώνει περαιτέρω την οικονομική έκθεση του οδηγού, ενώ το FULL παρέχει την πιο ενισχυμένη επιλογή προστασίας που εμφανίζεται στο backroom και στο booking flow. Για κάθε κράτηση, το τελικό πρόγραμμα ασφάλισης, οι χρεώσεις και οι εξαιρέσεις επιβεβαιώνονται από την ομάδα μας πριν από την παράδοση."",""rentalPrivacyBody"":""Τα προσωπικά δεδομένα χρησιμοποιούνται αποκλειστικά για την εξυπηρέτηση της κράτησης, την επικοινωνία με τον πελάτη και την εκπλήρωση νομικών ή φορολογικών υποχρεώσεων της εταιρίας. Για ειδικά αιτήματα, διορθώσεις στοιχείων ή απορίες σχετικά με την επεξεργασία δεδομένων, ο πελάτης μπορεί να επικοινωνεί με την εταιρία στα διαθέσιμα στοιχεία επικοινωνίας."",""nightStartHour"":22,""_updatedDate"":""2026-03-17T22:26:55.040Z"",""allowOverbooking"":true,""companyName"":""DIAMOND Rent A Car"",""insuranceTermsTitle"":""Όροι και λεπτομέρειες ασφαλειών"",""rentalTermsTitle"":""Όροι ενοικίασης και πολιτικές"",""companyCity"":""Thessaloniki"",""bookingConfirmedTriggerId"":"""",""currency"":""EUR"",""footerNote"":""Επαγγελματική εμπειρία ενοικίασης οχήματος με καθαρή ροή κράτησης, ξεκάθαρη τιμολόγηση και προσωπική επιβεβαίωση."",""title"":""Default business settings"",""companyEmail"":""info@diamondrentacar.gr"",""companyTagline"":""Ενοικίαση οχημάτων στη Θεσσαλονίκη με καθαρή διαδικασία και γρήγορη επιβεβαίωση."",""rentalTermsBody"":""Η ενοικίαση ολοκληρώνεται μόνο μετά από επιβεβαίωση της διαθεσιμότητας από την εταιρία και έλεγχο των στοιχείων του οδηγού. Η εταιρία διατηρεί το δικαίωμα να προτείνει ισοδύναμο όχημα ίδιας ή ανώτερης κατηγορίας όταν αυτό απαιτηθεί από λειτουργικούς λόγους, χωρίς πρόσθετη χρέωση για τον πελάτη."",""vatRate"":24,""rentalRequirementsBody"":""Ο κύριος οδηγός οφείλει να διαθέτει ισχύουσα άδεια οδήγησης, ταυτότητα ή διαβατήριο και κάρτα ή άλλο μέσο πληρωμής αποδεκτό από την εταιρία. Ελάχιστη ηλικία, έτη κατοχής διπλώματος, εγγύηση και τυχόν επασφάλιστρα εξαρτώνται από την κατηγορία οχήματος και την τελική επιβεβαίωση της κράτησης."",""vehiclesPageDisplayMode"":""models"",""enableTriggeredEmails"":false,""rentalPoliciesBody"":""Η πολιτική καυσίμου, οι ώρες παράδοσης και παραλαβής, οι χρεώσεις εκτός ωραρίου, οι ακυρώσεις, οι καθυστερήσεις και οι όροι επέκτασης της μίσθωσης επιβεβαιώνονται πριν την παράδοση. Τυχόν ζημιές, πρόστιμα, απώλειες εξοπλισμού ή χρήση του οχήματος κατά παράβαση των συμφωνημένων όρων βαρύνουν τον ενοικιαστή σύμφωνα με την τελική σύμβαση."",""active"":true}","ckatz1995@gmail.com","Nik nik",2026-03-17T22:26:55Z,2027-03-17T22:26:55Z
,"606a0ed8-31df-4b50-b630-3b59e0392e53",2026-03-16T11:33:11Z,2026-03-16T11:33:11Z,"4139a8c1-c961-498e-9512-465437a7bf6c","pricing.businessSettings","a5128991-cf12-4a62-bcde-64e77309b454","pricing.saveBusinessSettings","Ενημέρωση business settings","{""nightEndHour"":8,""defaultDeposit"":0,""companyPhone"":""+30 2310 000 001"",""companyAddress"":""Θεσσαλονίκη, Ελλάδα"",""_id"":""a5128991-cf12-4a62-bcde-64e77309b454"",""insuranceTermsBody"":""Η βασική κάλυψη αφορά την τυπική συμμετοχή του ενοικιαστή σύμφωνα με τους όρους της εταιρίας. Οι επιπλέον καλύψεις μειώνουν ή περιορίζουν την ευθύνη ανάλογα με το πρόγραμμα που θα επιλεγεί. Πριν από την τελική παράδοση του οχήματος, η ομάδα μας επιβεβαιώνει ξανά τις καλύψεις, τις εξαιρέσεις και το ύψος της συμμετοχής. Δεν καλύπτονται περιστατικά που προκύπτουν από παραβίαση του ΚΟΚ, οδήγηση υπό επήρεια, μη εξουσιοδοτημένο οδηγό, απώλεια κλειδιών ή εγγράφων και χρήση του οχήματος εκτός των συμφωνημένων όρων. Οι πληροφορίες της σελίδας έχουν ενημερωτικό χαρακτήρα και υπερισχύουν οι τελικοί όροι που επιβεβαιώνονται από την εταιρία πριν την παραλαβή."",""_owner"":""284e089f-48c1-4969-b018-a9add65901a8"",""_createdDate"":""2026-03-15T14:21:47.499Z"",""insuranceTermsIntro"":""Οι ασφαλιστικές επιλογές και οι σχετικοί όροι παρουσιάζονται με απλό τρόπο πριν από την ολοκλήρωση της κράτησης."",""insuranceDetailsTitle"":""Λεπτομέρειες ασφαλιστικών επιλογών"",""insuranceDetailsIntro"":""Παρακάτω βλέπεις συνοπτικά τις επιλογές κάλυψης που χρησιμοποιούνται στο front booking flow."",""insuranceDetailsBody"":""Το CDW αποτελεί τη βασική κάλυψη χωρίς επιπλέον ημερήσια χρέωση. Το SCDW μειώνει περαιτέρω την οικονομική έκθεση του οδηγού, ενώ το FULL παρέχει την πιο ενισχυμένη επιλογή προστασίας που εμφανίζεται στο backroom και στο booking flow. Για κάθε κράτηση, το τελικό πρόγραμμα ασφάλισης, οι χρεώσεις και οι εξαιρέσεις επιβεβαιώνονται από την ομάδα μας πριν από την παράδοση."",""nightStartHour"":22,""_updatedDate"":""2026-03-16T11:31:56.758Z"",""companyName"":""DIAMOND Rent A Car"",""insuranceTermsTitle"":""Όροι και λεπτομέρειες ασφαλειών"",""companyCity"":""Thessaloniki"",""currency"":""EUR"",""footerNote"":""Επαγγελματική εμπειρία ενοικίασης οχήματος με καθαρή ροή κράτησης, ξεκάθαρη τιμολόγηση και προσωπική επιβεβαίωση."",""title"":""Default business settings"",""companyEmail"":""info@diamondrentacar.gr"",""companyTagline"":""Ενοικίαση οχημάτων στη Θεσσαλονίκη με καθαρή διαδικασία και γρήγορη επιβεβαίωση."",""vatRate"":24,""active"":true}","{""nightEndHour"":8,""defaultDeposit"":0,""companyPhone"":""+30 2310 000 001"",""companyAddress"":""Θεσσαλονίκη, Ελλάδα"",""_id"":""a5128991-cf12-4a62-bcde-64e77309b454"",""insuranceTermsBody"":""Η βασική κάλυψη αφορά την τυπική συμμετοχή του ενοικιαστή σύμφωνα με τους όρους της εταιρίας. Οι επιπλέον καλύψεις μειώνουν ή περιορίζουν την ευθύνη ανάλογα με το πρόγραμμα που θα επιλεγεί. Πριν από την τελική παράδοση του οχήματος, η ομάδα μας επιβεβαιώνει ξανά τις καλύψεις, τις εξαιρέσεις και το ύψος της συμμετοχής. Δεν καλύπτονται περιστατικά που προκύπτουν από παραβίαση του ΚΟΚ, οδήγηση υπό επήρεια, μη εξουσιοδοτημένο οδηγό, απώλεια κλειδιών ή εγγράφων και χρήση του οχήματος εκτός των συμφωνημένων όρων. Οι πληροφορίες της σελίδας έχουν ενημερωτικό χαρακτήρα και υπερισχύουν οι τελικοί όροι που επιβεβαιώνονται από την εταιρία πριν την παραλαβή."",""_owner"":""284e089f-48c1-4969-b018-a9add65901a8"",""_createdDate"":""2026-03-15T14:21:47.499Z"",""insuranceTermsIntro"":""Οι ασφαλιστικές επιλογές και οι σχετικοί όροι παρουσιάζονται με απλό τρόπο πριν από την ολοκλήρωση της κράτησης."",""insuranceDetailsTitle"":""Λεπτομέρειες ασφαλιστικών επιλογών"",""insuranceDetailsIntro"":""Παρακάτω βλέπεις συνοπτικά τις επιλογές κάλυψης που χρησιμοποιούνται στο front booking flow."",""insuranceDetailsBody"":""Το CDW αποτελεί τη βασική κάλυψη χωρίς επιπλέον ημερήσια χρέωση. Το SCDW μειώνει περαιτέρω την οικονομική έκθεση του οδηγού, ενώ το FULL παρέχει την πιο ενισχυμένη επιλογή προστασίας που εμφανίζεται στο backroom και στο booking flow. Για κάθε κράτηση, το τελικό πρόγραμμα ασφάλισης, οι χρεώσεις και οι εξαιρέσεις επιβεβαιώνονται από την ομάδα μας πριν από την παράδοση."",""nightStartHour"":22,""_updatedDate"":""2026-03-16T11:33:11.679Z"",""companyName"":""DIAMOND Rent A Car 1"",""insuranceTermsTitle"":""Όροι και λεπτομέρειες ασφαλειών"",""companyCity"":""Thessaloniki"",""currency"":""EUR"",""footerNote"":""Επαγγελματική εμπειρία ενοικίασης οχήματος με καθαρή ροή κράτησης, ξεκάθαρη τιμολόγηση και προσωπική επιβεβαίωση."",""title"":""Default business settings"",""companyEmail"":""info@diamondrentacar.gr"",""companyTagline"":""Ενοικίαση οχημάτων στη Θεσσαλονίκη με καθαρή διαδικασία και γρήγορη επιβεβαίωση."",""vatRate"":24,""active"":true}","ckatz1995@gmail.com","Nik nik",2026-03-16T11:33:11Z,2027-03-16T11:33:11Z
,"60bb0ecb-b0c4-4e79-8d2e-59b5dc1a5aa9",2026-03-16T07:47:46Z,2026-03-16T07:47:46Z,"4139a8c1-c961-498e-9512-465437a7bf6c","pricing.pickupLocation","city_center_office_copy","pricing.update","Ενημέρωση τοποθεσία Κέντρο Θεσσαλονίκης","{""description"":""Παραλαβή / παράδοση από το κεντρικό σημείο εξυπηρέτησης."",""_id"":""ebb125a2-bdae-489c-87e1-5bc86581d185"",""_owner"":""4139a8c1-c961-498e-9512-465437a7bf6c"",""_createdDate"":""2026-03-16T07:42:43.237Z"",""mapUrl"":"""",""publicVisible"":true,""label"":""Κέντρο Θεσσαλονίκης Copy"",""_updatedDate"":""2026-03-16T07:43:27.055Z"",""key"":""city_center_office_copy"",""extraFee"":15,""sortOrder"":20,""address"":""Θεσσαλονίκη, Κέντρο"",""locationType"":""dropoff"",""active"":true}","{""description"":""Παραλαβή / παράδοση από το κεντρικό σημείο εξυπηρέτησης."",""_id"":""ebb125a2-bdae-489c-87e1-5bc86581d185"",""_owner"":""4139a8c1-c961-498e-9512-465437a7bf6c"",""_createdDate"":""2026-03-16T07:42:43.237Z"",""mapUrl"":"""",""publicVisible"":true,""label"":""Κέντρο Θεσσαλονίκης"",""_updatedDate"":""2026-03-16T07:47:46.463Z"",""key"":""city_center_office_copy"",""extraFee"":15,""sortOrder"":20,""address"":""Θεσσαλονίκη, Κέντρο"",""locationType"":""dropoff"",""active"":true}","ckatz1995@gmail.com","Nik nik",2026-03-16T07:47:46Z,2027-03-16T07:47:46Z
,"6113123d-d19e-463e-a45b-88dc11fcf02d",2026-03-16T15:23:35Z,2026-03-16T15:23:35Z,"48ba7aa5-ed2b-43d2-bdd7-6596e6ec75a8","pricing.extra","smartphone_holder","pricing.insert","Νέο extra service Βάση Κινητού",,"{""title"":""Βάση Κινητού"",""key"":""smartphone_holder"",""label"":""Βάση Κινητού"",""description"":"""",""sortOrder"":9999,""active"":true,""publicVisible"":true,""price"":1,""billingMode"":""perDay"",""_id"":""93fb674a-5b2e-411b-8840-f2590e5db4c7"",""_owner"":""48ba7aa5-ed2b-43d2-bdd7-6596e6ec75a8"",""_createdDate"":""2026-03-16T15:23:34.941Z"",""_updatedDate"":""2026-03-16T15:23:34.941Z""}","ckatz1995@gmail.com","Nik nik",2026-03-16T15:23:35Z,2027-03-16T15:23:35Z
,"621b1e4a-afc0-4d3c-a90b-561033cfe5a5",2026-04-01T14:46:43Z,2026-04-01T14:46:43Z,"4139a8c1-c961-498e-9512-465437a7bf6c","pricing.vehicleCategory","e767961a-9db1-4939-8b8f-7069e797e2f4","pricing.updateVehicleCategory","Ενημέρωση κατηγορία οχήματος LX - Mercedes CLA","{""image"":""wix:image://v1/284e08_4524c1eae2f54ee39963a56ba1a3aa4a~mv2.png/Modern%20car%20rental%20background%20image%20with%20luxury%20sedan%20parked%20near%20a%20Mediterranean%20seaside%20c.png#originWidth=821&originHeight=313"",""_id"":""e767961a-9db1-4939-8b8f-7069e797e2f4"",""_owner"":""284e089f-48c1-4969-b018-a9add65901a8"",""_createdDate"":""2026-03-29T10:35:45.942Z"",""fuelType"":""Πετρέλαιο"",""doors"":5,""luggageSmall"":3,""_updatedDate"":""2026-03-29T10:35:45.942Z"",""engineCc"":2000,""basePricePerDay"":80,""status"":""Available"",""legacyOwner"":""284e089f-48c1-4969-b018-a9add65901a8"",""luggageLarge"":3,""categoryRecordId"":""aaa6875b-029f-45e1-978a-027e493461a6"",""legacyCreatedAt"":""2026-02-23T11:19:14.000Z"",""seats"":5,""transmission"":""Αυτόματο"",""airCondition"":true,""categoryCode"":""LX"",""categoryLabel"":""LX - Mercedes CLA"",""legacyUpdatedAt"":""2026-03-16T10:36:03.000Z"",""active"":true}","{""image"":""wix:image://v1/284e08_4524c1eae2f54ee39963a56ba1a3aa4a~mv2.png/Modern%20car%20rental%20background%20image%20with%20luxury%20sedan%20parked%20near%20a%20Mediterranean%20seaside%20c.png#originWidth=821&originHeight=313"",""_id"":""e767961a-9db1-4939-8b8f-7069e797e2f4"",""_owner"":""284e089f-48c1-4969-b018-a9add65901a8"",""_createdDate"":""2026-03-29T10:35:45.942Z"",""fuelType"":""Πετρέλαιο"",""doors"":""5"",""luggageSmall"":3,""_updatedDate"":""2026-04-01T14:46:43.583Z"",""engineCc"":2000,""basePricePerDay"":80,""status"":""Available"",""legacyOwner"":""284e089f-48c1-4969-b018-a9add65901a8"",""luggageLarge"":3,""categoryRecordId"":""aaa6875b-029f-45e1-978a-027e493461a6"",""legacyCreatedAt"":""2026-02-23T11:19:14.000Z"",""seats"":""5"",""transmission"":""Αυτόματο"",""airCondition"":true,""categoryCode"":""LX"",""categoryLabel"":""LX - Mercedes CLA"",""legacyUpdatedAt"":""2026-03-16T10:36:03.000Z"",""active"":true,""title"":""Mercedes CLA"",""category"":""LX"",""price"":50,""sortOrder"":30,""luggage"":"""",""publicVisible"":true,""badge"":"""",""description"":""""}","ckatz1995@gmail.com","Nik nik",2026-04-01T14:46:43Z,2027-04-01T14:46:43Z
,"6220eabd-fe9e-41dc-a8d3-e19e69356374",2026-04-04T12:31:15Z,2026-04-04T12:31:15Z,"4139a8c1-c961-498e-9512-465437a7bf6c","pricing.pickupLocation","ose_thessaloniki_pickup","pricing.update","Ενημέρωση τοποθεσία ΟΣΕ Θεσσαλονίκης","{""description"":"""",""_id"":""dd0bb313-76aa-4dce-9f2c-aeed3bccc98b"",""_owner"":""4139a8c1-c961-498e-9512-465437a7bf6c"",""_createdDate"":""2026-03-16T07:40:25.705Z"",""mapUrl"":"""",""publicVisible"":true,""label"":""ΟΣΕ Θεσσαλονίκης"",""_updatedDate"":""2026-03-22T10:08:30.220Z"",""key"":""ose_thessaloniki_pickup"",""extraFee"":25,""sortOrder"":70,""address"":""Σιδηροδρομικός Σταθμός Θεσσαλονίκης"",""locationType"":""pickup"",""active"":true}","{""description"":"""",""_id"":""dd0bb313-76aa-4dce-9f2c-aeed3bccc98b"",""_owner"":""4139a8c1-c961-498e-9512-465437a7bf6c"",""_createdDate"":""2026-03-16T07:40:25.705Z"",""mapUrl"":"""",""publicVisible"":true,""label"":""ΟΣΕ Θεσσαλονίκης"",""_updatedDate"":""2026-04-04T12:31:15.066Z"",""key"":""ose_thessaloniki_pickup"",""extraFee"":25,""sortOrder"":70,""address"":""Σιδηροδρομικός Σταθμός Θεσσαλονίκης"",""locationType"":""pickup"",""active"":true,""stationKey"":""a"",""stationLabel"":""a""}","ckatz1995@gmail.com","Nik nik",2026-04-04T12:31:15Z,2027-04-04T12:31:15Z
,"6223d8d8-392b-41c1-a9c2-739ddf77730b",2026-03-18T07:35:06Z,2026-03-18T07:35:06Z,"48ba7aa5-ed2b-43d2-bdd7-6596e6ec75a8","pricing.businessSettings","a5128991-cf12-4a62-bcde-64e77309b454","pricing.saveBusinessSettings","Ενημέρωση business settings","{""vehiclesPageModelsSource"":""vehicles"",""rentalTermsIntro"":""Στην παρακάτω σελίδα συγκεντρώνονται βασικοί όροι, προϋποθέσεις και πολιτικές της ενοικίασης με μορφή εύκολη για ανάγνωση και ενημέρωση από το backroom."",""nightEndHour"":8,""bookingCanceledTriggerId"":"""",""defaultDeposit"":0,""companyPhone"":""+30 2310 000 000"",""companyAddress"":""Θεσσαλονίκη, Ελλάδα"",""_id"":""a5128991-cf12-4a62-bcde-64e77309b454"",""insuranceTermsBody"":""Η βασική κάλυψη αφορά την τυπική συμμετοχή του ενοικιαστή σύμφωνα με τους όρους της εταιρίας. Οι επιπλέον καλύψεις μειώνουν ή περιορίζουν την ευθύνη ανάλογα με το πρόγραμμα που θα επιλεγεί. Πριν από την τελική παράδοση του οχήματος, η ομάδα μας επιβεβαιώνει ξανά τις καλύψεις, τις εξαιρέσεις και το ύψος της συμμετοχής. Δεν καλύπτονται περιστατικά που προκύπτουν από παραβίαση του ΚΟΚ, οδήγηση υπό επήρεια, μη εξουσιοδοτημένο οδηγό, απώλεια κλειδιών ή εγγράφων και χρήση του οχήματος εκτός των συμφωνημένων όρων. Οι πληροφορίες της σελίδας έχουν ενημερωτικό χαρακτήρα και υπερισχύουν οι τελικοί όροι που επιβεβαιώνονται από την εταιρία πριν την παραλαβή."",""_owner"":""284e089f-48c1-4969-b018-a9add65901a8"",""_createdDate"":""2026-03-15T14:21:47.499Z"",""insuranceTermsIntro"":""Οι ασφαλιστικές επιλογές και οι σχετικοί όροι παρουσιάζονται με απλό τρόπο πριν από την ολοκλήρωση της κράτησης."",""insuranceDetailsTitle"":""Λεπτομέρειες ασφαλιστικών επιλογών"",""insuranceDetailsIntro"":""Παρακάτω βλέπεις συνοπτικά τις επιλογές κάλυψης που χρησιμοποιούνται στο front booking flow."",""insuranceDetailsBody"":""Το CDW αποτελεί τη βασική κάλυψη χωρίς επιπλέον ημερήσια χρέωση. Το SCDW μειώνει περαιτέρω την οικονομική έκθεση του οδηγού, ενώ το FULL παρέχει την πιο ενισχυμένη επιλογή προστασίας που εμφανίζεται στο backroom και στο booking flow. Για κάθε κράτηση, το τελικό πρόγραμμα ασφάλισης, οι χρεώσεις και οι εξαιρέσεις επιβεβαιώνονται από την ομάδα μας πριν από την παράδοση."",""rentalPrivacyBody"":""Τα προσωπικά δεδομένα χρησιμοποιούνται αποκλειστικά για την εξυπηρέτηση της κράτησης, την επικοινωνία με τον πελάτη και την εκπλήρωση νομικών ή φορολογικών υποχρεώσεων της εταιρίας. Για ειδικά αιτήματα, διορθώσεις στοιχείων ή απορίες σχετικά με την επεξεργασία δεδομένων, ο πελάτης μπορεί να επικοινωνεί με την εταιρία στα διαθέσιμα στοιχεία επικοινωνίας."",""nightStartHour"":22,""_updatedDate"":""2026-03-18T07:34:33.777Z"",""allowOverbooking"":true,""companyName"":""DIAMOND Rent A Car"",""insuranceTermsTitle"":""Όροι και λεπτομέρειες ασφαλειών"",""rentalTermsTitle"":""Όροι ενοικίασης και πολιτικές"",""companyCity"":""Thessaloniki"",""bookingConfirmedTriggerId"":"""",""currency"":""EUR"",""footerNote"":""Επαγγελματική εμπειρία ενοικίασης οχήματος με καθαρή ροή κράτησης, ξεκάθαρη τιμολόγηση και προσωπική επιβεβαίωση."",""title"":""Default business settings"",""companyEmail"":""info@diamondrentacar.gr"",""companyTagline"":""Ενοικίαση οχημάτων στη Θεσσαλονίκη με καθαρή διαδικασία και γρήγορη επιβεβαίωση."",""rentalTermsBody"":""Η ενοικίαση ολοκληρώνεται μόνο μετά από επιβεβαίωση της διαθεσιμότητας από την εταιρία και έλεγχο των στοιχείων του οδηγού. Η εταιρία διατηρεί το δικαίωμα να προτείνει ισοδύναμο όχημα ίδιας ή ανώτερης κατηγορίας όταν αυτό απαιτηθεί από λειτουργικούς λόγους, χωρίς πρόσθετη χρέωση για τον πελάτη."",""vatRate"":24,""rentalRequirementsBody"":""Ο κύριος οδηγός οφείλει να διαθέτει ισχύουσα άδεια οδήγησης, ταυτότητα ή διαβατήριο και κάρτα ή άλλο μέσο πληρωμής αποδεκτό από την εταιρία. Ελάχιστη ηλικία, έτη κατοχής διπλώματος, εγγύηση και τυχόν επασφάλιστρα εξαρτώνται από την κατηγορία οχήματος και την τελική επιβεβαίωση της κράτησης."",""vehiclesPageDisplayMode"":""categories"",""enableTriggeredEmails"":false,""rentalPoliciesBody"":""Η πολιτική καυσίμου, οι ώρες παράδοσης και παραλαβής, οι χρεώσεις εκτός ωραρίου, οι ακυρώσεις, οι καθυστερήσεις και οι όροι επέκτασης της μίσθωσης επιβεβαιώνονται πριν την παράδοση. Τυχόν ζημιές, πρόστιμα, απώλειες εξοπλισμού ή χρήση του οχήματος κατά παράβαση των συμφωνημένων όρων βαρύνουν τον ενοικιαστή σύμφωνα με την τελική σύμβαση."",""active"":true}","{""vehiclesPageModelsSource"":""fleet"",""rentalTermsIntro"":""Στην παρακάτω σελίδα συγκεντρώνονται βασικοί όροι, προϋποθέσεις και πολιτικές της ενοικίασης με μορφή εύκολη για ανάγνωση και ενημέρωση από το backroom."",""nightEndHour"":8,""bookingCanceledTriggerId"":"""",""defaultDeposit"":0,""companyPhone"":""+30 2310 000 000"",""companyAddress"":""Θεσσαλονίκη, Ελλάδα"",""_id"":""a5128991-cf12-4a62-bcde-64e77309b454"",""insuranceTermsBody"":""Η βασική κάλυψη αφορά την τυπική συμμετοχή του ενοικιαστή σύμφωνα με τους όρους της εταιρίας. Οι επιπλέον καλύψεις μειώνουν ή περιορίζουν την ευθύνη ανάλογα με το πρόγραμμα που θα επιλεγεί. Πριν από την τελική παράδοση του οχήματος, η ομάδα μας επιβεβαιώνει ξανά τις καλύψεις, τις εξαιρέσεις και το ύψος της συμμετοχής. Δεν καλύπτονται περιστατικά που προκύπτουν από παραβίαση του ΚΟΚ, οδήγηση υπό επήρεια, μη εξουσιοδοτημένο οδηγό, απώλεια κλειδιών ή εγγράφων και χρήση του οχήματος εκτός των συμφωνημένων όρων. Οι πληροφορίες της σελίδας έχουν ενημερωτικό χαρακτήρα και υπερισχύουν οι τελικοί όροι που επιβεβαιώνονται από την εταιρία πριν την παραλαβή."",""_owner"":""284e089f-48c1-4969-b018-a9add65901a8"",""_createdDate"":""2026-03-15T14:21:47.499Z"",""insuranceTermsIntro"":""Οι ασφαλιστικές επιλογές και οι σχετικοί όροι παρουσιάζονται με απλό τρόπο πριν από την ολοκλήρωση της κράτησης."",""insuranceDetailsTitle"":""Λεπτομέρειες ασφαλιστικών επιλογών"",""insuranceDetailsIntro"":""Παρακάτω βλέπεις συνοπτικά τις επιλογές κάλυψης που χρησιμοποιούνται στο front booking flow."",""insuranceDetailsBody"":""Το CDW αποτελεί τη βασική κάλυψη χωρίς επιπλέον ημερήσια χρέωση. Το SCDW μειώνει περαιτέρω την οικονομική έκθεση του οδηγού, ενώ το FULL παρέχει την πιο ενισχυμένη επιλογή προστασίας που εμφανίζεται στο backroom και στο booking flow. Για κάθε κράτηση, το τελικό πρόγραμμα ασφάλισης, οι χρεώσεις και οι εξαιρέσεις επιβεβαιώνονται από την ομάδα μας πριν από την παράδοση."",""rentalPrivacyBody"":""Τα προσωπικά δεδομένα χρησιμοποιούνται αποκλειστικά για την εξυπηρέτηση της κράτησης, την επικοινωνία με τον πελάτη και την εκπλήρωση νομικών ή φορολογικών υποχρεώσεων της εταιρίας. Για ειδικά αιτήματα, διορθώσεις στοιχείων ή απορίες σχετικά με την επεξεργασία δεδομένων, ο πελάτης μπορεί να επικοινωνεί με την εταιρία στα διαθέσιμα στοιχεία επικοινωνίας."",""nightStartHour"":22,""_updatedDate"":""2026-03-18T07:35:05.996Z"",""allowOverbooking"":true,""companyName"":""DIAMOND Rent A Car"",""insuranceTermsTitle"":""Όροι και λεπτομέρειες ασφαλειών"",""rentalTermsTitle"":""Όροι ενοικίασης και πολιτικές"",""companyCity"":""Thessaloniki"",""bookingConfirmedTriggerId"":"""",""currency"":""EUR"",""footerNote"":""Επαγγελματική εμπειρία ενοικίασης οχήματος με καθαρή ροή κράτησης, ξεκάθαρη τιμολόγηση και προσωπική επιβεβαίωση."",""title"":""Default business settings"",""companyEmail"":""info@diamondrentacar.gr"",""companyTagline"":""Ενοικίαση οχημάτων στη Θεσσαλονίκη με καθαρή διαδικασία και γρήγορη επιβεβαίωση."",""rentalTermsBody"":""Η ενοικίαση ολοκληρώνεται μόνο μετά από επιβεβαίωση της διαθεσιμότητας από την εταιρία και έλεγχο των στοιχείων του οδηγού. Η εταιρία διατηρεί το δικαίωμα να προτείνει ισοδύναμο όχημα ίδιας ή ανώτερης κατηγορίας όταν αυτό απαιτηθεί από λειτουργικούς λόγους, χωρίς πρόσθετη χρέωση για τον πελάτη."",""vatRate"":24,""rentalRequirementsBody"":""Ο κύριος οδηγός οφείλει να διαθέτει ισχύουσα άδεια οδήγησης, ταυτότητα ή διαβατήριο και κάρτα ή άλλο μέσο πληρωμής αποδεκτό από την εταιρία. Ελάχιστη ηλικία, έτη κατοχής διπλώματος, εγγύηση και τυχόν επασφάλιστρα εξαρτώνται από την κατηγορία οχήματος και την τελική επιβεβαίωση της κράτησης."",""vehiclesPageDisplayMode"":""categories"",""enableTriggeredEmails"":false,""rentalPoliciesBody"":""Η πολιτική καυσίμου, οι ώρες παράδοσης και παραλαβής, οι χρεώσεις εκτός ωραρίου, οι ακυρώσεις, οι καθυστερήσεις και οι όροι επέκτασης της μίσθωσης επιβεβαιώνονται πριν την παράδοση. Τυχόν ζημιές, πρόστιμα, απώλειες εξοπλισμού ή χρήση του οχήματος κατά παράβαση των συμφωνημένων όρων βαρύνουν τον ενοικιαστή σύμφωνα με την τελική σύμβαση."",""active"":true}","ckatz1995@gmail.com","Nik nik",2026-03-18T07:35:06Z,2027-03-18T07:35:06Z
,"63643054-ac30-4e1c-a712-c7d62470188e",2026-03-22T13:46:08Z,2026-03-22T13:46:08Z,"4139a8c1-c961-498e-9512-465437a7bf6c","staffAuth","ckatz1995@gmail.com","loginSuccess","Backroom login",,,"ckatz1995@gmail.com","Nik nik",2026-03-22T13:46:08Z,2027-03-22T13:46:08Z
,"65aa1c2e-d30d-4a6a-b040-42562e3e8985",2026-04-04T12:57:35Z,2026-04-04T12:57:35Z,"4139a8c1-c961-498e-9512-465437a7bf6c","pricing.pickupLocation","ktel_thessaloniki_dropoff","pricing.update","Ενημέρωση τοποθεσία ΚΤΕΛ Θεσσαλονίκης","{""stationKey"":""a"",""description"":""Παραλαβή / παράδοση στον σταθμό ΚΤΕΛ."",""_id"":""1514a8fc-8690-4f29-b8de-415cf514bb74"",""_owner"":""4139a8c1-c961-498e-9512-465437a7bf6c"",""_createdDate"":""2026-03-22T09:59:56.022Z"",""mapUrl"":"""",""publicVisible"":true,""label"":""ΚΤΕΛ Θεσσαλονίκης"",""_updatedDate"":""2026-04-04T12:30:21.425Z"",""stationLabel"":""a"",""key"":""ktel_thessaloniki_dropoff"",""extraFee"":25,""sortOrder"":40,""address"":""Σταθμός ΚΤΕΛ Μακεδονία, Θεσσαλονίκη"",""locationType"":""dropoff"",""active"":true}","{""stationKey"":""default"",""description"":""Παραλαβή / παράδοση στον σταθμό ΚΤΕΛ."",""_id"":""1514a8fc-8690-4f29-b8de-415cf514bb74"",""_owner"":""4139a8c1-c961-498e-9512-465437a7bf6c"",""_createdDate"":""2026-03-22T09:59:56.022Z"",""mapUrl"":"""",""publicVisible"":true,""label"":""ΚΤΕΛ Θεσσαλονίκης"",""_updatedDate"":""2026-04-04T12:57:35.106Z"",""stationLabel"":""SKG Thessaloniki"",""key"":""ktel_thessaloniki_dropoff"",""extraFee"":25,""sortOrder"":40,""address"":""Σταθμός ΚΤΕΛ Μακεδονία, Θεσσαλονίκη"",""locationType"":""dropoff"",""active"":true}","ckatz1995@gmail.com","Nik nik",2026-04-04T12:57:35Z,2027-04-04T12:57:35Z
,"65e424b8-7d49-480f-be3a-a50b0322e533",2026-04-04T15:39:06Z,2026-04-04T15:39:06Z,"4139a8c1-c961-498e-9512-465437a7bf6c","pricing.pickupLocation","airport_ath","pricing.update","Ενημέρωση τοποθεσία Αεροδρόμιο Αθήνας","{""stationKey"":""ath"",""description"":"""",""_id"":""c2860a49-2ee7-460a-bdf4-3b366068f937"",""_owner"":""4139a8c1-c961-498e-9512-465437a7bf6c"",""_createdDate"":""2026-04-04T10:58:15.269Z"",""mapUrl"":"""",""publicVisible"":true,""label"":""Αεροδρόμιο Αθήνας"",""_updatedDate"":""2026-04-04T10:58:15.269Z"",""stationLabel"":""ATH Athens"",""key"":""airport_ath"",""extraFee"":0,""sortOrder"":9999,""address"":""ααα"",""locationType"":""both"",""active"":true}","{""stationKey"":""ath"",""description"":"""",""_id"":""c2860a49-2ee7-460a-bdf4-3b366068f937"",""_owner"":""4139a8c1-c961-498e-9512-465437a7bf6c"",""_createdDate"":""2026-04-04T10:58:15.269Z"",""mapUrl"":"""",""publicVisible"":true,""label"":""Αεροδρόμιο Αθήνας"",""_updatedDate"":""2026-04-04T15:39:06.527Z"",""stationLabel"":""ATH Athens"",""key"":""airport_ath"",""extraFee"":0,""sortOrder"":9999,""address"":""Αεροδρόμιο Ελευθέριος Βενιζέλος"",""locationType"":""both"",""active"":true}","ckatz1995@gmail.com","Nik nik",2026-04-04T15:39:06Z,2027-04-04T15:39:06Z
,"669537e9-c487-438c-abb5-bd6b053d6cdd",2026-03-17T12:28:12Z,2026-03-17T12:28:12Z,"48ba7aa5-ed2b-43d2-bdd7-6596e6ec75a8","pricing.pickupLocation","hotel_delivery","pricing.update","Ενημέρωση τοποθεσία Παράδοση σε ξενοδοχείο","{""description"":""Παράδοση / παραλαβή σε ξενοδοχείο εντός πόλης."",""_id"":""461e4bcb-abb9-415a-a47b-bb61c8011beb"",""_owner"":""284e089f-48c1-4969-b018-a9add65901a8"",""_createdDate"":""2026-03-15T22:56:27.549Z"",""mapUrl"":"""",""publicVisible"":true,""label"":""Παράδοση σε ξενοδοχείο"",""_updatedDate"":""2026-03-17T12:27:11.197Z"",""key"":""hotel_delivery"",""extraFee"":40,""sortOrder"":5,""address"":""Θεσσαλονίκη"",""locationType"":""both"",""active"":true}","{""description"":""Παράδοση / παραλαβή σε ξενοδοχείο εντός πόλης."",""_id"":""461e4bcb-abb9-415a-a47b-bb61c8011beb"",""_owner"":""284e089f-48c1-4969-b018-a9add65901a8"",""_createdDate"":""2026-03-15T22:56:27.549Z"",""mapUrl"":"""",""publicVisible"":true,""label"":""Παράδοση σε ξενοδοχείο"",""_updatedDate"":""2026-03-17T12:28:12.480Z"",""key"":""hotel_delivery"",""extraFee"":40,""sortOrder"":50,""address"":""Θεσσαλονίκη"",""locationType"":""both"",""active"":true}","ckatz1995@gmail.com","Nik nik",2026-03-17T12:28:12Z,2027-03-17T12:28:12Z
,"687b6cf9-a0fa-4bc6-b90f-7c36bb3a643d",2026-03-18T22:22:50Z,2026-03-18T22:22:50Z,"4139a8c1-c961-498e-9512-465437a7bf6c","pricing.businessSettings","a5128991-cf12-4a62-bcde-64e77309b454","pricing.saveBusinessSettings","Ενημέρωση business settings","{""vehiclesPageModelsSource"":""fleet"",""rentalTermsIntro"":""Στην παρακάτω σελίδα συγκεντρώνονται βασικοί όροι, προϋποθέσεις και πολιτικές της ενοικίασης με μορφή εύκολη για ανάγνωση και ενημέρωση από το backroom."",""nightEndHour"":8,""bookingCanceledTriggerId"":"""",""defaultDeposit"":0,""operatingHoursLabel"":""09:00 - 21:00"",""companyPhone"":""+30 2310 000 000"",""companyAddress"":""Θεσσαλονίκη, Ελλάδα"",""_id"":""a5128991-cf12-4a62-bcde-64e77309b454"",""insuranceTermsBody"":""Η βασική κάλυψη αφορά την τυπική συμμετοχή του ενοικιαστή σύμφωνα με τους όρους της εταιρίας. Οι επιπλέον καλύψεις μειώνουν ή περιορίζουν την ευθύνη ανάλογα με το πρόγραμμα που θα επιλεγεί. Πριν από την τελική παράδοση του οχήματος, η ομάδα μας επιβεβαιώνει ξανά τις καλύψεις, τις εξαιρέσεις και το ύψος της συμμετοχής. Δεν καλύπτονται περιστατικά που προκύπτουν από παραβίαση του ΚΟΚ, οδήγηση υπό επήρεια, μη εξουσιοδοτημένο οδηγό, απώλεια κλειδιών ή εγγράφων και χρήση του οχήματος εκτός των συμφωνημένων όρων. Οι πληροφορίες της σελίδας έχουν ενημερωτικό χαρακτήρα και υπερισχύουν οι τελικοί όροι που επιβεβαιώνονται από την εταιρία πριν την παραλαβή."",""_owner"":""284e089f-48c1-4969-b018-a9add65901a8"",""_createdDate"":""2026-03-15T14:21:47.499Z"",""insuranceTermsIntro"":""Οι ασφαλιστικές επιλογές και οι σχετικοί όροι παρουσιάζονται με απλό τρόπο πριν από την ολοκλήρωση της κράτησης."",""insuranceDetailsTitle"":""Λεπτομέρειες ασφαλιστικών επιλογών"",""insuranceDetailsIntro"":""Παρακάτω βλέπεις συνοπτικά τις επιλογές κάλυψης που χρησιμοποιούνται στο front booking flow."",""insuranceDetailsBody"":""Το CDW αποτελεί τη βασική κάλυψη χωρίς επιπλέον ημερήσια χρέωση. Το SCDW μειώνει περαιτέρω την οικονομική έκθεση του οδηγού, ενώ το FULL παρέχει την πιο ενισχυμένη επιλογή προστασίας που εμφανίζεται στο backroom και στο booking flow. Για κάθε κράτηση, το τελικό πρόγραμμα ασφάλισης, οι χρεώσεις και οι εξαιρέσεις επιβεβαιώνονται από την ομάδα μας πριν από την παράδοση."",""rentalPrivacyBody"":""Τα προσωπικά δεδομένα χρησιμοποιούνται αποκλειστικά για την εξυπηρέτηση της κράτησης, την επικοινωνία με τον πελάτη και την εκπλήρωση νομικών ή φορολογικών υποχρεώσεων της εταιρίας. Για ειδικά αιτήματα, διορθώσεις στοιχείων ή απορίες σχετικά με την επεξεργασία δεδομένων, ο πελάτης μπορεί να επικοινωνεί με την εταιρία στα διαθέσιμα στοιχεία επικοινωνίας."",""nightStartHour"":22,""_updatedDate"":""2026-03-18T22:22:41.475Z"",""allowOverbooking"":true,""companyName"":""DIAMOND Rent A Car"",""insuranceTermsTitle"":""Όροι και λεπτομέρειες ασφαλειών"",""rentalTermsTitle"":""Όροι ενοικίασης και πολιτικές"",""companyCity"":""Thessaloniki"",""bookingConfirmedTriggerId"":"""",""currency"":""EUR"",""footerNote"":""Επαγγελματική εμπειρία ενοικίασης οχήματος με καθαρή ροή κράτησης, ξεκάθαρη τιμολόγηση και προσωπική επιβεβαίωση."",""title"":""Business settings"",""companyEmail"":""info@diamondrentacar.gr"",""companyTagline"":""Ενοικίαση οχημάτων στη Θεσσαλονίκη με καθαρή διαδικασία και γρήγορη επιβεβαίωση."",""rentalTermsBody"":""Η ενοικίαση ολοκληρώνεται μόνο μετά από επιβεβαίωση της διαθεσιμότητας από την εταιρία και έλεγχο των στοιχείων του οδηγού. Η εταιρία διατηρεί το δικαίωμα να προτείνει ισοδύναμο όχημα ίδιας ή ανώτερης κατηγορίας όταν αυτό απαιτηθεί από λειτουργικούς λόγους, χωρίς πρόσθετη χρέωση για τον πελάτη."",""vatRate"":24,""rentalRequirementsBody"":""Ο κύριος οδηγός οφείλει να διαθέτει ισχύουσα άδεια οδήγησης, ταυτότητα ή διαβατήριο και κάρτα ή άλλο μέσο πληρωμής αποδεκτό από την εταιρία. Ελάχιστη ηλικία, έτη κατοχής διπλώματος, εγγύηση και τυχόν επασφάλιστρα εξαρτώνται από την κατηγορία οχήματος και την τελική επιβεβαίωση της κράτησης."",""vehiclesPageDisplayMode"":""categories"",""enableTriggeredEmails"":false,""rentalPoliciesBody"":""Η πολιτική καυσίμου, οι ώρες παράδοσης και παραλαβής, οι χρεώσεις εκτός ωραρίου, οι ακυρώσεις, οι καθυστερήσεις και οι όροι επέκτασης της μίσθωσης επιβεβαιώνονται πριν την παράδοση. Τυχόν ζημιές, πρόστιμα, απώλειες εξοπλισμού ή χρήση του οχήματος κατά παράβαση των συμφωνημένων όρων βαρύνουν τον ενοικιαστή σύμφωνα με την τελική σύμβαση."",""active"":true,""afterHoursNotice"":""Για εξυπηρέτηση εκτός ωραρίου ισχύουν επιπλέον χρεώσεις.""}","{""vehiclesPageModelsSource"":""fleet"",""rentalTermsIntro"":""Στην παρακάτω σελίδα συγκεντρώνονται βασικοί όροι, προϋποθέσεις και πολιτικές της ενοικίασης με μορφή εύκολη για ανάγνωση και ενημέρωση από το backroom."",""nightEndHour"":8,""bookingCanceledTriggerId"":"""",""defaultDeposit"":0,""operatingHoursLabel"":""09:00 - 21:00"",""companyPhone"":""+30 2310 000 000"",""companyAddress"":""Θεσσαλονίκη, Ελλάδα"",""_id"":""a5128991-cf12-4a62-bcde-64e77309b454"",""insuranceTermsBody"":""Η βασική κάλυψη αφορά την τυπική συμμετοχή του ενοικιαστή σύμφωνα με τους όρους της εταιρίας. Οι επιπλέον καλύψεις μειώνουν ή περιορίζουν την ευθύνη ανάλογα με το πρόγραμμα που θα επιλεγεί. Πριν από την τελική παράδοση του οχήματος, η ομάδα μας επιβεβαιώνει ξανά τις καλύψεις, τις εξαιρέσεις και το ύψος της συμμετοχής. Δεν καλύπτονται περιστατικά που προκύπτουν από παραβίαση του ΚΟΚ, οδήγηση υπό επήρεια, μη εξουσιοδοτημένο οδηγό, απώλεια κλειδιών ή εγγράφων και χρήση του οχήματος εκτός των συμφωνημένων όρων. Οι πληροφορίες της σελίδας έχουν ενημερωτικό χαρακτήρα και υπερισχύουν οι τελικοί όροι που επιβεβαιώνονται από την εταιρία πριν την παραλαβή."",""_owner"":""284e089f-48c1-4969-b018-a9add65901a8"",""_createdDate"":""2026-03-15T14:21:47.499Z"",""insuranceTermsIntro"":""Οι ασφαλιστικές επιλογές και οι σχετικοί όροι παρουσιάζονται με απλό τρόπο πριν από την ολοκλήρωση της κράτησης."",""insuranceDetailsTitle"":""Λεπτομέρειες ασφαλιστικών επιλογών"",""insuranceDetailsIntro"":""Παρακάτω βλέπεις συνοπτικά τις επιλογές κάλυψης που χρησιμοποιούνται στο front booking flow."",""insuranceDetailsBody"":""Το CDW αποτελεί τη βασική κάλυψη χωρίς επιπλέον ημερήσια χρέωση. Το SCDW μειώνει περαιτέρω την οικονομική έκθεση του οδηγού, ενώ το FULL παρέχει την πιο ενισχυμένη επιλογή προστασίας που εμφανίζεται στο backroom και στο booking flow. Για κάθε κράτηση, το τελικό πρόγραμμα ασφάλισης, οι χρεώσεις και οι εξαιρέσεις επιβεβαιώνονται από την ομάδα μας πριν από την παράδοση."",""rentalPrivacyBody"":""Τα προσωπικά δεδομένα χρησιμοποιούνται αποκλειστικά για την εξυπηρέτηση της κράτησης, την επικοινωνία με τον πελάτη και την εκπλήρωση νομικών ή φορολογικών υποχρεώσεων της εταιρίας. Για ειδικά αιτήματα, διορθώσεις στοιχείων ή απορίες σχετικά με την επεξεργασία δεδομένων, ο πελάτης μπορεί να επικοινωνεί με την εταιρία στα διαθέσιμα στοιχεία επικοινωνίας."",""nightStartHour"":22,""_updatedDate"":""2026-03-18T22:22:49.933Z"",""allowOverbooking"":true,""companyName"":""DIAMOND Rent A Car"",""insuranceTermsTitle"":""Όροι και λεπτομέρειες ασφαλειών"",""rentalTermsTitle"":""Όροι ενοικίασης και πολιτικές"",""companyCity"":""Thessaloniki"",""bookingConfirmedTriggerId"":"""",""currency"":""EUR"",""footerNote"":""Επαγγελματική εμπειρία ενοικίασης οχήματος με καθαρή ροή κράτησης, ξεκάθαρη τιμολόγηση και προσωπική επιβεβαίωση."",""title"":""Business settings"",""companyEmail"":""info@diamondrentacar.gr"",""companyTagline"":""Ενοικίαση οχημάτων στη Θεσσαλονίκη με καθαρή διαδικασία και γρήγορη επιβεβαίωση."",""rentalTermsBody"":""Η ενοικίαση ολοκληρώνεται μόνο μετά από επιβεβαίωση της διαθεσιμότητας από την εταιρία και έλεγχο των στοιχείων του οδηγού. Η εταιρία διατηρεί το δικαίωμα να προτείνει ισοδύναμο όχημα ίδιας ή ανώτερης κατηγορίας όταν αυτό απαιτηθεί από λειτουργικούς λόγους, χωρίς πρόσθετη χρέωση για τον πελάτη."",""vatRate"":24,""rentalRequirementsBody"":""Ο κύριος οδηγός οφείλει να διαθέτει ισχύουσα άδεια οδήγησης, ταυτότητα ή διαβατήριο και κάρτα ή άλλο μέσο πληρωμής αποδεκτό από την εταιρία. Ελάχιστη ηλικία, έτη κατοχής διπλώματος, εγγύηση και τυχόν επασφάλιστρα εξαρτώνται από την κατηγορία οχήματος και την τελική επιβεβαίωση της κράτησης."",""vehiclesPageDisplayMode"":""categories"",""enableTriggeredEmails"":false,""rentalPoliciesBody"":""Η πολιτική καυσίμου, οι ώρες παράδοσης και παραλαβής, οι χρεώσεις εκτός ωραρίου, οι ακυρώσεις, οι καθυστερήσεις και οι όροι επέκτασης της μίσθωσης επιβεβαιώνονται πριν την παράδοση. Τυχόν ζημιές, πρόστιμα, απώλειες εξοπλισμού ή χρήση του οχήματος κατά παράβαση των συμφωνημένων όρων βαρύνουν τον ενοικιαστή σύμφωνα με την τελική σύμβαση."",""active"":true,""afterHoursNotice"":""Για εξυπηρέτηση εκτός ωραρίου ισχύουν επιπλέον χρεώσεις.""}","ckatz1995@gmail.com","Nik nik",2026-03-18T22:22:50Z,2027-03-18T22:22:50Z
,"6909f411-8973-414a-a64d-3a52736c158d",2026-03-15T22:14:53Z,2026-03-15T22:14:53Z,"4139a8c1-c961-498e-9512-465437a7bf6c","pricing.vehicleCategory","46362b25-3bbb-4d22-826d-48ae404e5e85","pricing.updateVehicleCategory","Ενημέρωση κατηγορία οχήματος A - A - Hyundai i10","{""image"":""wix:image://v1/284e08_dba46e75421b4789b78bd10e69f22a9d~mv2.png/088A11CEDC3F1467E725D3F0D6933E6990925E36D6CF380D0B651AFB39B0D59A_edited_edited_edited.png#originWidth=1611&originHeight=929"",""_id"":""46362b25-3bbb-4d22-826d-48ae404e5e85"",""_owner"":""284e089f-48c1-4969-b018-a9add65901a8"",""_createdDate"":""2026-02-23T11:18:30.231Z"",""fuelType"":""Βενζίνη"",""price"":20,""doors"":5,""_updatedDate"":""2026-03-15T20:34:25.729Z"",""engineCc"":1000,""status"":""Available"",""category"":""A"",""title"":""A - Hyundai i10"",""seats"":4,""transmission"":""Χειροκίνητο"",""airCondition"":true,""luggage"":1,""luggage1"":1,""active"":true}","{""image"":""wix:image://v1/284e08_dba46e75421b4789b78bd10e69f22a9d~mv2.png/088A11CEDC3F1467E725D3F0D6933E6990925E36D6CF380D0B651AFB39B0D59A_edited_edited_edited.png#originWidth=1611&originHeight=929"",""_id"":""46362b25-3bbb-4d22-826d-48ae404e5e85"",""_owner"":""284e089f-48c1-4969-b018-a9add65901a8"",""_createdDate"":""2026-02-23T11:18:30.231Z"",""fuelType"":""Βενζίνη"",""price"":15,""doors"":""5"",""_updatedDate"":""2026-03-15T22:14:52.884Z"",""engineCc"":1000,""status"":""Available"",""category"":""A"",""title"":""A - Hyundai i10"",""seats"":""4"",""transmission"":""Χειροκίνητο"",""airCondition"":true,""luggage"":""1"",""luggage1"":1,""active"":true,""sortOrder"":9999,""publicVisible"":true,""badge"":"""",""description"":""""}","ckatz1995@gmail.com","Nik nik",2026-03-15T22:14:53Z,2027-03-15T22:14:53Z
,"6a593473-1687-4ff1-b04d-38e4cb078189",2026-03-18T13:31:23Z,2026-03-18T13:31:23Z,"48ba7aa5-ed2b-43d2-bdd7-6596e6ec75a8","pricing.businessSettings","a5128991-cf12-4a62-bcde-64e77309b454","pricing.saveBusinessSettings","Ενημέρωση business settings","{""vehiclesPageModelsSource"":""fleet"",""rentalTermsIntro"":""Στην παρακάτω σελίδα συγκεντρώνονται βασικοί όροι, προϋποθέσεις και πολιτικές της ενοικίασης με μορφή εύκολη για ανάγνωση και ενημέρωση από το backroom."",""nightEndHour"":8,""bookingCanceledTriggerId"":"""",""defaultDeposit"":0,""companyPhone"":""+30 2310 000 000"",""companyAddress"":""Θεσσαλονίκη, Ελλάδα"",""_id"":""a5128991-cf12-4a62-bcde-64e77309b454"",""insuranceTermsBody"":""Η βασική κάλυψη αφορά την τυπική συμμετοχή του ενοικιαστή σύμφωνα με τους όρους της εταιρίας. Οι επιπλέον καλύψεις μειώνουν ή περιορίζουν την ευθύνη ανάλογα με το πρόγραμμα που θα επιλεγεί. Πριν από την τελική παράδοση του οχήματος, η ομάδα μας επιβεβαιώνει ξανά τις καλύψεις, τις εξαιρέσεις και το ύψος της συμμετοχής. Δεν καλύπτονται περιστατικά που προκύπτουν από παραβίαση του ΚΟΚ, οδήγηση υπό επήρεια, μη εξουσιοδοτημένο οδηγό, απώλεια κλειδιών ή εγγράφων και χρήση του οχήματος εκτός των συμφωνημένων όρων. Οι πληροφορίες της σελίδας έχουν ενημερωτικό χαρακτήρα και υπερισχύουν οι τελικοί όροι που επιβεβαιώνονται από την εταιρία πριν την παραλαβή."",""_owner"":""284e089f-48c1-4969-b018-a9add65901a8"",""_createdDate"":""2026-03-15T14:21:47.499Z"",""insuranceTermsIntro"":""Οι ασφαλιστικές επιλογές και οι σχετικοί όροι παρουσιάζονται με απλό τρόπο πριν από την ολοκλήρωση της κράτησης."",""insuranceDetailsTitle"":""Λεπτομέρειες ασφαλιστικών επιλογών"",""insuranceDetailsIntro"":""Παρακάτω βλέπεις συνοπτικά τις επιλογές κάλυψης που χρησιμοποιούνται στο front booking flow."",""insuranceDetailsBody"":""Το CDW αποτελεί τη βασική κάλυψη χωρίς επιπλέον ημερήσια χρέωση. Το SCDW μειώνει περαιτέρω την οικονομική έκθεση του οδηγού, ενώ το FULL παρέχει την πιο ενισχυμένη επιλογή προστασίας που εμφανίζεται στο backroom και στο booking flow. Για κάθε κράτηση, το τελικό πρόγραμμα ασφάλισης, οι χρεώσεις και οι εξαιρέσεις επιβεβαιώνονται από την ομάδα μας πριν από την παράδοση."",""rentalPrivacyBody"":""Τα προσωπικά δεδομένα χρησιμοποιούνται αποκλειστικά για την εξυπηρέτηση της κράτησης, την επικοινωνία με τον πελάτη και την εκπλήρωση νομικών ή φορολογικών υποχρεώσεων της εταιρίας. Για ειδικά αιτήματα, διορθώσεις στοιχείων ή απορίες σχετικά με την επεξεργασία δεδομένων, ο πελάτης μπορεί να επικοινωνεί με την εταιρία στα διαθέσιμα στοιχεία επικοινωνίας."",""nightStartHour"":22,""_updatedDate"":""2026-03-18T08:32:46.614Z"",""allowOverbooking"":true,""companyName"":""DIAMOND Rent A Car"",""insuranceTermsTitle"":""Όροι και λεπτομέρειες ασφαλειών"",""rentalTermsTitle"":""Όροι ενοικίασης και πολιτικές"",""companyCity"":""Thessaloniki"",""bookingConfirmedTriggerId"":"""",""currency"":""EUR"",""footerNote"":""Επαγγελματική εμπειρία ενοικίασης οχήματος με καθαρή ροή κράτησης, ξεκάθαρη τιμολόγηση και προσωπική επιβεβαίωση."",""title"":""Default business settings"",""companyEmail"":""info@diamondrentacar.gr"",""companyTagline"":""Ενοικίαση οχημάτων στη Θεσσαλονίκη με καθαρή διαδικασία και γρήγορη επιβεβαίωση."",""rentalTermsBody"":""Η ενοικίαση ολοκληρώνεται μόνο μετά από επιβεβαίωση της διαθεσιμότητας από την εταιρία και έλεγχο των στοιχείων του οδηγού. Η εταιρία διατηρεί το δικαίωμα να προτείνει ισοδύναμο όχημα ίδιας ή ανώτερης κατηγορίας όταν αυτό απαιτηθεί από λειτουργικούς λόγους, χωρίς πρόσθετη χρέωση για τον πελάτη."",""vatRate"":24,""rentalRequirementsBody"":""Ο κύριος οδηγός οφείλει να διαθέτει ισχύουσα άδεια οδήγησης, ταυτότητα ή διαβατήριο και κάρτα ή άλλο μέσο πληρωμής αποδεκτό από την εταιρία. Ελάχιστη ηλικία, έτη κατοχής διπλώματος, εγγύηση και τυχόν επασφάλιστρα εξαρτώνται από την κατηγορία οχήματος και την τελική επιβεβαίωση της κράτησης."",""vehiclesPageDisplayMode"":""categories"",""enableTriggeredEmails"":false,""rentalPoliciesBody"":""Η πολιτική καυσίμου, οι ώρες παράδοσης και παραλαβής, οι χρεώσεις εκτός ωραρίου, οι ακυρώσεις, οι καθυστερήσεις και οι όροι επέκτασης της μίσθωσης επιβεβαιώνονται πριν την παράδοση. Τυχόν ζημιές, πρόστιμα, απώλειες εξοπλισμού ή χρήση του οχήματος κατά παράβαση των συμφωνημένων όρων βαρύνουν τον ενοικιαστή σύμφωνα με την τελική σύμβαση."",""active"":true}","{""vehiclesPageModelsSource"":""fleet"",""rentalTermsIntro"":"""",""nightEndHour"":0,""bookingCanceledTriggerId"":"""",""defaultDeposit"":0,""companyPhone"":""+30 2310 000 000"",""companyAddress"":""Θεσσαλονίκη, Ελλάδα"",""_id"":""a5128991-cf12-4a62-bcde-64e77309b454"",""insuranceTermsBody"":"""",""_owner"":""284e089f-48c1-4969-b018-a9add65901a8"",""_createdDate"":""2026-03-15T14:21:47.499Z"",""insuranceTermsIntro"":"""",""insuranceDetailsTitle"":""Λεπτομέρειες ασφαλιστικών επιλογών"",""insuranceDetailsIntro"":"""",""insuranceDetailsBody"":"""",""rentalPrivacyBody"":"""",""nightStartHour"":0,""_updatedDate"":""2026-03-18T13:31:23.502Z"",""allowOverbooking"":false,""companyName"":""DIAMOND Rent A Car"",""insuranceTermsTitle"":""Όροι και λεπτομέρειες ασφαλειών"",""rentalTermsTitle"":""Όροι ενοικίασης και πολιτικές"",""companyCity"":""Thessaloniki"",""bookingConfirmedTriggerId"":"""",""currency"":""EUR"",""footerNote"":"""",""title"":""Business settings"",""companyEmail"":""info@diamondrentacar.gr"",""companyTagline"":"""",""rentalTermsBody"":"""",""vatRate"":0,""rentalRequirementsBody"":"""",""vehiclesPageDisplayMode"":""models"",""enableTriggeredEmails"":false,""rentalPoliciesBody"":"""",""active"":false}","ckatz1995@gmail.com","Nik nik",2026-03-18T13:31:23Z,2027-03-18T13:31:23Z
,"6a5c6b2d-18bc-4dc6-a7dd-c58feb3e723f",2026-03-15T17:46:00Z,2026-03-15T17:46:00Z,"4139a8c1-c961-498e-9512-465437a7bf6c","staffAuth","ckatz1995@gmail.com","logout","Backroom logout",,,"ckatz1995@gmail.com","Nik nik",2026-03-15T17:46:00Z,2027-03-15T17:46:00Z
,"6b77f59c-d660-4873-ba78-a86c731967e6",2026-03-30T12:28:01Z,2026-03-30T12:28:01Z,"48ba7aa5-ed2b-43d2-bdd7-6596e6ec75a8","staffAuth","ckatz1995@gmail.com","loginSuccess","Backroom login",,,"ckatz1995@gmail.com","Nik nik",2026-03-30T12:28:01Z,2027-03-30T12:28:01Z
,"6c8ae14c-10e2-4e48-9914-13a126be1f84",2026-04-04T10:36:05Z,2026-04-04T10:36:05Z,"4139a8c1-c961-498e-9512-465437a7bf6c","pricing.pickupLocation","thessaloniki_airport","pricing.update","Ενημέρωση τοποθεσία Αεροδρόμιο Θεσσαλονίκης","{""description"":""Παραλαβή / παράδοση στο αεροδρόμιο SKG."",""_id"":""8d8b21f6-6a1d-414f-b222-5557e8e41038"",""_owner"":""284e089f-48c1-4969-b018-a9add65901a8"",""_createdDate"":""2026-03-15T22:56:27.552Z"",""mapUrl"":"""",""publicVisible"":true,""label"":""Αεροδρόμιο Θεσσαλονίκης"",""_updatedDate"":""2026-04-04T10:35:52.139Z"",""key"":""thessaloniki_airport"",""extraFee"":0,""sortOrder"":10,""address"":""Κρατικός Αερολιμένας Θεσσαλονίκης Μακεδονία, Θεσσαλονίκη"",""locationType"":""both"",""active"":true}","{""description"":""Παραλαβή / παράδοση στο αεροδρόμιο SKG."",""_id"":""8d8b21f6-6a1d-414f-b222-5557e8e41038"",""_owner"":""284e089f-48c1-4969-b018-a9add65901a8"",""_createdDate"":""2026-03-15T22:56:27.552Z"",""mapUrl"":"""",""publicVisible"":true,""label"":""Αεροδρόμιο Θεσσαλονίκης"",""_updatedDate"":""2026-04-04T10:36:05.443Z"",""key"":""thessaloniki_airport"",""extraFee"":0,""sortOrder"":10,""address"":""Κρατικός Αερολιμένας Θεσσαλονίκης Μακεδονία, Θεσσαλονίκη"",""locationType"":""both"",""active"":true}","ckatz1995@gmail.com","Nik nik",2026-04-04T10:36:05Z,2027-04-04T10:36:05Z
,"6cb040a1-0c51-47bc-847f-a593a6bcabc5",2026-05-24T10:17:32Z,2026-05-24T10:17:32Z,"48ba7aa5-ed2b-43d2-bdd7-6596e6ec75a8","staffAuth","ckatz1995@gmail.com","loginSuccess","Backroom login",,,"ckatz1995@gmail.com","Nik nik",2026-05-24T10:17:32Z,2027-05-24T10:17:32Z
,"6da14ef3-6e43-45d8-9a92-9dde87fe327b",2026-03-19T08:55:00Z,2026-03-19T08:55:00Z,"4139a8c1-c961-498e-9512-465437a7bf6c","pricing.businessSettings","a5128991-cf12-4a62-bcde-64e77309b454","pricing.saveBusinessSettings","Ενημέρωση business settings","{""vehiclesPageModelsSource"":""fleet"",""rentalTermsIntro"":""Στην παρακάτω σελίδα συγκεντρώνονται βασικοί όροι, προϋποθέσεις και πολιτικές της ενοικίασης με μορφή εύκολη για ανάγνωση και ενημέρωση από το backroom."",""nightEndHour"":8,""bookingCanceledTriggerId"":"""",""defaultDeposit"":0,""operatingHoursLabel"":""09:00 - 21:00"",""companyPhone"":""+30 2310 000 000"",""companyAddress"":""Θεσσαλονίκη, Ελλάδα"",""_id"":""a5128991-cf12-4a62-bcde-64e77309b454"",""insuranceTermsBody"":""Η βασική κάλυψη αφορά την τυπική συμμετοχή του ενοικιαστή σύμφωνα με τους όρους της εταιρίας. Οι επιπλέον καλύψεις μειώνουν ή περιορίζουν την ευθύνη ανάλογα με το πρόγραμμα που θα επιλεγεί. Πριν από την τελική παράδοση του οχήματος, η ομάδα μας επιβεβαιώνει ξανά τις καλύψεις, τις εξαιρέσεις και το ύψος της συμμετοχής. Δεν καλύπτονται περιστατικά που προκύπτουν από παραβίαση του ΚΟΚ, οδήγηση υπό επήρεια, μη εξουσιοδοτημένο οδηγό, απώλεια κλειδιών ή εγγράφων και χρήση του οχήματος εκτός των συμφωνημένων όρων. Οι πληροφορίες της σελίδας έχουν ενημερωτικό χαρακτήρα και υπερισχύουν οι τελικοί όροι που επιβεβαιώνονται από την εταιρία πριν την παραλαβή."",""_owner"":""284e089f-48c1-4969-b018-a9add65901a8"",""_createdDate"":""2026-03-15T14:21:47.499Z"",""insuranceTermsIntro"":""Οι ασφαλιστικές επιλογές και οι σχετικοί όροι παρουσιάζονται με απλό τρόπο πριν από την ολοκλήρωση της κράτησης."",""insuranceDetailsTitle"":""Λεπτομέρειες ασφαλιστικών επιλογών"",""insuranceDetailsIntro"":""Παρακάτω βλέπεις συνοπτικά τις επιλογές κάλυψης που χρησιμοποιούνται στο front booking flow."",""insuranceDetailsBody"":""Το CDW αποτελεί τη βασική κάλυψη χωρίς επιπλέον ημερήσια χρέωση. Το SCDW μειώνει περαιτέρω την οικονομική έκθεση του οδηγού, ενώ το FULL παρέχει την πιο ενισχυμένη επιλογή προστασίας που εμφανίζεται στο backroom και στο booking flow. Για κάθε κράτηση, το τελικό πρόγραμμα ασφάλισης, οι χρεώσεις και οι εξαιρέσεις επιβεβαιώνονται από την ομάδα μας πριν από την παράδοση."",""rentalPrivacyBody"":""Τα προσωπικά δεδομένα χρησιμοποιούνται αποκλειστικά για την εξυπηρέτηση της κράτησης, την επικοινωνία με τον πελάτη και την εκπλήρωση νομικών ή φορολογικών υποχρεώσεων της εταιρίας. Για ειδικά αιτήματα, διορθώσεις στοιχείων ή απορίες σχετικά με την επεξεργασία δεδομένων, ο πελάτης μπορεί να επικοινωνεί με την εταιρία στα διαθέσιμα στοιχεία επικοινωνίας."",""nightStartHour"":22,""_updatedDate"":""2026-03-18T22:22:49.933Z"",""allowOverbooking"":true,""companyName"":""DIAMOND Rent A Car"",""insuranceTermsTitle"":""Όροι και λεπτομέρειες ασφαλειών"",""rentalTermsTitle"":""Όροι ενοικίασης και πολιτικές"",""companyCity"":""Thessaloniki"",""bookingConfirmedTriggerId"":"""",""currency"":""EUR"",""footerNote"":""Επαγγελματική εμπειρία ενοικίασης οχήματος με καθαρή ροή κράτησης, ξεκάθαρη τιμολόγηση και προσωπική επιβεβαίωση."",""title"":""Business settings"",""companyEmail"":""info@diamondrentacar.gr"",""companyTagline"":""Ενοικίαση οχημάτων στη Θεσσαλονίκη με καθαρή διαδικασία και γρήγορη επιβεβαίωση."",""rentalTermsBody"":""Η ενοικίαση ολοκληρώνεται μόνο μετά από επιβεβαίωση της διαθεσιμότητας από την εταιρία και έλεγχο των στοιχείων του οδηγού. Η εταιρία διατηρεί το δικαίωμα να προτείνει ισοδύναμο όχημα ίδιας ή ανώτερης κατηγορίας όταν αυτό απαιτηθεί από λειτουργικούς λόγους, χωρίς πρόσθετη χρέωση για τον πελάτη."",""vatRate"":24,""rentalRequirementsBody"":""Ο κύριος οδηγός οφείλει να διαθέτει ισχύουσα άδεια οδήγησης, ταυτότητα ή διαβατήριο και κάρτα ή άλλο μέσο πληρωμής αποδεκτό από την εταιρία. Ελάχιστη ηλικία, έτη κατοχής διπλώματος, εγγύηση και τυχόν επασφάλιστρα εξαρτώνται από την κατηγορία οχήματος και την τελική επιβεβαίωση της κράτησης."",""vehiclesPageDisplayMode"":""categories"",""enableTriggeredEmails"":false,""rentalPoliciesBody"":""Η πολιτική καυσίμου, οι ώρες παράδοσης και παραλαβής, οι χρεώσεις εκτός ωραρίου, οι ακυρώσεις, οι καθυστερήσεις και οι όροι επέκτασης της μίσθωσης επιβεβαιώνονται πριν την παράδοση. Τυχόν ζημιές, πρόστιμα, απώλειες εξοπλισμού ή χρήση του οχήματος κατά παράβαση των συμφωνημένων όρων βαρύνουν τον ενοικιαστή σύμφωνα με την τελική σύμβαση."",""active"":true,""afterHoursNotice"":""Για εξυπηρέτηση εκτός ωραρίου ισχύουν επιπλέον χρεώσεις.""}","{""vehiclesPageModelsSource"":""fleet"",""rentalTermsIntro"":""Στην παρακάτω σελίδα συγκεντρώνονται βασικοί όροι, προϋποθέσεις και πολιτικές της ενοικίασης με μορφή εύκολη για ανάγνωση και ενημέρωση από το backroom."",""nightEndHour"":8,""bookingCanceledTriggerId"":"""",""defaultDeposit"":0,""operatingHoursLabel"":""08:00 - 22:00"",""companyPhone"":""+30 2310 000 000"",""companyAddress"":""Θεσσαλονίκη, Ελλάδα"",""_id"":""a5128991-cf12-4a62-bcde-64e77309b454"",""insuranceTermsBody"":""Η βασική κάλυψη αφορά την τυπική συμμετοχή του ενοικιαστή σύμφωνα με τους όρους της εταιρίας. Οι επιπλέον καλύψεις μειώνουν ή περιορίζουν την ευθύνη ανάλογα με το πρόγραμμα που θα επιλεγεί. Πριν από την τελική παράδοση του οχήματος, η ομάδα μας επιβεβαιώνει ξανά τις καλύψεις, τις εξαιρέσεις και το ύψος της συμμετοχής. Δεν καλύπτονται περιστατικά που προκύπτουν από παραβίαση του ΚΟΚ, οδήγηση υπό επήρεια, μη εξουσιοδοτημένο οδηγό, απώλεια κλειδιών ή εγγράφων και χρήση του οχήματος εκτός των συμφωνημένων όρων. Οι πληροφορίες της σελίδας έχουν ενημερωτικό χαρακτήρα και υπερισχύουν οι τελικοί όροι που επιβεβαιώνονται από την εταιρία πριν την παραλαβή."",""_owner"":""284e089f-48c1-4969-b018-a9add65901a8"",""_createdDate"":""2026-03-15T14:21:47.499Z"",""insuranceTermsIntro"":""Οι ασφαλιστικές επιλογές και οι σχετικοί όροι παρουσιάζονται με απλό τρόπο πριν από την ολοκλήρωση της κράτησης."",""insuranceDetailsTitle"":""Λεπτομέρειες ασφαλιστικών επιλογών"",""insuranceDetailsIntro"":""Παρακάτω βλέπεις συνοπτικά τις επιλογές κάλυψης που χρησιμοποιούνται στο front booking flow."",""insuranceDetailsBody"":""Το CDW αποτελεί τη βασική κάλυψη χωρίς επιπλέον ημερήσια χρέωση. Το SCDW μειώνει περαιτέρω την οικονομική έκθεση του οδηγού, ενώ το FULL παρέχει την πιο ενισχυμένη επιλογή προστασίας που εμφανίζεται στο backroom και στο booking flow. Για κάθε κράτηση, το τελικό πρόγραμμα ασφάλισης, οι χρεώσεις και οι εξαιρέσεις επιβεβαιώνονται από την ομάδα μας πριν από την παράδοση."",""rentalPrivacyBody"":""Τα προσωπικά δεδομένα χρησιμοποιούνται αποκλειστικά για την εξυπηρέτηση της κράτησης, την επικοινωνία με τον πελάτη και την εκπλήρωση νομικών ή φορολογικών υποχρεώσεων της εταιρίας. Για ειδικά αιτήματα, διορθώσεις στοιχείων ή απορίες σχετικά με την επεξεργασία δεδομένων, ο πελάτης μπορεί να επικοινωνεί με την εταιρία στα διαθέσιμα στοιχεία επικοινωνίας."",""nightStartHour"":22,""_updatedDate"":""2026-03-19T08:55:00.454Z"",""allowOverbooking"":true,""companyName"":""DIAMOND Rent A Car"",""insuranceTermsTitle"":""Όροι και λεπτομέρειες ασφαλειών"",""rentalTermsTitle"":""Όροι ενοικίασης και πολιτικές"",""companyCity"":""Thessaloniki"",""bookingConfirmedTriggerId"":"""",""currency"":""EUR"",""footerNote"":""Επαγγελματική εμπειρία ενοικίασης οχήματος με καθαρή ροή κράτησης, ξεκάθαρη τιμολόγηση και προσωπική επιβεβαίωση."",""title"":""Business settings"",""companyEmail"":""info@diamondrentacar.gr"",""companyTagline"":""Ενοικίαση οχημάτων στη Θεσσαλονίκη με καθαρή διαδικασία και γρήγορη επιβεβαίωση."",""rentalTermsBody"":""Η ενοικίαση ολοκληρώνεται μόνο μετά από επιβεβαίωση της διαθεσιμότητας από την εταιρία και έλεγχο των στοιχείων του οδηγού. Η εταιρία διατηρεί το δικαίωμα να προτείνει ισοδύναμο όχημα ίδιας ή ανώτερης κατηγορίας όταν αυτό απαιτηθεί από λειτουργικούς λόγους, χωρίς πρόσθετη χρέωση για τον πελάτη."",""vatRate"":24,""rentalRequirementsBody"":""Ο κύριος οδηγός οφείλει να διαθέτει ισχύουσα άδεια οδήγησης, ταυτότητα ή διαβατήριο και κάρτα ή άλλο μέσο πληρωμής αποδεκτό από την εταιρία. Ελάχιστη ηλικία, έτη κατοχής διπλώματος, εγγύηση και τυχόν επασφάλιστρα εξαρτώνται από την κατηγορία οχήματος και την τελική επιβεβαίωση της κράτησης."",""vehiclesPageDisplayMode"":""categories"",""enableTriggeredEmails"":false,""rentalPoliciesBody"":""Η πολιτική καυσίμου, οι ώρες παράδοσης και παραλαβής, οι χρεώσεις εκτός ωραρίου, οι ακυρώσεις, οι καθυστερήσεις και οι όροι επέκτασης της μίσθωσης επιβεβαιώνονται πριν την παράδοση. Τυχόν ζημιές, πρόστιμα, απώλειες εξοπλισμού ή χρήση του οχήματος κατά παράβαση των συμφωνημένων όρων βαρύνουν τον ενοικιαστή σύμφωνα με την τελική σύμβαση."",""active"":true,""afterHoursNotice"":""Για εξυπηρέτηση εκτός ωραρίου ισχύουν επιπλέον χρεώσεις.""}","ckatz1995@gmail.com","Nik nik",2026-03-19T08:55:00Z,2027-03-19T08:55:00Z
,"6f30e520-2afc-40a9-a82c-59b3f9aa06e7",2026-03-16T10:36:04Z,2026-03-16T10:36:04Z,"4139a8c1-c961-498e-9512-465437a7bf6c","pricing.vehicleCategory","aaa6875b-029f-45e1-978a-027e493461a6","pricing.updateVehicleCategory","Ενημέρωση κατηγορία οχήματος LX - LX - Mercedes CLA","{""image"":""wix:image://v1/284e08_4524c1eae2f54ee39963a56ba1a3aa4a~mv2.png/Modern%20car%20rental%20background%20image%20with%20luxury%20sedan%20parked%20near%20a%20Mediterranean%20seaside%20c.png#originWidth=821&originHeight=313"",""_id"":""aaa6875b-029f-45e1-978a-027e493461a6"",""_owner"":""284e089f-48c1-4969-b018-a9add65901a8"",""_createdDate"":""2026-02-23T11:19:14.672Z"",""fuelType"":""Πετρέλαιο"",""price"":80,""doors"":5,""_updatedDate"":""2026-03-15T20:34:09.395Z"",""engineCc"":2000,""status"":""Available"",""category"":""LX"",""title"":""LX - Mercedes CLA"",""seats"":5,""transmission"":""Αυτόματο"",""airCondition"":true,""luggage"":3,""luggage1"":3,""active"":true}","{""image"":""wix:image://v1/284e08_4524c1eae2f54ee39963a56ba1a3aa4a~mv2.png/Modern%20car%20rental%20background%20image%20with%20luxury%20sedan%20parked%20near%20a%20Mediterranean%20seaside%20c.png#originWidth=821&originHeight=313"",""_id"":""aaa6875b-029f-45e1-978a-027e493461a6"",""_owner"":""284e089f-48c1-4969-b018-a9add65901a8"",""_createdDate"":""2026-02-23T11:19:14.672Z"",""fuelType"":""Πετρέλαιο"",""price"":80,""doors"":""5"",""_updatedDate"":""2026-03-16T10:36:03.956Z"",""engineCc"":2000,""status"":""Available"",""category"":""LX"",""title"":""LX - Mercedes CLA"",""seats"":""5"",""transmission"":""Αυτόματο"",""airCondition"":true,""luggage"":""3"",""luggage1"":3,""active"":true,""sortOrder"":3,""publicVisible"":true,""badge"":"""",""description"":""""}","ckatz1995@gmail.com","Nik nik",2026-03-16T10:36:04Z,2027-03-16T10:36:04Z
,"705023a7-3dbd-477c-9013-26b28c34b214",2026-03-16T10:39:24Z,2026-03-16T10:39:24Z,"4139a8c1-c961-498e-9512-465437a7bf6c","pricing.categoryRateRule","medium","pricing.insert","Νέος rate rule B Medium 3 μέρες",,"{""key"":""medium"",""label"":""B Medium 3 μέρες"",""description"":"""",""categoryCode"":""B"",""vehicleCategoryId"":""81e5ca63-92d3-4a82-ac49-987dfb6d4b9e"",""seasonKey"":""mid_season"",""minDays"":1,""maxDays"":3,""pricePerDay"":23,""sortOrder"":9999,""active"":true,""publicVisible"":true,""_id"":""0cc702a9-deca-4db0-8e82-395c32c2857b"",""_owner"":""4139a8c1-c961-498e-9512-465437a7bf6c"",""_createdDate"":""2026-03-16T10:39:24.103Z"",""_updatedDate"":""2026-03-16T10:39:24.103Z""}","ckatz1995@gmail.com","Nik nik",2026-03-16T10:39:24Z,2027-03-16T10:39:24Z
,"72592f1c-750e-4fa9-a0f0-a6414090a640",2026-04-08T08:35:03Z,2026-04-08T08:35:03Z,"48ba7aa5-ed2b-43d2-bdd7-6596e6ec75a8","staffAuth","ckatz1995@gmail.com","loginSuccess","Backroom login",,,"ckatz1995@gmail.com","Nik nik",2026-04-08T08:35:03Z,2027-04-08T08:35:03Z
,"73372067-ed15-4512-b179-9f88765c3598",2026-03-28T07:38:46Z,2026-03-28T07:38:46Z,"48ba7aa5-ed2b-43d2-bdd7-6596e6ec75a8","staffAuth","ckatz1995@gmail.com","loginSuccess","Backroom login",,,"ckatz1995@gmail.com","Nik nik",2026-03-28T07:38:46Z,2027-03-28T07:38:46Z
,"73e048f1-f781-4597-9a4e-7d1b41d67c42",2026-03-16T17:54:17Z,2026-03-16T17:54:17Z,"284e089f-48c1-4969-b018-a9add65901a8","staffAuth","ckatz1995@gmail.com","loginSuccess","Backroom login",,,"ckatz1995@gmail.com","Nik nik",2026-03-16T17:54:17Z,2027-03-16T17:54:17Z
,"74a972e3-d03a-4dd0-90d0-6ac0140ee65b",2026-03-16T15:36:00Z,2026-03-16T15:36:00Z,"48ba7aa5-ed2b-43d2-bdd7-6596e6ec75a8","staffAuth","ckatz1995@gmail.com","loginSuccess","Backroom login",,,"ckatz1995@gmail.com","Nik nik",2026-03-16T15:36:00Z,2027-03-16T15:36:00Z
,"74cc85d9-7e70-41c2-bac1-dd72cfd48549",2026-03-19T15:37:55Z,2026-03-19T15:37:55Z,"284e089f-48c1-4969-b018-a9add65901a8","staffAuth","ckatz1995@gmail.com","loginSuccess","Backroom login",,,"ckatz1995@gmail.com","Nik nik",2026-03-19T15:37:55Z,2027-03-19T15:37:55Z
,"74e47121-2a36-4cef-84a9-55a93f863c55",2026-04-04T12:29:47Z,2026-04-04T12:29:47Z,"4139a8c1-c961-498e-9512-465437a7bf6c","pricing.pickupLocation","city_center_office_dropoff","pricing.update","Ενημέρωση τοποθεσία Κέντρο Θεσσαλονίκης","{""description"":""Παραλαβή / παράδοση από το κεντρικό σημείο εξυπηρέτησης."",""_id"":""ebb125a2-bdae-489c-87e1-5bc86581d185"",""_owner"":""4139a8c1-c961-498e-9512-465437a7bf6c"",""_createdDate"":""2026-03-16T07:42:43.237Z"",""mapUrl"":"""",""publicVisible"":true,""label"":""Κέντρο Θεσσαλονίκης"",""_updatedDate"":""2026-03-22T10:07:12.562Z"",""key"":""city_center_office_dropoff"",""extraFee"":25,""sortOrder"":20,""address"":""Θεσσαλονίκη, Κέντρο"",""locationType"":""dropoff"",""active"":true}","{""description"":""Παραλαβή / παράδοση από το κεντρικό σημείο εξυπηρέτησης."",""_id"":""ebb125a2-bdae-489c-87e1-5bc86581d185"",""_owner"":""4139a8c1-c961-498e-9512-465437a7bf6c"",""_createdDate"":""2026-03-16T07:42:43.237Z"",""mapUrl"":"""",""publicVisible"":true,""label"":""Κέντρο Θεσσαλονίκης"",""_updatedDate"":""2026-04-04T12:29:46.978Z"",""key"":""city_center_office_dropoff"",""extraFee"":25,""sortOrder"":20,""address"":""Θεσσαλονίκη, Κέντρο"",""locationType"":""dropoff"",""active"":true,""stationKey"":""a"",""stationLabel"":""a""}","ckatz1995@gmail.com","Nik nik",2026-04-04T12:29:47Z,2027-04-04T12:29:47Z
,"74e815ce-88b9-4f41-b9ae-d625b6fd0a7d",2026-03-16T09:53:42Z,2026-03-16T09:53:42Z,"4139a8c1-c961-498e-9512-465437a7bf6c","pricing.pickupLocation","city_center_office_dropoff","pricing.update","Ενημέρωση τοποθεσία Κέντρο Θεσσαλονίκης","{""description"":""Παραλαβή / παράδοση από το κεντρικό σημείο εξυπηρέτησης."",""_id"":""ebb125a2-bdae-489c-87e1-5bc86581d185"",""_owner"":""4139a8c1-c961-498e-9512-465437a7bf6c"",""_createdDate"":""2026-03-16T07:42:43.237Z"",""mapUrl"":"""",""publicVisible"":true,""label"":""Κέντρο Θεσσαλονίκης"",""_updatedDate"":""2026-03-16T07:48:26.815Z"",""key"":""city_center_office_dropoff"",""extraFee"":15,""sortOrder"":20,""address"":""Θεσσαλονίκη, Κέντρο"",""locationType"":""dropoff"",""active"":true}","{""description"":""Παραλαβή / παράδοση από το κεντρικό σημείο εξυπηρέτησης."",""_id"":""ebb125a2-bdae-489c-87e1-5bc86581d185"",""_owner"":""4139a8c1-c961-498e-9512-465437a7bf6c"",""_createdDate"":""2026-03-16T07:42:43.237Z"",""mapUrl"":"""",""publicVisible"":true,""label"":""Κέντρο Θεσσαλονίκης"",""_updatedDate"":""2026-03-16T09:53:42.709Z"",""key"":""city_center_office_dropoff"",""extraFee"":25,""sortOrder"":20,""address"":""Θεσσαλονίκη, Κέντρο"",""locationType"":""dropoff"",""active"":true}","ckatz1995@gmail.com","Nik nik",2026-03-16T09:53:42Z,2027-03-16T09:53:42Z
,"755500fc-885e-4bde-8279-5b8f2774a93e",2026-03-16T15:23:53Z,2026-03-16T15:23:53Z,"48ba7aa5-ed2b-43d2-bdd7-6596e6ec75a8","pricing.extra","test","pricing.update","Ενημέρωση extra service Test1","{""description"":""test2"",""_id"":""7fd6bc08-56b0-4b14-8ef5-6d86b07ca6a2"",""_owner"":""4139a8c1-c961-498e-9512-465437a7bf6c"",""_createdDate"":""2026-03-15T16:29:27.470Z"",""billingMode"":""perDay"",""price"":3,""publicVisible"":true,""label"":""Test1"",""_updatedDate"":""2026-03-15T16:56:53.402Z"",""key"":""test"",""sortOrder"":6,""title"":""Test1"",""active"":true}","{""description"":""test2"",""_id"":""7fd6bc08-56b0-4b14-8ef5-6d86b07ca6a2"",""_owner"":""4139a8c1-c961-498e-9512-465437a7bf6c"",""_createdDate"":""2026-03-15T16:29:27.470Z"",""billingMode"":""perDay"",""price"":3,""publicVisible"":true,""label"":""Test1"",""_updatedDate"":""2026-03-16T15:23:53.784Z"",""key"":""test"",""sortOrder"":8,""title"":""Test1"",""active"":true}","ckatz1995@gmail.com","Nik nik",2026-03-16T15:23:53Z,2027-03-16T15:23:53Z
,"75ee0363-662c-4ffc-93f9-c06d3e251cf3",2026-04-01T13:04:25Z,2026-04-01T13:04:25Z,"4139a8c1-c961-498e-9512-465437a7bf6c","staffAuth","ckatz1995@gmail.com","loginFailed","Wrong password",,,"ckatz1995@gmail.com","Nik nik",2026-04-01T13:04:25Z,2027-04-01T13:04:25Z
,"76968ccf-ffeb-4d76-b7a6-c3053a26194e",2026-03-15T22:49:34Z,2026-03-15T22:49:34Z,"284e089f-48c1-4969-b018-a9add65901a8","pricing.categoryRateRule","a_low_4_7","pricing.update","Ενημέρωση rate rule A Low 4-7","{""minDays"":4,""seasonKey"":""low_season"",""description"":""Κατηγορία A / Low Season / 4-7 ημέρες"",""_id"":""1fbc2084-ed14-40cb-abf9-2b1795fdedeb"",""_owner"":""284e089f-48c1-4969-b018-a9add65901a8"",""_createdDate"":""2026-03-15T22:38:33.715Z"",""publicVisible"":true,""label"":""A Low 4-7"",""_updatedDate"":""2026-03-15T22:38:33.715Z"",""key"":""a_low_4_7"",""pricePerDay"":18,""sortOrder"":20,""maxDays"":7,""categoryCode"":""A"",""active"":true}","{""minDays"":4,""seasonKey"":""low_season"",""description"":""Κατηγορία A / Low Season / 4-7 ημέρες"",""_id"":""1fbc2084-ed14-40cb-abf9-2b1795fdedeb"",""_owner"":""284e089f-48c1-4969-b018-a9add65901a8"",""_createdDate"":""2026-03-15T22:38:33.715Z"",""publicVisible"":true,""label"":""A Low 4-7"",""_updatedDate"":""2026-03-15T22:49:34.558Z"",""key"":""a_low_4_7"",""pricePerDay"":19,""sortOrder"":20,""maxDays"":7,""categoryCode"":""A"",""active"":true,""vehicleCategoryId"":""46362b25-3bbb-4d22-826d-48ae404e5e85""}","ckatz1995@gmail.com","Nik nik",2026-03-15T22:49:34Z,2027-03-15T22:49:34Z
,"76c97718-e677-4215-987c-2935a920fe63",2026-03-16T16:12:02Z,2026-03-16T16:12:02Z,"48ba7aa5-ed2b-43d2-bdd7-6596e6ec75a8","pricing.extra","smartphone_holder","pricing.update","Ενημέρωση extra service Βάση Κινητού","{""description"":"""",""_id"":""93fb674a-5b2e-411b-8840-f2590e5db4c7"",""_owner"":""48ba7aa5-ed2b-43d2-bdd7-6596e6ec75a8"",""_createdDate"":""2026-03-16T15:23:34.941Z"",""billingMode"":""perDay"",""price"":1,""publicVisible"":true,""label"":""Βάση Κινητού"",""_updatedDate"":""2026-03-16T15:24:25.686Z"",""key"":""smartphone_holder"",""sortOrder"":7,""title"":""Βάση Κινητού"",""active"":true}","{""description"":"""",""_id"":""93fb674a-5b2e-411b-8840-f2590e5db4c7"",""_owner"":""48ba7aa5-ed2b-43d2-bdd7-6596e6ec75a8"",""_createdDate"":""2026-03-16T15:23:34.941Z"",""billingMode"":""perDay"",""price"":1,""publicVisible"":true,""label"":""Βάση Κινητού"",""_updatedDate"":""2026-03-16T16:12:02.749Z"",""key"":""smartphone_holder"",""sortOrder"":7,""title"":""Βάση Κινητού"",""active"":true}","ckatz1995@gmail.com","Nik nik",2026-03-16T16:12:02Z,2027-03-16T16:12:02Z
,"771d5432-3277-4497-a1e1-65c8f07a52b6",2026-03-22T10:03:04Z,2026-03-22T10:03:04Z,"4139a8c1-c961-498e-9512-465437a7bf6c","pricing.pickupLocation","port_thessaloniki_dropoff","pricing.insert","Νέα τοποθεσία Λιμάνι Θεσσαλονίκης",,"{""key"":""port_thessaloniki_dropoff"",""label"":""Λιμάνι Θεσσαλονίκης"",""description"":"""",""locationType"":""dropoff"",""address"":""Λιμάνι Θεσσαλονίκης"",""mapUrl"":"""",""extraFee"":25,""sortOrder"":60,""active"":true,""publicVisible"":true,""_id"":""8dfc413a-bdd6-456d-b50f-29174471aab1"",""_owner"":""4139a8c1-c961-498e-9512-465437a7bf6c"",""_createdDate"":""2026-03-22T10:03:04.417Z"",""_updatedDate"":""2026-03-22T10:03:04.417Z""}","ckatz1995@gmail.com","Nik nik",2026-03-22T10:03:04Z,2027-03-22T10:03:04Z
,"7773957b-9688-497a-bf82-aeb5df44105c",2026-03-15T13:48:21Z,2026-03-15T13:48:21Z,"4139a8c1-c961-498e-9512-465437a7bf6c","staffAuth","admin@diamondrentacar.gr","loginSuccess","Backroom login",,,"admin@diamondrentacar.gr","Site Admin",2026-03-15T13:48:21Z,2027-03-15T13:48:21Z
,"77fe7a8b-5892-462c-b9e9-05feb8f5f063",2026-03-19T18:02:17Z,2026-03-19T18:02:17Z,"48ba7aa5-ed2b-43d2-bdd7-6596e6ec75a8","staffAuth","ckatz1995@gmail.com","loginSuccess","Backroom login",,,"ckatz1995@gmail.com","Nik nik",2026-03-19T18:02:17Z,2027-03-19T18:02:17Z
,"7859e64c-4d49-4f12-a2c0-b5238ad1d1e0",2026-04-04T12:58:36Z,2026-04-04T12:58:36Z,"4139a8c1-c961-498e-9512-465437a7bf6c","pricing.pickupLocation","ose_thessaloniki_pickup","pricing.update","Ενημέρωση τοποθεσία ΟΣΕ Θεσσαλονίκης","{""stationKey"":""a"",""description"":"""",""_id"":""dd0bb313-76aa-4dce-9f2c-aeed3bccc98b"",""_owner"":""4139a8c1-c961-498e-9512-465437a7bf6c"",""_createdDate"":""2026-03-16T07:40:25.705Z"",""mapUrl"":"""",""publicVisible"":true,""label"":""ΟΣΕ Θεσσαλονίκης"",""_updatedDate"":""2026-04-04T12:31:15.066Z"",""stationLabel"":""a"",""key"":""ose_thessaloniki_pickup"",""extraFee"":25,""sortOrder"":70,""address"":""Σιδηροδρομικός Σταθμός Θεσσαλονίκης"",""locationType"":""pickup"",""active"":true}","{""stationKey"":""default"",""description"":"""",""_id"":""dd0bb313-76aa-4dce-9f2c-aeed3bccc98b"",""_owner"":""4139a8c1-c961-498e-9512-465437a7bf6c"",""_createdDate"":""2026-03-16T07:40:25.705Z"",""mapUrl"":"""",""publicVisible"":true,""label"":""ΟΣΕ Θεσσαλονίκης"",""_updatedDate"":""2026-04-04T12:58:35.958Z"",""stationLabel"":""SKG Thessaloniki"",""key"":""ose_thessaloniki_pickup"",""extraFee"":25,""sortOrder"":70,""address"":""Σιδηροδρομικός Σταθμός Θεσσαλονίκης"",""locationType"":""pickup"",""active"":true}","ckatz1995@gmail.com","Nik nik",2026-04-04T12:58:36Z,2027-04-04T12:58:36Z
,"78de13fa-9b0c-4e13-b756-e0b773e031e9",2026-03-15T15:50:06Z,2026-03-15T15:50:06Z,"4139a8c1-c961-498e-9512-465437a7bf6c","user","d5b30205-e254-409c-959e-96c22056cb62","user.update","Ενημερώθηκε staff user test@test.gr","null","{""email"":""test@test.gr"",""fullName"":""Test test"",""roleKey"":""admin"",""active"":true,""memberId"":"""",""notes"":"""",""deactivatedAt"":null,""_id"":""d5b30205-e254-409c-959e-96c22056cb62"",""_owner"":""4139a8c1-c961-498e-9512-465437a7bf6c"",""_createdDate"":""2026-03-15T15:50:06.766Z"",""_updatedDate"":""2026-03-15T15:50:06.766Z""}","ckatz1995@gmail.com","Nik nik",2026-03-15T15:50:06Z,2027-03-15T15:50:06Z
,"7922e181-6ba3-475d-b66e-6a7564eeca53",2026-03-18T22:22:41Z,2026-03-18T22:22:41Z,"4139a8c1-c961-498e-9512-465437a7bf6c","pricing.businessSettings","a5128991-cf12-4a62-bcde-64e77309b454","pricing.saveBusinessSettings","Ενημέρωση business settings","{""vehiclesPageModelsSource"":""fleet"",""rentalTermsIntro"":""Στην παρακάτω σελίδα συγκεντρώνονται βασικοί όροι, προϋποθέσεις και πολιτικές της ενοικίασης με μορφή εύκολη για ανάγνωση και ενημέρωση από το backroom."",""nightEndHour"":0,""bookingCanceledTriggerId"":"""",""defaultDeposit"":0,""operatingHoursLabel"":""09:00 - 21:00"",""companyPhone"":""+30 2310 000 000"",""companyAddress"":""Θεσσαλονίκη, Ελλάδα"",""_id"":""a5128991-cf12-4a62-bcde-64e77309b454"",""insuranceTermsBody"":""Η βασική κάλυψη αφορά την τυπική συμμετοχή του ενοικιαστή σύμφωνα με τους όρους της εταιρίας. Οι επιπλέον καλύψεις μειώνουν ή περιορίζουν την ευθύνη ανάλογα με το πρόγραμμα που θα επιλεγεί. Πριν από την τελική παράδοση του οχήματος, η ομάδα μας επιβεβαιώνει ξανά τις καλύψεις, τις εξαιρέσεις και το ύψος της συμμετοχής. Δεν καλύπτονται περιστατικά που προκύπτουν από παραβίαση του ΚΟΚ, οδήγηση υπό επήρεια, μη εξουσιοδοτημένο οδηγό, απώλεια κλειδιών ή εγγράφων και χρήση του οχήματος εκτός των συμφωνημένων όρων. Οι πληροφορίες της σελίδας έχουν ενημερωτικό χαρακτήρα και υπερισχύουν οι τελικοί όροι που επιβεβαιώνονται από την εταιρία πριν την παραλαβή."",""_owner"":""284e089f-48c1-4969-b018-a9add65901a8"",""_createdDate"":""2026-03-15T14:21:47.499Z"",""insuranceTermsIntro"":""Οι ασφαλιστικές επιλογές και οι σχετικοί όροι παρουσιάζονται με απλό τρόπο πριν από την ολοκλήρωση της κράτησης."",""insuranceDetailsTitle"":""Λεπτομέρειες ασφαλιστικών επιλογών"",""insuranceDetailsIntro"":""Παρακάτω βλέπεις συνοπτικά τις επιλογές κάλυψης που χρησιμοποιούνται στο front booking flow."",""insuranceDetailsBody"":""Το CDW αποτελεί τη βασική κάλυψη χωρίς επιπλέον ημερήσια χρέωση. Το SCDW μειώνει περαιτέρω την οικονομική έκθεση του οδηγού, ενώ το FULL παρέχει την πιο ενισχυμένη επιλογή προστασίας που εμφανίζεται στο backroom και στο booking flow. Για κάθε κράτηση, το τελικό πρόγραμμα ασφάλισης, οι χρεώσεις και οι εξαιρέσεις επιβεβαιώνονται από την ομάδα μας πριν από την παράδοση."",""rentalPrivacyBody"":""Τα προσωπικά δεδομένα χρησιμοποιούνται αποκλειστικά για την εξυπηρέτηση της κράτησης, την επικοινωνία με τον πελάτη και την εκπλήρωση νομικών ή φορολογικών υποχρεώσεων της εταιρίας. Για ειδικά αιτήματα, διορθώσεις στοιχείων ή απορίες σχετικά με την επεξεργασία δεδομένων, ο πελάτης μπορεί να επικοινωνεί με την εταιρία στα διαθέσιμα στοιχεία επικοινωνίας."",""nightStartHour"":0,""_updatedDate"":""2026-03-18T22:22:11.423Z"",""allowOverbooking"":true,""companyName"":""DIAMOND Rent A Car"",""insuranceTermsTitle"":""Όροι και λεπτομέρειες ασφαλειών"",""rentalTermsTitle"":""Όροι ενοικίασης και πολιτικές"",""companyCity"":""Thessaloniki"",""bookingConfirmedTriggerId"":"""",""currency"":""EUR"",""footerNote"":""Επαγγελματική εμπειρία ενοικίασης οχήματος με καθαρή ροή κράτησης, ξεκάθαρη τιμολόγηση και προσωπική επιβεβαίωση."",""title"":""Business settings"",""companyEmail"":""info@diamondrentacar.gr"",""companyTagline"":""Ενοικίαση οχημάτων στη Θεσσαλονίκη με καθαρή διαδικασία και γρήγορη επιβεβαίωση."",""rentalTermsBody"":""Η ενοικίαση ολοκληρώνεται μόνο μετά από επιβεβαίωση της διαθεσιμότητας από την εταιρία και έλεγχο των στοιχείων του οδηγού. Η εταιρία διατηρεί το δικαίωμα να προτείνει ισοδύναμο όχημα ίδιας ή ανώτερης κατηγορίας όταν αυτό απαιτηθεί από λειτουργικούς λόγους, χωρίς πρόσθετη χρέωση για τον πελάτη."",""vatRate"":24,""rentalRequirementsBody"":""Ο κύριος οδηγός οφείλει να διαθέτει ισχύουσα άδεια οδήγησης, ταυτότητα ή διαβατήριο και κάρτα ή άλλο μέσο πληρωμής αποδεκτό από την εταιρία. Ελάχιστη ηλικία, έτη κατοχής διπλώματος, εγγύηση και τυχόν επασφάλιστρα εξαρτώνται από την κατηγορία οχήματος και την τελική επιβεβαίωση της κράτησης."",""vehiclesPageDisplayMode"":""categories"",""enableTriggeredEmails"":false,""rentalPoliciesBody"":""Η πολιτική καυσίμου, οι ώρες παράδοσης και παραλαβής, οι χρεώσεις εκτός ωραρίου, οι ακυρώσεις, οι καθυστερήσεις και οι όροι επέκτασης της μίσθωσης επιβεβαιώνονται πριν την παράδοση. Τυχόν ζημιές, πρόστιμα, απώλειες εξοπλισμού ή χρήση του οχήματος κατά παράβαση των συμφωνημένων όρων βαρύνουν τον ενοικιαστή σύμφωνα με την τελική σύμβαση."",""active"":true,""afterHoursNotice"":""Για εξυπηρέτηση εκτός ωραρίου ισχύουν επιπλέον χρεώσεις.""}","{""vehiclesPageModelsSource"":""fleet"",""rentalTermsIntro"":""Στην παρακάτω σελίδα συγκεντρώνονται βασικοί όροι, προϋποθέσεις και πολιτικές της ενοικίασης με μορφή εύκολη για ανάγνωση και ενημέρωση από το backroom."",""nightEndHour"":8,""bookingCanceledTriggerId"":"""",""defaultDeposit"":0,""operatingHoursLabel"":""09:00 - 21:00"",""companyPhone"":""+30 2310 000 000"",""companyAddress"":""Θεσσαλονίκη, Ελλάδα"",""_id"":""a5128991-cf12-4a62-bcde-64e77309b454"",""insuranceTermsBody"":""Η βασική κάλυψη αφορά την τυπική συμμετοχή του ενοικιαστή σύμφωνα με τους όρους της εταιρίας. Οι επιπλέον καλύψεις μειώνουν ή περιορίζουν την ευθύνη ανάλογα με το πρόγραμμα που θα επιλεγεί. Πριν από την τελική παράδοση του οχήματος, η ομάδα μας επιβεβαιώνει ξανά τις καλύψεις, τις εξαιρέσεις και το ύψος της συμμετοχής. Δεν καλύπτονται περιστατικά που προκύπτουν από παραβίαση του ΚΟΚ, οδήγηση υπό επήρεια, μη εξουσιοδοτημένο οδηγό, απώλεια κλειδιών ή εγγράφων και χρήση του οχήματος εκτός των συμφωνημένων όρων. Οι πληροφορίες της σελίδας έχουν ενημερωτικό χαρακτήρα και υπερισχύουν οι τελικοί όροι που επιβεβαιώνονται από την εταιρία πριν την παραλαβή."",""_owner"":""284e089f-48c1-4969-b018-a9add65901a8"",""_createdDate"":""2026-03-15T14:21:47.499Z"",""insuranceTermsIntro"":""Οι ασφαλιστικές επιλογές και οι σχετικοί όροι παρουσιάζονται με απλό τρόπο πριν από την ολοκλήρωση της κράτησης."",""insuranceDetailsTitle"":""Λεπτομέρειες ασφαλιστικών επιλογών"",""insuranceDetailsIntro"":""Παρακάτω βλέπεις συνοπτικά τις επιλογές κάλυψης που χρησιμοποιούνται στο front booking flow."",""insuranceDetailsBody"":""Το CDW αποτελεί τη βασική κάλυψη χωρίς επιπλέον ημερήσια χρέωση. Το SCDW μειώνει περαιτέρω την οικονομική έκθεση του οδηγού, ενώ το FULL παρέχει την πιο ενισχυμένη επιλογή προστασίας που εμφανίζεται στο backroom και στο booking flow. Για κάθε κράτηση, το τελικό πρόγραμμα ασφάλισης, οι χρεώσεις και οι εξαιρέσεις επιβεβαιώνονται από την ομάδα μας πριν από την παράδοση."",""rentalPrivacyBody"":""Τα προσωπικά δεδομένα χρησιμοποιούνται αποκλειστικά για την εξυπηρέτηση της κράτησης, την επικοινωνία με τον πελάτη και την εκπλήρωση νομικών ή φορολογικών υποχρεώσεων της εταιρίας. Για ειδικά αιτήματα, διορθώσεις στοιχείων ή απορίες σχετικά με την επεξεργασία δεδομένων, ο πελάτης μπορεί να επικοινωνεί με την εταιρία στα διαθέσιμα στοιχεία επικοινωνίας."",""nightStartHour"":22,""_updatedDate"":""2026-03-18T22:22:41.475Z"",""allowOverbooking"":true,""companyName"":""DIAMOND Rent A Car"",""insuranceTermsTitle"":""Όροι και λεπτομέρειες ασφαλειών"",""rentalTermsTitle"":""Όροι ενοικίασης και πολιτικές"",""companyCity"":""Thessaloniki"",""bookingConfirmedTriggerId"":"""",""currency"":""EUR"",""footerNote"":""Επαγγελματική εμπειρία ενοικίασης οχήματος με καθαρή ροή κράτησης, ξεκάθαρη τιμολόγηση και προσωπική επιβεβαίωση."",""title"":""Business settings"",""companyEmail"":""info@diamondrentacar.gr"",""companyTagline"":""Ενοικίαση οχημάτων στη Θεσσαλονίκη με καθαρή διαδικασία και γρήγορη επιβεβαίωση."",""rentalTermsBody"":""Η ενοικίαση ολοκληρώνεται μόνο μετά από επιβεβαίωση της διαθεσιμότητας από την εταιρία και έλεγχο των στοιχείων του οδηγού. Η εταιρία διατηρεί το δικαίωμα να προτείνει ισοδύναμο όχημα ίδιας ή ανώτερης κατηγορίας όταν αυτό απαιτηθεί από λειτουργικούς λόγους, χωρίς πρόσθετη χρέωση για τον πελάτη."",""vatRate"":24,""rentalRequirementsBody"":""Ο κύριος οδηγός οφείλει να διαθέτει ισχύουσα άδεια οδήγησης, ταυτότητα ή διαβατήριο και κάρτα ή άλλο μέσο πληρωμής αποδεκτό από την εταιρία. Ελάχιστη ηλικία, έτη κατοχής διπλώματος, εγγύηση και τυχόν επασφάλιστρα εξαρτώνται από την κατηγορία οχήματος και την τελική επιβεβαίωση της κράτησης."",""vehiclesPageDisplayMode"":""categories"",""enableTriggeredEmails"":false,""rentalPoliciesBody"":""Η πολιτική καυσίμου, οι ώρες παράδοσης και παραλαβής, οι χρεώσεις εκτός ωραρίου, οι ακυρώσεις, οι καθυστερήσεις και οι όροι επέκτασης της μίσθωσης επιβεβαιώνονται πριν την παράδοση. Τυχόν ζημιές, πρόστιμα, απώλειες εξοπλισμού ή χρήση του οχήματος κατά παράβαση των συμφωνημένων όρων βαρύνουν τον ενοικιαστή σύμφωνα με την τελική σύμβαση."",""active"":true,""afterHoursNotice"":""Για εξυπηρέτηση εκτός ωραρίου ισχύουν επιπλέον χρεώσεις.""}","ckatz1995@gmail.com","Nik nik",2026-03-18T22:22:41Z,2027-03-18T22:22:41Z
,"7aa2e648-b165-4621-8419-b470002886ed",2026-03-17T12:27:27Z,2026-03-17T12:27:27Z,"48ba7aa5-ed2b-43d2-bdd7-6596e6ec75a8","pricing.pickupLocation","ose_thessaloniki","pricing.update","Ενημέρωση τοποθεσία ΟΣΕ Θεσσαλονίκης","{""description"":"""",""_id"":""dd0bb313-76aa-4dce-9f2c-aeed3bccc98b"",""_owner"":""4139a8c1-c961-498e-9512-465437a7bf6c"",""_createdDate"":""2026-03-16T07:40:25.705Z"",""mapUrl"":"""",""publicVisible"":true,""label"":""ΟΣΕ Θεσσαλονίκης"",""_updatedDate"":""2026-03-16T07:40:25.705Z"",""key"":""ose_thessaloniki"",""extraFee"":40,""sortOrder"":9999,""address"":""Σιδηροδρομικός Σταθμός Θεσσαλονίκης"",""locationType"":""both"",""active"":true}","{""description"":"""",""_id"":""dd0bb313-76aa-4dce-9f2c-aeed3bccc98b"",""_owner"":""4139a8c1-c961-498e-9512-465437a7bf6c"",""_createdDate"":""2026-03-16T07:40:25.705Z"",""mapUrl"":"""",""publicVisible"":true,""label"":""ΟΣΕ Θεσσαλονίκης"",""_updatedDate"":""2026-03-17T12:27:27.348Z"",""key"":""ose_thessaloniki"",""extraFee"":40,""sortOrder"":7,""address"":""Σιδηροδρομικός Σταθμός Θεσσαλονίκης"",""locationType"":""both"",""active"":true}","ckatz1995@gmail.com","Nik nik",2026-03-17T12:27:27Z,2027-03-17T12:27:27Z
,"7b7deaba-9057-4843-bebe-9e62411f01f3",2026-03-16T11:31:56Z,2026-03-16T11:31:56Z,"4139a8c1-c961-498e-9512-465437a7bf6c","pricing.businessSettings","a5128991-cf12-4a62-bcde-64e77309b454","pricing.saveBusinessSettings","Ενημέρωση business settings","{""nightEndHour"":8,""defaultDeposit"":0,""companyPhone"":""+30 2310 000 000"",""_id"":""a5128991-cf12-4a62-bcde-64e77309b454"",""_owner"":""284e089f-48c1-4969-b018-a9add65901a8"",""_createdDate"":""2026-03-15T14:21:47.499Z"",""nightStartHour"":22,""_updatedDate"":""2026-03-15T16:48:50.460Z"",""currency"":""EUR"",""title"":""Default business settings"",""companyEmail"":""info@diamondrentacar.gr"",""vatRate"":24,""active"":true}","{""nightEndHour"":8,""defaultDeposit"":0,""companyPhone"":""+30 2310 000 001"",""_id"":""a5128991-cf12-4a62-bcde-64e77309b454"",""_owner"":""284e089f-48c1-4969-b018-a9add65901a8"",""_createdDate"":""2026-03-15T14:21:47.499Z"",""nightStartHour"":22,""_updatedDate"":""2026-03-16T11:31:56.758Z"",""currency"":""EUR"",""title"":""Default business settings"",""companyEmail"":""info@diamondrentacar.gr"",""vatRate"":24,""active"":true,""companyName"":""DIAMOND Rent A Car"",""companyTagline"":""Ενοικίαση οχημάτων στη Θεσσαλονίκη με καθαρή διαδικασία και γρήγορη επιβεβαίωση."",""companyCity"":""Thessaloniki"",""companyAddress"":""Θεσσαλονίκη, Ελλάδα"",""footerNote"":""Επαγγελματική εμπειρία ενοικίασης οχήματος με καθαρή ροή κράτησης, ξεκάθαρη τιμολόγηση και προσωπική επιβεβαίωση."",""insuranceTermsTitle"":""Όροι και λεπτομέρειες ασφαλειών"",""insuranceTermsIntro"":""Οι ασφαλιστικές επιλογές και οι σχετικοί όροι παρουσιάζονται με απλό τρόπο πριν από την ολοκλήρωση της κράτησης."",""insuranceTermsBody"":""Η βασική κάλυψη αφορά την τυπική συμμετοχή του ενοικιαστή σύμφωνα με τους όρους της εταιρίας. Οι επιπλέον καλύψεις μειώνουν ή περιορίζουν την ευθύνη ανάλογα με το πρόγραμμα που θα επιλεγεί. Πριν από την τελική παράδοση του οχήματος, η ομάδα μας επιβεβαιώνει ξανά τις καλύψεις, τις εξαιρέσεις και το ύψος της συμμετοχής. Δεν καλύπτονται περιστατικά που προκύπτουν από παραβίαση του ΚΟΚ, οδήγηση υπό επήρεια, μη εξουσιοδοτημένο οδηγό, απώλεια κλειδιών ή εγγράφων και χρήση του οχήματος εκτός των συμφωνημένων όρων. Οι πληροφορίες της σελίδας έχουν ενημερωτικό χαρακτήρα και υπερισχύουν οι τελικοί όροι που επιβεβαιώνονται από την εταιρία πριν την παραλαβή."",""insuranceDetailsTitle"":""Λεπτομέρειες ασφαλιστικών επιλογών"",""insuranceDetailsIntro"":""Παρακάτω βλέπεις συνοπτικά τις επιλογές κάλυψης που χρησιμοποιούνται στο front booking flow."",""insuranceDetailsBody"":""Το CDW αποτελεί τη βασική κάλυψη χωρίς επιπλέον ημερήσια χρέωση. Το SCDW μειώνει περαιτέρω την οικονομική έκθεση του οδηγού, ενώ το FULL παρέχει την πιο ενισχυμένη επιλογή προστασίας που εμφανίζεται στο backroom και στο booking flow. Για κάθε κράτηση, το τελικό πρόγραμμα ασφάλισης, οι χρεώσεις και οι εξαιρέσεις επιβεβαιώνονται από την ομάδα μας πριν από την παράδοση.""}","ckatz1995@gmail.com","Nik nik",2026-03-16T11:31:56Z,2027-03-16T11:31:56Z
,"7c5c3da3-b116-448f-ad9d-0bea863dfc73",2026-03-26T12:58:45Z,2026-03-26T12:58:45Z,"48ba7aa5-ed2b-43d2-bdd7-6596e6ec75a8","staffAuth","ckatz1995@gmail.com","loginSuccess","Backroom login",,,"ckatz1995@gmail.com","Nik nik",2026-03-26T12:58:45Z,2027-03-26T12:58:45Z
,"80ae6e89-2a25-476a-ada0-bf548da957af",2026-03-16T15:30:20Z,2026-03-16T15:30:20Z,"48ba7aa5-ed2b-43d2-bdd7-6596e6ec75a8","pricing.ExtraServices","gps","pricing.delete","Διαγραφή pricing item GPS (1 row(s))","{""description"":""Πλοήγηση για πιο εύκολες μετακινήσεις χωρίς επιπλέον εφαρμογές."",""_id"":""4f018334-d37c-43ff-8956-75b9dc43afac"",""_owner"":""284e089f-48c1-4969-b018-a9add65901a8"",""_createdDate"":""2026-03-15T14:22:55.053Z"",""billingMode"":""perDay"",""price"":8,""publicVisible"":true,""label"":""GPS"",""_updatedDate"":""2026-03-15T16:56:40.979Z"",""key"":""gps"",""sortOrder"":5,""title"":""GPS"",""active"":true}",,"ckatz1995@gmail.com","Nik nik",2026-03-16T15:30:20Z,2027-03-16T15:30:20Z
,"8162aa41-06a3-4321-8e3f-48a09957305c",2026-03-16T06:58:16Z,2026-03-16T06:58:16Z,"4139a8c1-c961-498e-9512-465437a7bf6c","pricing.fee","normaldriver","pricing.insert","Νέο fee rule NormalDriver",,"{""title"":""NormalDriver"",""key"":""normaldriver"",""label"":""NormalDriver"",""description"":"""",""sortOrder"":9999,""active"":true,""publicVisible"":true,""ruleType"":""ageRange"",""audienceGroup"":""23-69"",""amount"":0,""billingMode"":""perBooking"",""_id"":""15c175bb-eddc-488f-a154-d3dfd250d413"",""_owner"":""4139a8c1-c961-498e-9512-465437a7bf6c"",""_createdDate"":""2026-03-16T06:58:16.226Z"",""_updatedDate"":""2026-03-16T06:58:16.226Z""}","ckatz1995@gmail.com","Nik nik",2026-03-16T06:58:16Z,2027-03-16T06:58:16Z
,"8209ed60-a77f-4ebb-bbda-26eb42a709de",2026-05-14T14:56:08Z,2026-05-14T14:56:08Z,"ee6f533c-5006-4b8c-abb8-a82ea80908bf","staffAuth","ckatz1995@gmail.com","loginSuccess","Backroom login",,,"ckatz1995@gmail.com","Nik nik",2026-05-14T14:56:08Z,2027-05-14T14:56:08Z
,"8360011b-4b22-4803-8172-9d2cd95dc22b",2026-03-22T10:08:44Z,2026-03-22T10:08:44Z,"4139a8c1-c961-498e-9512-465437a7bf6c","pricing.pickupLocation","ose_thessaloniki_dropoff","pricing.insert","Νέα τοποθεσία ΟΣΕ Θεσσαλονίκης Copy",,"{""key"":""ose_thessaloniki_dropoff"",""label"":""ΟΣΕ Θεσσαλονίκης Copy"",""description"":"""",""locationType"":""dropoff"",""address"":""Σιδηροδρομικός Σταθμός Θεσσαλονίκης"",""mapUrl"":"""",""extraFee"":25,""sortOrder"":70,""active"":true,""publicVisible"":true,""_id"":""bf373ce6-0161-4c0f-93e9-d8e376a2fe24"",""_owner"":""4139a8c1-c961-498e-9512-465437a7bf6c"",""_createdDate"":""2026-03-22T10:08:44.196Z"",""_updatedDate"":""2026-03-22T10:08:44.196Z""}","ckatz1995@gmail.com","Nik nik",2026-03-22T10:08:44Z,2027-03-22T10:08:44Z
,"83b7c062-be79-46f1-bacb-8cd2d1f81870",2026-03-16T07:48:26Z,2026-03-16T07:48:26Z,"4139a8c1-c961-498e-9512-465437a7bf6c","pricing.pickupLocation","city_center_office_dropoff","pricing.update","Ενημέρωση τοποθεσία Κέντρο Θεσσαλονίκης","{""description"":""Παραλαβή / παράδοση από το κεντρικό σημείο εξυπηρέτησης."",""_id"":""ebb125a2-bdae-489c-87e1-5bc86581d185"",""_owner"":""4139a8c1-c961-498e-9512-465437a7bf6c"",""_createdDate"":""2026-03-16T07:42:43.237Z"",""mapUrl"":"""",""publicVisible"":true,""label"":""Κέντρο Θεσσαλονίκης"",""_updatedDate"":""2026-03-16T07:47:46.463Z"",""key"":""city_center_office_copy"",""extraFee"":15,""sortOrder"":20,""address"":""Θεσσαλονίκη, Κέντρο"",""locationType"":""dropoff"",""active"":true}","{""description"":""Παραλαβή / παράδοση από το κεντρικό σημείο εξυπηρέτησης."",""_id"":""ebb125a2-bdae-489c-87e1-5bc86581d185"",""_owner"":""4139a8c1-c961-498e-9512-465437a7bf6c"",""_createdDate"":""2026-03-16T07:42:43.237Z"",""mapUrl"":"""",""publicVisible"":true,""label"":""Κέντρο Θεσσαλονίκης"",""_updatedDate"":""2026-03-16T07:48:26.815Z"",""key"":""city_center_office_dropoff"",""extraFee"":15,""sortOrder"":20,""address"":""Θεσσαλονίκη, Κέντρο"",""locationType"":""dropoff"",""active"":true}","ckatz1995@gmail.com","Nik nik",2026-03-16T07:48:26Z,2027-03-16T07:48:26Z
,"84116354-930a-4c8a-8795-5b4a72517c05",2026-03-16T15:35:48Z,2026-03-16T15:35:48Z,"48ba7aa5-ed2b-43d2-bdd7-6596e6ec75a8","staffAuth","ckatz1995@gmail.com","loginSuccess","Backroom login",,,"ckatz1995@gmail.com","Nik nik",2026-03-16T15:35:48Z,2027-03-16T15:35:48Z
,"85b4c859-4238-479e-ad23-232f86102157",2026-03-16T16:11:35Z,2026-03-16T16:11:35Z,"48ba7aa5-ed2b-43d2-bdd7-6596e6ec75a8","pricing.ExtraServices","thirddriver","pricing.delete","Διαγραφή pricing item Τρίτος οδηγός (1 row(s))","{""description"":""Ο δεύτερος οδηγός παρέχεται από την εταιρία μας δωρεάν!"",""_id"":""58c0ff56-91dd-446a-80c4-10f9b855bb62"",""_owner"":""4139a8c1-c961-498e-9512-465437a7bf6c"",""_createdDate"":""2026-03-15T17:21:24.976Z"",""billingMode"":""perDay"",""price"":5,""publicVisible"":true,""label"":""Τρίτος οδηγός"",""_updatedDate"":""2026-03-16T15:38:48.934Z"",""key"":""thirddriver"",""sortOrder"":4,""title"":""Τρίτος οδηγός"",""active"":true}",,"ckatz1995@gmail.com","Nik nik",2026-03-16T16:11:35Z,2027-03-16T16:11:35Z
,"8688f1b6-79be-400a-883c-0f0e5c771fba",2026-03-16T15:35:52Z,2026-03-16T15:35:52Z,"48ba7aa5-ed2b-43d2-bdd7-6596e6ec75a8","staffAuth","ckatz1995@gmail.com","loginSuccess","Backroom login",,,"ckatz1995@gmail.com","Nik nik",2026-03-16T15:35:52Z,2027-03-16T15:35:52Z
,"888e1feb-7c9d-4d2c-8769-e01abc409b8c",2026-04-05T16:04:53Z,2026-04-05T16:04:53Z,"48ba7aa5-ed2b-43d2-bdd7-6596e6ec75a8","pricing.businessSettings","a5128991-cf12-4a62-bcde-64e77309b454","pricing.saveBusinessSettings","Ενημέρωση business settings","{""stationSettings"":{""ath"":{""vehiclesPageModelsSource"":""fleet"",""rentalTermsIntro"":""Στην παρακάτω σελίδα συγκεντρώνονται βασικοί όροι, προϋποθέσεις και πολιτικές της ενοικίασης με μορφή εύκολη για ανάγνωση και ενημέρωση από το backroom."",""nightEndHour"":8,""stationProfiles"":[{""key"":""default"",""label"":""Κεντρικός σταθμός"",""description"":""""},{""key"":""ath"",""label"":""ATH Athens"",""description"":""""}],""bookingCanceledTriggerId"":"""",""defaultDeposit"":0,""operatingHoursLabel"":""08:00 - 22:00"",""companyPhone"":""+30 2310 000 000"",""companyAddress"":""Θεσσαλονίκη, Ελλάδα"",""insuranceTermsBody"":""Η βασική κάλυψη αφορά την τυπική συμμετοχή του ενοικιαστή σύμφωνα με τους όρους της εταιρίας. Οι επιπλέον καλύψεις μειώνουν ή περιορίζουν την ευθύνη ανάλογα με το πρόγραμμα που θα επιλεγεί. Πριν από την τελική παράδοση του οχήματος, η ομάδα μας επιβεβαιώνει ξανά τις καλύψεις, τις εξαιρέσεις και το ύψος της συμμετοχής. Δεν καλύπτονται περιστατικά που προκύπτουν από παραβίαση του ΚΟΚ, οδήγηση υπό επήρεια, μη εξουσιοδοτημένο οδηγό, απώλεια κλειδιών ή εγγράφων και χρήση του οχήματος εκτός των συμφωνημένων όρων. Οι πληροφορίες της σελίδας έχουν ενημερωτικό χαρακτήρα και υπερισχύουν οι τελικοί όροι που επιβεβαιώνονται από την εταιρία πριν την παραλαβή."",""insuranceTermsIntro"":""Οι ασφαλιστικές επιλογές και οι σχετικοί όροι παρουσιάζονται με απλό τρόπο πριν από την ολοκλήρωση της κράτησης."",""insuranceDetailsTitle"":""Λεπτομέρειες ασφαλιστικών επιλογών"",""insuranceDetailsIntro"":""Παρακάτω βλέπεις συνοπτικά τις επιλογές κάλυψης που χρησιμοποιούνται στο front booking flow."",""insuranceDetailsBody"":""Το CDW αποτελεί τη βασική κάλυψη χωρίς επιπλέον ημερήσια χρέωση. Το SCDW μειώνει περαιτέρω την οικονομική έκθεση του οδηγού, ενώ το FULL παρέχει την πιο ενισχυμένη επιλογή προστασίας που εμφανίζεται στο backroom και στο booking flow. Για κάθε κράτηση, το τελικό πρόγραμμα ασφάλισης, οι χρεώσεις και οι εξαιρέσεις επιβεβαιώνονται από την ομάδα μας πριν από την παράδοση."",""rentalPrivacyBody"":""Τα προσωπικά δεδομένα χρησιμοποιούνται αποκλειστικά για την εξυπηρέτηση της κράτησης, την επικοινωνία με τον πελάτη και την εκπλήρωση νομικών ή φορολογικών υποχρεώσεων της εταιρίας. Για ειδικά αιτήματα, διορθώσεις στοιχείων ή απορίες σχετικά με την επεξεργασία δεδομένων, ο πελάτης μπορεί να επικοινωνεί με την εταιρία στα διαθέσιμα στοιχεία επικοινωνίας."",""nightStartHour"":22,""allowOverbooking"":true,""companyName"":""DIAMOND Rent A Car"",""insuranceTermsTitle"":""Όροι και λεπτομέρειες ασφαλειών"",""rentalTermsTitle"":""Όροι ενοικίασης και πολιτικές"",""companyCity"":""Thessaloniki"",""bookingConfirmedTriggerId"":"""",""currency"":""EUR"",""footerNote"":""Επαγγελματική εμπειρία ενοικίασης οχήματος με καθαρή ροή κράτησης, ξεκάθαρη τιμολόγηση και προσωπική επιβεβαίωση."",""title"":""Business settings"",""companyEmail"":""info@diamondrentacar.gr"",""companyTagline"":""Ενοικίαση οχημάτων στη Θεσσαλονίκη με καθαρή διαδικασία και γρήγορη επιβεβαίωση."",""rentalTermsBody"":""Η ενοικίαση ολοκληρώνεται μόνο μετά από επιβεβαίωση της διαθεσιμότητας από την εταιρία και έλεγχο των στοιχείων του οδηγού. Η εταιρία διατηρεί το δικαίωμα να προτείνει ισοδύναμο όχημα ίδιας ή ανώτερης κατηγορίας όταν αυτό απαιτηθεί από λειτουργικούς λόγους, χωρίς πρόσθετη χρέωση για τον πελάτη."",""vatRate"":24,""rentalRequirementsBody"":""Ο κύριος οδηγός οφείλει να διαθέτει ισχύουσα άδεια οδήγησης, ταυτότητα ή διαβατήριο και κάρτα ή άλλο μέσο πληρωμής αποδεκτό από την εταιρία. Ελάχιστη ηλικία, έτη κατοχής διπλώματος, εγγύηση και τυχόν επασφάλιστρα εξαρτώνται από την κατηγορία οχήματος και την τελική επιβεβαίωση της κράτησης."",""vehiclesPageDisplayMode"":""categories"",""enableTriggeredEmails"":false,""rentalPoliciesBody"":""Η πολιτική καυσίμου, οι ώρες παράδοσης και παραλαβής, οι χρεώσεις εκτός ωραρίου, οι ακυρώσεις, οι καθυστερήσεις και οι όροι επέκτασης της μίσθωσης επιβεβαιώνονται πριν την παράδοση. Τυχόν ζημιές, πρόστιμα, απώλειες εξοπλισμού ή χρήση του οχήματος κατά παράβαση των συμφωνημένων όρων βαρύνουν τον ενοικιαστή σύμφωνα με την τελική σύμβαση."",""active"":true,""afterHoursNotice"":""Για εξυπηρέτηση εκτός ωραρίου ισχύουν επιπλέον χρεώσεις.""},""skg"":{""vehiclesPageModelsSource"":""fleet"",""rentalTermsIntro"":""Στην παρακάτω σελίδα συγκεντρώνονται βασικοί όροι, προϋποθέσεις και πολιτικές της ενοικίασης με μορφή εύκολη για ανάγνωση και ενημέρωση από το backroom."",""nightEndHour"":8,""stationProfiles"":[{""city"":"""",""description"":"""",""label"":""ATH Athens"",""key"":""ath"",""sortOrder"":9999,""address"":"""",""active"":true},{""city"":"""",""description"":"""",""label"":""SKG Thessaloniki"",""key"":""skg"",""sortOrder"":9999,""address"":"""",""active"":true}],""bookingCanceledTriggerId"":"""",""defaultDeposit"":0,""operatingHoursLabel"":""08:00 - 22:00"",""companyPhone"":""+30 2310 000 000"",""companyAddress"":""Θεσσαλονίκη, Ελλάδα"",""insuranceTermsBody"":""Η βασική κάλυψη αφορά την τυπική συμμετοχή του ενοικιαστή σύμφωνα με τους όρους της εταιρίας. Οι επιπλέον καλύψεις μειώνουν ή περιορίζουν την ευθύνη ανάλογα με το πρόγραμμα που θα επιλεγεί. Πριν από την τελική παράδοση του οχήματος, η ομάδα μας επιβεβαιώνει ξανά τις καλύψεις, τις εξαιρέσεις και το ύψος της συμμετοχής. Δεν καλύπτονται περιστατικά που προκύπτουν από παραβίαση του ΚΟΚ, οδήγηση υπό επήρεια, μη εξουσιοδοτημένο οδηγό, απώλεια κλειδιών ή εγγράφων και χρήση του οχήματος εκτός των συμφωνημένων όρων. Οι πληροφορίες της σελίδας έχουν ενημερωτικό χαρακτήρα και υπερισχύουν οι τελικοί όροι που επιβεβαιώνονται από την εταιρία πριν την παραλαβή."",""insuranceTermsIntro"":""Οι ασφαλιστικές επιλογές και οι σχετικοί όροι παρουσιάζονται με απλό τρόπο πριν από την ολοκλήρωση της κράτησης."",""insuranceDetailsTitle"":""Λεπτομέρειες ασφαλιστικών επιλογών"",""insuranceDetailsIntro"":""Παρακάτω βλέπεις συνοπτικά τις επιλογές κάλυψης που χρησιμοποιούνται στο front booking flow."",""insuranceDetailsBody"":""Το CDW αποτελεί τη βασική κάλυψη χωρίς επιπλέον ημερήσια χρέωση. Το SCDW μειώνει περαιτέρω την οικονομική έκθεση του οδηγού, ενώ το FULL παρέχει την πιο ενισχυμένη επιλογή προστασίας που εμφανίζεται στο backroom και στο booking flow. Για κάθε κράτηση, το τελικό πρόγραμμα ασφάλισης, οι χρεώσεις και οι εξαιρέσεις επιβεβαιώνονται από την ομάδα μας πριν από την παράδοση."",""rentalPrivacyBody"":""Τα προσωπικά δεδομένα χρησιμοποιούνται αποκλειστικά για την εξυπηρέτηση της κράτησης, την επικοινωνία με τον πελάτη και την εκπλήρωση νομικών ή φορολογικών υποχρεώσεων της εταιρίας. Για ειδικά αιτήματα, διορθώσεις στοιχείων ή απορίες σχετικά με την επεξεργασία δεδομένων, ο πελάτης μπορεί να επικοινωνεί με την εταιρία στα διαθέσιμα στοιχεία επικοινωνίας."",""nightStartHour"":22,""allowOverbooking"":true,""companyName"":""DIAMOND Rent A Car"",""insuranceTermsTitle"":""Όροι και λεπτομέρειες ασφαλειών"",""rentalTermsTitle"":""Όροι ενοικίασης και πολιτικές"",""companyCity"":""Thessaloniki"",""bookingConfirmedTriggerId"":"""",""currency"":""EUR"",""footerNote"":""Επαγγελματική εμπειρία ενοικίασης οχήματος με καθαρή ροή κράτησης, ξεκάθαρη τιμολόγηση και προσωπική επιβεβαίωση."",""title"":""Business settings"",""companyEmail"":""info@diamondrentacar.gr"",""companyTagline"":""Ενοικίαση οχημάτων στη Θεσσαλονίκη με καθαρή διαδικασία και γρήγορη επιβεβαίωση."",""rentalTermsBody"":""Η ενοικίαση ολοκληρώνεται μόνο μετά από επιβεβαίωση της διαθεσιμότητας από την εταιρία και έλεγχο των στοιχείων του οδηγού. Η εταιρία διατηρεί το δικαίωμα να προτείνει ισοδύναμο όχημα ίδιας ή ανώτερης κατηγορίας όταν αυτό απαιτηθεί από λειτουργικούς λόγους, χωρίς πρόσθετη χρέωση για τον πελάτη."",""vatRate"":24,""rentalRequirementsBody"":""Ο κύριος οδηγός οφείλει να διαθέτει ισχύουσα άδεια οδήγησης, ταυτότητα ή διαβατήριο και κάρτα ή άλλο μέσο πληρωμής αποδεκτό από την εταιρία. Ελάχιστη ηλικία, έτη κατοχής διπλώματος, εγγύηση και τυχόν επασφάλιστρα εξαρτώνται από την κατηγορία οχήματος και την τελική επιβεβαίωση της κράτησης."",""vehiclesPageDisplayMode"":""categories"",""enableTriggeredEmails"":false,""rentalPoliciesBody"":""Η πολιτική καυσίμου, οι ώρες παράδοσης και παραλαβής, οι χρεώσεις εκτός ωραρίου, οι ακυρώσεις, οι καθυστερήσεις και οι όροι επέκτασης της μίσθωσης επιβεβαιώνονται πριν την παράδοση. Τυχόν ζημιές, πρόστιμα, απώλειες εξοπλισμού ή χρήση του οχήματος κατά παράβαση των συμφωνημένων όρων βαρύνουν τον ενοικιαστή σύμφωνα με την τελική σύμβαση."",""active"":true,""afterHoursNotice"":""Για εξυπηρέτηση εκτός ωραρίου ισχύουν επιπλέον χρεώσεις.""}},""vehiclesPageModelsSource"":""fleet"",""rentalTermsIntro"":""Στην παρακάτω σελίδα συγκεντρώνονται βασικοί όροι, προϋποθέσεις και πολιτικές της ενοικίασης με μορφή εύκολη για ανάγνωση και ενημέρωση από το backroom."",""nightEndHour"":8,""stationProfiles"":[{""city"":"""",""description"":"""",""label"":""ATH Athens"",""key"":""ath"",""sortOrder"":9999,""address"":"""",""active"":true},{""city"":"""",""description"":"""",""label"":""SKG Thessaloniki"",""key"":""skg"",""sortOrder"":9999,""address"":"""",""active"":true}],""bookingCanceledTriggerId"":"""",""defaultDeposit"":0,""operatingHoursLabel"":""08:00 - 22:00"",""companyPhone"":""+30 2310 000 000"",""companyAddress"":""Θεσσαλονίκη, Ελλάδα"",""_id"":""a5128991-cf12-4a62-bcde-64e77309b454"",""insuranceTermsBody"":""Η βασική κάλυψη αφορά την τυπική συμμετοχή του ενοικιαστή σύμφωνα με τους όρους της εταιρίας. Οι επιπλέον καλύψεις μειώνουν ή περιορίζουν την ευθύνη ανάλογα με το πρόγραμμα που θα επιλεγεί. Πριν από την τελική παράδοση του οχήματος, η ομάδα μας επιβεβαιώνει ξανά τις καλύψεις, τις εξαιρέσεις και το ύψος της συμμετοχής. Δεν καλύπτονται περιστατικά που προκύπτουν από παραβίαση του ΚΟΚ, οδήγηση υπό επήρεια, μη εξουσιοδοτημένο οδηγό, απώλεια κλειδιών ή εγγράφων και χρήση του οχήματος εκτός των συμφωνημένων όρων. Οι πληροφορίες της σελίδας έχουν ενημερωτικό χαρακτήρα και υπερισχύουν οι τελικοί όροι που επιβεβαιώνονται από την εταιρία πριν την παραλαβή."",""_owner"":""284e089f-48c1-4969-b018-a9add65901a8"",""_createdDate"":""2026-03-15T14:21:47.499Z"",""insuranceTermsIntro"":""Οι ασφαλιστικές επιλογές και οι σχετικοί όροι παρουσιάζονται με απλό τρόπο πριν από την ολοκλήρωση της κράτησης."",""insuranceDetailsTitle"":""Λεπτομέρειες ασφαλιστικών επιλογών"",""insuranceDetailsIntro"":""Παρακάτω βλέπεις συνοπτικά τις επιλογές κάλυψης που χρησιμοποιούνται στο front booking flow."",""insuranceDetailsBody"":""Το CDW αποτελεί τη βασική κάλυψη χωρίς επιπλέον ημερήσια χρέωση. Το SCDW μειώνει περαιτέρω την οικονομική έκθεση του οδηγού, ενώ το FULL παρέχει την πιο ενισχυμένη επιλογή προστασίας που εμφανίζεται στο backroom και στο booking flow. Για κάθε κράτηση, το τελικό πρόγραμμα ασφάλισης, οι χρεώσεις και οι εξαιρέσεις επιβεβαιώνονται από την ομάδα μας πριν από την παράδοση."",""rentalPrivacyBody"":""Τα προσωπικά δεδομένα χρησιμοποιούνται αποκλειστικά για την εξυπηρέτηση της κράτησης, την επικοινωνία με τον πελάτη και την εκπλήρωση νομικών ή φορολογικών υποχρεώσεων της εταιρίας. Για ειδικά αιτήματα, διορθώσεις στοιχείων ή απορίες σχετικά με την επεξεργασία δεδομένων, ο πελάτης μπορεί να επικοινωνεί με την εταιρία στα διαθέσιμα στοιχεία επικοινωνίας."",""nightStartHour"":22,""_updatedDate"":""2026-04-05T12:28:18.099Z"",""allowOverbooking"":true,""companyName"":""DIAMOND Rent A Car"",""insuranceTermsTitle"":""Όροι και λεπτομέρειες ασφαλειών"",""rentalTermsTitle"":""Όροι ενοικίασης και πολιτικές"",""companyCity"":""Thessaloniki"",""bookingConfirmedTriggerId"":"""",""currency"":""EUR"",""footerNote"":""Επαγγελματική εμπειρία ενοικίασης οχήματος με καθαρή ροή κράτησης, ξεκάθαρη τιμολόγηση και προσωπική επιβεβαίωση."",""title"":""Business settings"",""companyEmail"":""info@diamondrentacar.gr"",""companyTagline"":""Ενοικίαση οχημάτων στη Θεσσαλονίκη με καθαρή διαδικασία και γρήγορη επιβεβαίωση."",""rentalTermsBody"":""Η ενοικίαση ολοκληρώνεται μόνο μετά από επιβεβαίωση της διαθεσιμότητας από την εταιρία και έλεγχο των στοιχείων του οδηγού. Η εταιρία διατηρεί το δικαίωμα να προτείνει ισοδύναμο όχημα ίδιας ή ανώτερης κατηγορίας όταν αυτό απαιτηθεί από λειτουργικούς λόγους, χωρίς πρόσθετη χρέωση για τον πελάτη."",""vatRate"":24,""rentalRequirementsBody"":""Ο κύριος οδηγός οφείλει να διαθέτει ισχύουσα άδεια οδήγησης, ταυτότητα ή διαβατήριο και κάρτα ή άλλο μέσο πληρωμής αποδεκτό από την εταιρία. Ελάχιστη ηλικία, έτη κατοχής διπλώματος, εγγύηση και τυχόν επασφάλιστρα εξαρτώνται από την κατηγορία οχήματος και την τελική επιβεβαίωση της κράτησης."",""vehiclesPageDisplayMode"":""categories"",""enableTriggeredEmails"":false,""rentalPoliciesBody"":""Η πολιτική καυσίμου, οι ώρες παράδοσης και παραλαβής, οι χρεώσεις εκτός ωραρίου, οι ακυρώσεις, οι καθυστερήσεις και οι όροι επέκτασης της μίσθωσης επιβεβαιώνονται πριν την παράδοση. Τυχόν ζημιές, πρόστιμα, απώλειες εξοπλισμού ή χρήση του οχήματος κατά παράβαση των συμφωνημένων όρων βαρύνουν τον ενοικιαστή σύμφωνα με την τελική σύμβαση."",""active"":true,""afterHoursNotice"":""Για εξυπηρέτηση εκτός ωραρίου ισχύουν επιπλέον χρεώσεις.""}","{""stationSettings"":{""ath"":{""vehiclesPageModelsSource"":""fleet"",""rentalTermsIntro"":""Στην παρακάτω σελίδα συγκεντρώνονται βασικοί όροι, προϋποθέσεις και πολιτικές της ενοικίασης με μορφή εύκολη για ανάγνωση και ενημέρωση από το backroom."",""nightEndHour"":8,""stationProfiles"":[{""key"":""default"",""label"":""Κεντρικός σταθμός"",""description"":""""},{""key"":""ath"",""label"":""ATH Athens"",""description"":""""}],""bookingCanceledTriggerId"":"""",""defaultDeposit"":0,""operatingHoursLabel"":""08:00 - 22:00"",""companyPhone"":""+30 2310 000 000"",""companyAddress"":""Θεσσαλονίκη, Ελλάδα"",""insuranceTermsBody"":""Η βασική κάλυψη αφορά την τυπική συμμετοχή του ενοικιαστή σύμφωνα με τους όρους της εταιρίας. Οι επιπλέον καλύψεις μειώνουν ή περιορίζουν την ευθύνη ανάλογα με το πρόγραμμα που θα επιλεγεί. Πριν από την τελική παράδοση του οχήματος, η ομάδα μας επιβεβαιώνει ξανά τις καλύψεις, τις εξαιρέσεις και το ύψος της συμμετοχής. Δεν καλύπτονται περιστατικά που προκύπτουν από παραβίαση του ΚΟΚ, οδήγηση υπό επήρεια, μη εξουσιοδοτημένο οδηγό, απώλεια κλειδιών ή εγγράφων και χρήση του οχήματος εκτός των συμφωνημένων όρων. Οι πληροφορίες της σελίδας έχουν ενημερωτικό χαρακτήρα και υπερισχύουν οι τελικοί όροι που επιβεβαιώνονται από την εταιρία πριν την παραλαβή."",""insuranceTermsIntro"":""Οι ασφαλιστικές επιλογές και οι σχετικοί όροι παρουσιάζονται με απλό τρόπο πριν από την ολοκλήρωση της κράτησης."",""insuranceDetailsTitle"":""Λεπτομέρειες ασφαλιστικών επιλογών"",""insuranceDetailsIntro"":""Παρακάτω βλέπεις συνοπτικά τις επιλογές κάλυψης που χρησιμοποιούνται στο front booking flow."",""insuranceDetailsBody"":""Το CDW αποτελεί τη βασική κάλυψη χωρίς επιπλέον ημερήσια χρέωση. Το SCDW μειώνει περαιτέρω την οικονομική έκθεση του οδηγού, ενώ το FULL παρέχει την πιο ενισχυμένη επιλογή προστασίας που εμφανίζεται στο backroom και στο booking flow. Για κάθε κράτηση, το τελικό πρόγραμμα ασφάλισης, οι χρεώσεις και οι εξαιρέσεις επιβεβαιώνονται από την ομάδα μας πριν από την παράδοση."",""rentalPrivacyBody"":""Τα προσωπικά δεδομένα χρησιμοποιούνται αποκλειστικά για την εξυπηρέτηση της κράτησης, την επικοινωνία με τον πελάτη και την εκπλήρωση νομικών ή φορολογικών υποχρεώσεων της εταιρίας. Για ειδικά αιτήματα, διορθώσεις στοιχείων ή απορίες σχετικά με την επεξεργασία δεδομένων, ο πελάτης μπορεί να επικοινωνεί με την εταιρία στα διαθέσιμα στοιχεία επικοινωνίας."",""nightStartHour"":22,""allowOverbooking"":true,""companyName"":""DIAMOND Rent A Car"",""insuranceTermsTitle"":""Όροι και λεπτομέρειες ασφαλειών"",""rentalTermsTitle"":""Όροι ενοικίασης και πολιτικές"",""companyCity"":""Thessaloniki"",""bookingConfirmedTriggerId"":"""",""currency"":""EUR"",""footerNote"":""Επαγγελματική εμπειρία ενοικίασης οχήματος με καθαρή ροή κράτησης, ξεκάθαρη τιμολόγηση και προσωπική επιβεβαίωση."",""title"":""Business settings"",""companyEmail"":""info@diamondrentacar.gr"",""companyTagline"":""Ενοικίαση οχημάτων στη Θεσσαλονίκη με καθαρή διαδικασία και γρήγορη επιβεβαίωση."",""rentalTermsBody"":""Η ενοικίαση ολοκληρώνεται μόνο μετά από επιβεβαίωση της διαθεσιμότητας από την εταιρία και έλεγχο των στοιχείων του οδηγού. Η εταιρία διατηρεί το δικαίωμα να προτείνει ισοδύναμο όχημα ίδιας ή ανώτερης κατηγορίας όταν αυτό απαιτηθεί από λειτουργικούς λόγους, χωρίς πρόσθετη χρέωση για τον πελάτη."",""vatRate"":24,""rentalRequirementsBody"":""Ο κύριος οδηγός οφείλει να διαθέτει ισχύουσα άδεια οδήγησης, ταυτότητα ή διαβατήριο και κάρτα ή άλλο μέσο πληρωμής αποδεκτό από την εταιρία. Ελάχιστη ηλικία, έτη κατοχής διπλώματος, εγγύηση και τυχόν επασφάλιστρα εξαρτώνται από την κατηγορία οχήματος και την τελική επιβεβαίωση της κράτησης."",""vehiclesPageDisplayMode"":""categories"",""enableTriggeredEmails"":false,""rentalPoliciesBody"":""Η πολιτική καυσίμου, οι ώρες παράδοσης και παραλαβής, οι χρεώσεις εκτός ωραρίου, οι ακυρώσεις, οι καθυστερήσεις και οι όροι επέκτασης της μίσθωσης επιβεβαιώνονται πριν την παράδοση. Τυχόν ζημιές, πρόστιμα, απώλειες εξοπλισμού ή χρήση του οχήματος κατά παράβαση των συμφωνημένων όρων βαρύνουν τον ενοικιαστή σύμφωνα με την τελική σύμβαση."",""active"":true,""afterHoursNotice"":""Για εξυπηρέτηση εκτός ωραρίου ισχύουν επιπλέον χρεώσεις.""},""default"":{""vehiclesPageModelsSource"":""fleet"",""rentalTermsIntro"":""Στην παρακάτω σελίδα συγκεντρώνονται βασικοί όροι, προϋποθέσεις και πολιτικές της ενοικίασης με μορφή εύκολη για ανάγνωση και ενημέρωση από το backroom."",""nightEndHour"":8,""stationProfiles"":[{""city"":"""",""description"":"""",""label"":""ATH Athens"",""key"":""ath"",""sortOrder"":9999,""address"":"""",""active"":true},{""key"":""default"",""label"":""SKG Thessaloniki"",""description"":""""}],""bookingCanceledTriggerId"":"""",""defaultDeposit"":0,""operatingHoursLabel"":""08:00 - 22:00"",""companyPhone"":""+30 2310 000 000"",""companyAddress"":""Θεσσαλονίκη, Ελλάδα"",""insuranceTermsBody"":""Η βασική κάλυψη αφορά την τυπική συμμετοχή του ενοικιαστή σύμφωνα με τους όρους της εταιρίας. Οι επιπλέον καλύψεις μειώνουν ή περιορίζουν την ευθύνη ανάλογα με το πρόγραμμα που θα επιλεγεί. Πριν από την τελική παράδοση του οχήματος, η ομάδα μας επιβεβαιώνει ξανά τις καλύψεις, τις εξαιρέσεις και το ύψος της συμμετοχής. Δεν καλύπτονται περιστατικά που προκύπτουν από παραβίαση του ΚΟΚ, οδήγηση υπό επήρεια, μη εξουσιοδοτημένο οδηγό, απώλεια κλειδιών ή εγγράφων και χρήση του οχήματος εκτός των συμφωνημένων όρων. Οι πληροφορίες της σελίδας έχουν ενημερωτικό χαρακτήρα και υπερισχύουν οι τελικοί όροι που επιβεβαιώνονται από την εταιρία πριν την παραλαβή."",""insuranceTermsIntro"":""Οι ασφαλιστικές επιλογές και οι σχετικοί όροι παρουσιάζονται με απλό τρόπο πριν από την ολοκλήρωση της κράτησης."",""insuranceDetailsTitle"":""Λεπτομέρειες ασφαλιστικών επιλογών"",""insuranceDetailsIntro"":""Παρακάτω βλέπεις συνοπτικά τις επιλογές κάλυψης που χρησιμοποιούνται στο front booking flow."",""insuranceDetailsBody"":""Το CDW αποτελεί τη βασική κάλυψη χωρίς επιπλέον ημερήσια χρέωση. Το SCDW μειώνει περαιτέρω την οικονομική έκθεση του οδηγού, ενώ το FULL παρέχει την πιο ενισχυμένη επιλογή προστασίας που εμφανίζεται στο backroom και στο booking flow. Για κάθε κράτηση, το τελικό πρόγραμμα ασφάλισης, οι χρεώσεις και οι εξαιρέσεις επιβεβαιώνονται από την ομάδα μας πριν από την παράδοση."",""rentalPrivacyBody"":""Τα προσωπικά δεδομένα χρησιμοποιούνται αποκλειστικά για την εξυπηρέτηση της κράτησης, την επικοινωνία με τον πελάτη και την εκπλήρωση νομικών ή φορολογικών υποχρεώσεων της εταιρίας. Για ειδικά αιτήματα, διορθώσεις στοιχείων ή απορίες σχετικά με την επεξεργασία δεδομένων, ο πελάτης μπορεί να επικοινωνεί με την εταιρία στα διαθέσιμα στοιχεία επικοινωνίας."",""nightStartHour"":22,""allowOverbooking"":true,""companyName"":""DIAMOND Rent A Car"",""insuranceTermsTitle"":""Όροι και λεπτομέρειες ασφαλειών"",""rentalTermsTitle"":""Όροι ενοικίασης και πολιτικές"",""companyCity"":""Thessaloniki"",""bookingConfirmedTriggerId"":"""",""currency"":""EUR"",""footerNote"":""Επαγγελματική εμπειρία ενοικίασης οχήματος με καθαρή ροή κράτησης, ξεκάθαρη τιμολόγηση και προσωπική επιβεβαίωση."",""title"":""Business settings"",""companyEmail"":""info@diamondrentacar.gr"",""companyTagline"":""Ενοικίαση οχημάτων στη Θεσσαλονίκη με καθαρή διαδικασία και γρήγορη επιβεβαίωση."",""rentalTermsBody"":""Η ενοικίαση ολοκληρώνεται μόνο μετά από επιβεβαίωση της διαθεσιμότητας από την εταιρία και έλεγχο των στοιχείων του οδηγού. Η εταιρία διατηρεί το δικαίωμα να προτείνει ισοδύναμο όχημα ίδιας ή ανώτερης κατηγορίας όταν αυτό απαιτηθεί από λειτουργικούς λόγους, χωρίς πρόσθετη χρέωση για τον πελάτη."",""vatRate"":24,""rentalRequirementsBody"":""Ο κύριος οδηγός οφείλει να διαθέτει ισχύουσα άδεια οδήγησης, ταυτότητα ή διαβατήριο και κάρτα ή άλλο μέσο πληρωμής αποδεκτό από την εταιρία. Ελάχιστη ηλικία, έτη κατοχής διπλώματος, εγγύηση και τυχόν επασφάλιστρα εξαρτώνται από την κατηγορία οχήματος και την τελική επιβεβαίωση της κράτησης."",""vehiclesPageDisplayMode"":""categories"",""enableTriggeredEmails"":false,""rentalPoliciesBody"":""Η πολιτική καυσίμου, οι ώρες παράδοσης και παραλαβής, οι χρεώσεις εκτός ωραρίου, οι ακυρώσεις, οι καθυστερήσεις και οι όροι επέκτασης της μίσθωσης επιβεβαιώνονται πριν την παράδοση. Τυχόν ζημιές, πρόστιμα, απώλειες εξοπλισμού ή χρήση του οχήματος κατά παράβαση των συμφωνημένων όρων βαρύνουν τον ενοικιαστή σύμφωνα με την τελική σύμβαση."",""active"":true,""afterHoursNotice"":""Για εξυπηρέτηση εκτός ωραρίου ισχύουν επιπλέον χρεώσεις.""}},""vehiclesPageModelsSource"":""fleet"",""rentalTermsIntro"":""Στην παρακάτω σελίδα συγκεντρώνονται βασικοί όροι, προϋποθέσεις και πολιτικές της ενοικίασης με μορφή εύκολη για ανάγνωση και ενημέρωση από το backroom."",""nightEndHour"":8,""stationProfiles"":[{""city"":"""",""description"":"""",""label"":""ATH Athens"",""key"":""ath"",""sortOrder"":9999,""address"":"""",""active"":true},{""city"":"""",""description"":"""",""label"":""SKG Thessaloniki"",""key"":""default"",""sortOrder"":9999,""address"":"""",""active"":true}],""bookingCanceledTriggerId"":"""",""defaultDeposit"":0,""operatingHoursLabel"":""08:00 - 22:00"",""companyPhone"":""+30 2310 000 000"",""companyAddress"":""Θεσσαλονίκη, Ελλάδα"",""_id"":""a5128991-cf12-4a62-bcde-64e77309b454"",""insuranceTermsBody"":""Η βασική κάλυψη αφορά την τυπική συμμετοχή του ενοικιαστή σύμφωνα με τους όρους της εταιρίας. Οι επιπλέον καλύψεις μειώνουν ή περιορίζουν την ευθύνη ανάλογα με το πρόγραμμα που θα επιλεγεί. Πριν από την τελική παράδοση του οχήματος, η ομάδα μας επιβεβαιώνει ξανά τις καλύψεις, τις εξαιρέσεις και το ύψος της συμμετοχής. Δεν καλύπτονται περιστατικά που προκύπτουν από παραβίαση του ΚΟΚ, οδήγηση υπό επήρεια, μη εξουσιοδοτημένο οδηγό, απώλεια κλειδιών ή εγγράφων και χρήση του οχήματος εκτός των συμφωνημένων όρων. Οι πληροφορίες της σελίδας έχουν ενημερωτικό χαρακτήρα και υπερισχύουν οι τελικοί όροι που επιβεβαιώνονται από την εταιρία πριν την παραλαβή."",""_owner"":""284e089f-48c1-4969-b018-a9add65901a8"",""_createdDate"":""2026-03-15T14:21:47.499Z"",""insuranceTermsIntro"":""Οι ασφαλιστικές επιλογές και οι σχετικοί όροι παρουσιάζονται με απλό τρόπο πριν από την ολοκλήρωση της κράτησης."",""insuranceDetailsTitle"":""Λεπτομέρειες ασφαλιστικών επιλογών"",""insuranceDetailsIntro"":""Παρακάτω βλέπεις συνοπτικά τις επιλογές κάλυψης που χρησιμοποιούνται στο front booking flow."",""insuranceDetailsBody"":""Το CDW αποτελεί τη βασική κάλυψη χωρίς επιπλέον ημερήσια χρέωση. Το SCDW μειώνει περαιτέρω την οικονομική έκθεση του οδηγού, ενώ το FULL παρέχει την πιο ενισχυμένη επιλογή προστασίας που εμφανίζεται στο backroom και στο booking flow. Για κάθε κράτηση, το τελικό πρόγραμμα ασφάλισης, οι χρεώσεις και οι εξαιρέσεις επιβεβαιώνονται από την ομάδα μας πριν από την παράδοση."",""rentalPrivacyBody"":""Τα προσωπικά δεδομένα χρησιμοποιούνται αποκλειστικά για την εξυπηρέτηση της κράτησης, την επικοινωνία με τον πελάτη και την εκπλήρωση νομικών ή φορολογικών υποχρεώσεων της εταιρίας. Για ειδικά αιτήματα, διορθώσεις στοιχείων ή απορίες σχετικά με την επεξεργασία δεδομένων, ο πελάτης μπορεί να επικοινωνεί με την εταιρία στα διαθέσιμα στοιχεία επικοινωνίας."",""nightStartHour"":22,""_updatedDate"":""2026-04-05T16:04:53.192Z"",""allowOverbooking"":true,""companyName"":""DIAMOND Rent A Car"",""insuranceTermsTitle"":""Όροι και λεπτομέρειες ασφαλειών"",""rentalTermsTitle"":""Όροι ενοικίασης και πολιτικές"",""companyCity"":""Thessaloniki"",""bookingConfirmedTriggerId"":"""",""currency"":""EUR"",""footerNote"":""Επαγγελματική εμπειρία ενοικίασης οχήματος με καθαρή ροή κράτησης, ξεκάθαρη τιμολόγηση και προσωπική επιβεβαίωση."",""title"":""Business settings"",""companyEmail"":""info@diamondrentacar.gr"",""companyTagline"":""Ενοικίαση οχημάτων στη Θεσσαλονίκη με καθαρή διαδικασία και γρήγορη επιβεβαίωση."",""rentalTermsBody"":""Η ενοικίαση ολοκληρώνεται μόνο μετά από επιβεβαίωση της διαθεσιμότητας από την εταιρία και έλεγχο των στοιχείων του οδηγού. Η εταιρία διατηρεί το δικαίωμα να προτείνει ισοδύναμο όχημα ίδιας ή ανώτερης κατηγορίας όταν αυτό απαιτηθεί από λειτουργικούς λόγους, χωρίς πρόσθετη χρέωση για τον πελάτη."",""vatRate"":24,""rentalRequirementsBody"":""Ο κύριος οδηγός οφείλει να διαθέτει ισχύουσα άδεια οδήγησης, ταυτότητα ή διαβατήριο και κάρτα ή άλλο μέσο πληρωμής αποδεκτό από την εταιρία. Ελάχιστη ηλικία, έτη κατοχής διπλώματος, εγγύηση και τυχόν επασφάλιστρα εξαρτώνται από την κατηγορία οχήματος και την τελική επιβεβαίωση της κράτησης."",""vehiclesPageDisplayMode"":""categories"",""enableTriggeredEmails"":false,""rentalPoliciesBody"":""Η πολιτική καυσίμου, οι ώρες παράδοσης και παραλαβής, οι χρεώσεις εκτός ωραρίου, οι ακυρώσεις, οι καθυστερήσεις και οι όροι επέκτασης της μίσθωσης επιβεβαιώνονται πριν την παράδοση. Τυχόν ζημιές, πρόστιμα, απώλειες εξοπλισμού ή χρήση του οχήματος κατά παράβαση των συμφωνημένων όρων βαρύνουν τον ενοικιαστή σύμφωνα με την τελική σύμβαση."",""active"":true,""afterHoursNotice"":""Για εξυπηρέτηση εκτός ωραρίου ισχύουν επιπλέον χρεώσεις.""}","ckatz1995@gmail.com","Nik nik",2026-04-05T16:04:53Z,2027-04-05T16:04:53Z
,"89630c10-274b-4644-9d19-01c2d998cfc3",2026-03-16T15:24:08Z,2026-03-16T15:24:08Z,"48ba7aa5-ed2b-43d2-bdd7-6596e6ec75a8","pricing.extra","snow_chains","pricing.update","Ενημέρωση extra service Αλυσίδες Χιονιού","{""description"":"""",""_id"":""d7f5c08f-3975-4744-85b1-a299b3c144a4"",""_owner"":""48ba7aa5-ed2b-43d2-bdd7-6596e6ec75a8"",""_createdDate"":""2026-03-16T15:21:51.480Z"",""billingMode"":""perBooking"",""price"":30,""publicVisible"":true,""label"":""Αλυσίδες Χιονιού"",""_updatedDate"":""2026-03-16T15:21:51.480Z"",""key"":""snow_chains"",""sortOrder"":9999,""title"":""Αλυσίδες Χιονιού"",""active"":true}","{""description"":"""",""_id"":""d7f5c08f-3975-4744-85b1-a299b3c144a4"",""_owner"":""48ba7aa5-ed2b-43d2-bdd7-6596e6ec75a8"",""_createdDate"":""2026-03-16T15:21:51.480Z"",""billingMode"":""perBooking"",""price"":30,""publicVisible"":true,""label"":""Αλυσίδες Χιονιού"",""_updatedDate"":""2026-03-16T15:24:08.020Z"",""key"":""snow_chains"",""sortOrder"":6,""title"":""Αλυσίδες Χιονιού"",""active"":true}","ckatz1995@gmail.com","Nik nik",2026-03-16T15:24:08Z,2027-03-16T15:24:08Z
,"89c6a4a9-a4b4-485d-bf8d-670067975c49",2026-05-16T08:04:27Z,2026-05-16T08:04:27Z,"ee6f533c-5006-4b8c-abb8-a82ea80908bf","staffAuth","ckatz1995@gmail.com","loginSuccess","Backroom login",,,"ckatz1995@gmail.com","Nik nik",2026-05-16T08:04:27Z,2027-05-16T08:04:27Z
,"8a07eeb7-c452-48db-8659-4d56e9a1f7c3",2026-04-04T12:58:09Z,2026-04-04T12:58:09Z,"4139a8c1-c961-498e-9512-465437a7bf6c","pricing.pickupLocation","hotel_delivery_pickup","pricing.update","Ενημέρωση τοποθεσία Παράδοση σε ξενοδοχείο","{""stationKey"":""default"",""description"":""Παράδοση / παραλαβή σε ξενοδοχείο εντός πόλης."",""_id"":""461e4bcb-abb9-415a-a47b-bb61c8011beb"",""_owner"":""284e089f-48c1-4969-b018-a9add65901a8"",""_createdDate"":""2026-03-15T22:56:27.549Z"",""mapUrl"":"""",""publicVisible"":true,""label"":""Παράδοση σε ξενοδοχείο"",""_updatedDate"":""2026-04-04T12:58:00.845Z"",""stationLabel"":""SKG Thessaloniki"",""key"":""hotel_delivery_pickup"",""extraFee"":25,""sortOrder"":50,""address"":""Θεσσαλονίκη"",""locationType"":""pickup"",""active"":true}","{""stationKey"":""default"",""description"":""Παράδοση / παραλαβή σε ξενοδοχείο εντός πόλης."",""_id"":""461e4bcb-abb9-415a-a47b-bb61c8011beb"",""_owner"":""284e089f-48c1-4969-b018-a9add65901a8"",""_createdDate"":""2026-03-15T22:56:27.549Z"",""mapUrl"":"""",""publicVisible"":true,""label"":""Παράδοση σε ξενοδοχείο"",""_updatedDate"":""2026-04-04T12:58:09.321Z"",""stationLabel"":""SKG Thessaloniki"",""key"":""hotel_delivery_pickup"",""extraFee"":25,""sortOrder"":50,""address"":""Θεσσαλονίκη"",""locationType"":""pickup"",""active"":true}","ckatz1995@gmail.com","Nik nik",2026-04-04T12:58:09Z,2027-04-04T12:58:09Z
,"8a5317a7-704b-4d00-9f05-6c3e469cdcfe",2026-03-30T12:27:28Z,2026-03-30T12:27:28Z,"48ba7aa5-ed2b-43d2-bdd7-6596e6ec75a8","staffAuth","ckatz1995@hotmail.gr","loginFailed","Unknown or inactive user",,,"ckatz1995@hotmail.gr","ckatz1995@hotmail.gr",2026-03-30T12:27:28Z,2027-03-30T12:27:28Z
,"8b19f568-695c-4a41-b89a-ed54c72a57b3",2026-04-04T12:29:36Z,2026-04-04T12:29:36Z,"4139a8c1-c961-498e-9512-465437a7bf6c","pricing.pickupLocation","ktel_thessaloniki_pickup","pricing.update","Ενημέρωση τοποθεσία ΚΤΕΛ Θεσσαλονίκης","{""description"":""Παραλαβή / παράδοση στον σταθμό ΚΤΕΛ."",""_id"":""4ad387f3-6096-4659-8b8a-1575019e0343"",""_owner"":""284e089f-48c1-4969-b018-a9add65901a8"",""_createdDate"":""2026-03-15T22:56:27.550Z"",""mapUrl"":"""",""publicVisible"":true,""label"":""ΚΤΕΛ Θεσσαλονίκης"",""_updatedDate"":""2026-03-22T10:01:56.324Z"",""key"":""ktel_thessaloniki_pickup"",""extraFee"":25,""sortOrder"":40,""address"":""Σταθμός ΚΤΕΛ Μακεδονία, Θεσσαλονίκη"",""locationType"":""pickup"",""active"":true}","{""description"":""Παραλαβή / παράδοση στον σταθμό ΚΤΕΛ."",""_id"":""4ad387f3-6096-4659-8b8a-1575019e0343"",""_owner"":""284e089f-48c1-4969-b018-a9add65901a8"",""_createdDate"":""2026-03-15T22:56:27.550Z"",""mapUrl"":"""",""publicVisible"":true,""label"":""ΚΤΕΛ Θεσσαλονίκης"",""_updatedDate"":""2026-04-04T12:29:35.840Z"",""key"":""ktel_thessaloniki_pickup"",""extraFee"":25,""sortOrder"":40,""address"":""Σταθμός ΚΤΕΛ Μακεδονία, Θεσσαλονίκη"",""locationType"":""pickup"",""active"":true,""stationKey"":""aa"",""stationLabel"":""a""}","ckatz1995@gmail.com","Nik nik",2026-04-04T12:29:36Z,2027-04-04T12:29:36Z
,"8b52b7d0-2c79-4f2a-87c2-e4b7ac644839",2026-04-04T12:29:14Z,2026-04-04T12:29:14Z,"4139a8c1-c961-498e-9512-465437a7bf6c","pricing.pickupLocation","thessaloniki_airport","pricing.update","Ενημέρωση τοποθεσία Αεροδρόμιο Θεσσαλονίκης","{""description"":""Παραλαβή / παράδοση στο αεροδρόμιο SKG."",""_id"":""8d8b21f6-6a1d-414f-b222-5557e8e41038"",""_owner"":""284e089f-48c1-4969-b018-a9add65901a8"",""_createdDate"":""2026-03-15T22:56:27.552Z"",""mapUrl"":"""",""publicVisible"":true,""label"":""Αεροδρόμιο Θεσσαλονίκης"",""_updatedDate"":""2026-04-04T10:36:05.443Z"",""key"":""thessaloniki_airport"",""extraFee"":0,""sortOrder"":10,""address"":""Κρατικός Αερολιμένας Θεσσαλονίκης Μακεδονία, Θεσσαλονίκη"",""locationType"":""both"",""active"":true}","{""description"":""Παραλαβή / παράδοση στο αεροδρόμιο SKG."",""_id"":""8d8b21f6-6a1d-414f-b222-5557e8e41038"",""_owner"":""284e089f-48c1-4969-b018-a9add65901a8"",""_createdDate"":""2026-03-15T22:56:27.552Z"",""mapUrl"":"""",""publicVisible"":true,""label"":""Αεροδρόμιο Θεσσαλονίκης"",""_updatedDate"":""2026-04-04T12:29:14.017Z"",""key"":""thessaloniki_airport"",""extraFee"":0,""sortOrder"":10,""address"":""Κρατικός Αερολιμένας Θεσσαλονίκης Μακεδονία, Θεσσαλονίκη"",""locationType"":""both"",""active"":true,""stationKey"":""a"",""stationLabel"":""a""}","ckatz1995@gmail.com","Nik nik",2026-04-04T12:29:14Z,2027-04-04T12:29:14Z
,"8bbd0d2a-7e8b-40d1-88ed-dcfb7c4f79f1",2026-04-05T10:05:32Z,2026-04-05T10:05:32Z,"48ba7aa5-ed2b-43d2-bdd7-6596e6ec75a8","staffAuth","ckatz1995@gmail.com","loginSuccess","Backroom login",,,"ckatz1995@gmail.com","Nik nik",2026-04-05T10:05:32Z,2027-04-05T10:05:32Z
,"8c756203-60db-4d5c-953e-de89bd938ba0",2026-03-15T14:27:41Z,2026-03-15T14:27:41Z,"4139a8c1-c961-498e-9512-465437a7bf6c","staffAuth","admin@diamondrentacar.gr","loginFailed","Wrong password",,,"admin@diamondrentacar.gr","Site Admin",2026-03-15T14:27:41Z,2027-03-15T14:27:41Z
,"8c958481-b767-494b-adb4-696f3e0fd6c4",2026-03-18T07:34:33Z,2026-03-18T07:34:33Z,"48ba7aa5-ed2b-43d2-bdd7-6596e6ec75a8","pricing.businessSettings","a5128991-cf12-4a62-bcde-64e77309b454","pricing.saveBusinessSettings","Ενημέρωση business settings","{""vehiclesPageModelsSource"":""fleet"",""rentalTermsIntro"":""Στην παρακάτω σελίδα συγκεντρώνονται βασικοί όροι, προϋποθέσεις και πολιτικές της ενοικίασης με μορφή εύκολη για ανάγνωση και ενημέρωση από το backroom."",""nightEndHour"":8,""bookingCanceledTriggerId"":"""",""defaultDeposit"":0,""companyPhone"":""+30 2310 000 000"",""companyAddress"":""Θεσσαλονίκη, Ελλάδα"",""_id"":""a5128991-cf12-4a62-bcde-64e77309b454"",""insuranceTermsBody"":""Η βασική κάλυψη αφορά την τυπική συμμετοχή του ενοικιαστή σύμφωνα με τους όρους της εταιρίας. Οι επιπλέον καλύψεις μειώνουν ή περιορίζουν την ευθύνη ανάλογα με το πρόγραμμα που θα επιλεγεί. Πριν από την τελική παράδοση του οχήματος, η ομάδα μας επιβεβαιώνει ξανά τις καλύψεις, τις εξαιρέσεις και το ύψος της συμμετοχής. Δεν καλύπτονται περιστατικά που προκύπτουν από παραβίαση του ΚΟΚ, οδήγηση υπό επήρεια, μη εξουσιοδοτημένο οδηγό, απώλεια κλειδιών ή εγγράφων και χρήση του οχήματος εκτός των συμφωνημένων όρων. Οι πληροφορίες της σελίδας έχουν ενημερωτικό χαρακτήρα και υπερισχύουν οι τελικοί όροι που επιβεβαιώνονται από την εταιρία πριν την παραλαβή."",""_owner"":""284e089f-48c1-4969-b018-a9add65901a8"",""_createdDate"":""2026-03-15T14:21:47.499Z"",""insuranceTermsIntro"":""Οι ασφαλιστικές επιλογές και οι σχετικοί όροι παρουσιάζονται με απλό τρόπο πριν από την ολοκλήρωση της κράτησης."",""insuranceDetailsTitle"":""Λεπτομέρειες ασφαλιστικών επιλογών"",""insuranceDetailsIntro"":""Παρακάτω βλέπεις συνοπτικά τις επιλογές κάλυψης που χρησιμοποιούνται στο front booking flow."",""insuranceDetailsBody"":""Το CDW αποτελεί τη βασική κάλυψη χωρίς επιπλέον ημερήσια χρέωση. Το SCDW μειώνει περαιτέρω την οικονομική έκθεση του οδηγού, ενώ το FULL παρέχει την πιο ενισχυμένη επιλογή προστασίας που εμφανίζεται στο backroom και στο booking flow. Για κάθε κράτηση, το τελικό πρόγραμμα ασφάλισης, οι χρεώσεις και οι εξαιρέσεις επιβεβαιώνονται από την ομάδα μας πριν από την παράδοση."",""rentalPrivacyBody"":""Τα προσωπικά δεδομένα χρησιμοποιούνται αποκλειστικά για την εξυπηρέτηση της κράτησης, την επικοινωνία με τον πελάτη και την εκπλήρωση νομικών ή φορολογικών υποχρεώσεων της εταιρίας. Για ειδικά αιτήματα, διορθώσεις στοιχείων ή απορίες σχετικά με την επεξεργασία δεδομένων, ο πελάτης μπορεί να επικοινωνεί με την εταιρία στα διαθέσιμα στοιχεία επικοινωνίας."",""nightStartHour"":22,""_updatedDate"":""2026-03-17T22:30:11.637Z"",""allowOverbooking"":true,""companyName"":""DIAMOND Rent A Car"",""insuranceTermsTitle"":""Όροι και λεπτομέρειες ασφαλειών"",""rentalTermsTitle"":""Όροι ενοικίασης και πολιτικές"",""companyCity"":""Thessaloniki"",""bookingConfirmedTriggerId"":"""",""currency"":""EUR"",""footerNote"":""Επαγγελματική εμπειρία ενοικίασης οχήματος με καθαρή ροή κράτησης, ξεκάθαρη τιμολόγηση και προσωπική επιβεβαίωση."",""title"":""Default business settings"",""companyEmail"":""info@diamondrentacar.gr"",""companyTagline"":""Ενοικίαση οχημάτων στη Θεσσαλονίκη με καθαρή διαδικασία και γρήγορη επιβεβαίωση."",""rentalTermsBody"":""Η ενοικίαση ολοκληρώνεται μόνο μετά από επιβεβαίωση της διαθεσιμότητας από την εταιρία και έλεγχο των στοιχείων του οδηγού. Η εταιρία διατηρεί το δικαίωμα να προτείνει ισοδύναμο όχημα ίδιας ή ανώτερης κατηγορίας όταν αυτό απαιτηθεί από λειτουργικούς λόγους, χωρίς πρόσθετη χρέωση για τον πελάτη."",""vatRate"":24,""rentalRequirementsBody"":""Ο κύριος οδηγός οφείλει να διαθέτει ισχύουσα άδεια οδήγησης, ταυτότητα ή διαβατήριο και κάρτα ή άλλο μέσο πληρωμής αποδεκτό από την εταιρία. Ελάχιστη ηλικία, έτη κατοχής διπλώματος, εγγύηση και τυχόν επασφάλιστρα εξαρτώνται από την κατηγορία οχήματος και την τελική επιβεβαίωση της κράτησης."",""vehiclesPageDisplayMode"":""categories"",""enableTriggeredEmails"":false,""rentalPoliciesBody"":""Η πολιτική καυσίμου, οι ώρες παράδοσης και παραλαβής, οι χρεώσεις εκτός ωραρίου, οι ακυρώσεις, οι καθυστερήσεις και οι όροι επέκτασης της μίσθωσης επιβεβαιώνονται πριν την παράδοση. Τυχόν ζημιές, πρόστιμα, απώλειες εξοπλισμού ή χρήση του οχήματος κατά παράβαση των συμφωνημένων όρων βαρύνουν τον ενοικιαστή σύμφωνα με την τελική σύμβαση."",""active"":true}","{""vehiclesPageModelsSource"":""vehicles"",""rentalTermsIntro"":""Στην παρακάτω σελίδα συγκεντρώνονται βασικοί όροι, προϋποθέσεις και πολιτικές της ενοικίασης με μορφή εύκολη για ανάγνωση και ενημέρωση από το backroom."",""nightEndHour"":8,""bookingCanceledTriggerId"":"""",""defaultDeposit"":0,""companyPhone"":""+30 2310 000 000"",""companyAddress"":""Θεσσαλονίκη, Ελλάδα"",""_id"":""a5128991-cf12-4a62-bcde-64e77309b454"",""insuranceTermsBody"":""Η βασική κάλυψη αφορά την τυπική συμμετοχή του ενοικιαστή σύμφωνα με τους όρους της εταιρίας. Οι επιπλέον καλύψεις μειώνουν ή περιορίζουν την ευθύνη ανάλογα με το πρόγραμμα που θα επιλεγεί. Πριν από την τελική παράδοση του οχήματος, η ομάδα μας επιβεβαιώνει ξανά τις καλύψεις, τις εξαιρέσεις και το ύψος της συμμετοχής. Δεν καλύπτονται περιστατικά που προκύπτουν από παραβίαση του ΚΟΚ, οδήγηση υπό επήρεια, μη εξουσιοδοτημένο οδηγό, απώλεια κλειδιών ή εγγράφων και χρήση του οχήματος εκτός των συμφωνημένων όρων. Οι πληροφορίες της σελίδας έχουν ενημερωτικό χαρακτήρα και υπερισχύουν οι τελικοί όροι που επιβεβαιώνονται από την εταιρία πριν την παραλαβή."",""_owner"":""284e089f-48c1-4969-b018-a9add65901a8"",""_createdDate"":""2026-03-15T14:21:47.499Z"",""insuranceTermsIntro"":""Οι ασφαλιστικές επιλογές και οι σχετικοί όροι παρουσιάζονται με απλό τρόπο πριν από την ολοκλήρωση της κράτησης."",""insuranceDetailsTitle"":""Λεπτομέρειες ασφαλιστικών επιλογών"",""insuranceDetailsIntro"":""Παρακάτω βλέπεις συνοπτικά τις επιλογές κάλυψης που χρησιμοποιούνται στο front booking flow."",""insuranceDetailsBody"":""Το CDW αποτελεί τη βασική κάλυψη χωρίς επιπλέον ημερήσια χρέωση. Το SCDW μειώνει περαιτέρω την οικονομική έκθεση του οδηγού, ενώ το FULL παρέχει την πιο ενισχυμένη επιλογή προστασίας που εμφανίζεται στο backroom και στο booking flow. Για κάθε κράτηση, το τελικό πρόγραμμα ασφάλισης, οι χρεώσεις και οι εξαιρέσεις επιβεβαιώνονται από την ομάδα μας πριν από την παράδοση."",""rentalPrivacyBody"":""Τα προσωπικά δεδομένα χρησιμοποιούνται αποκλειστικά για την εξυπηρέτηση της κράτησης, την επικοινωνία με τον πελάτη και την εκπλήρωση νομικών ή φορολογικών υποχρεώσεων της εταιρίας. Για ειδικά αιτήματα, διορθώσεις στοιχείων ή απορίες σχετικά με την επεξεργασία δεδομένων, ο πελάτης μπορεί να επικοινωνεί με την εταιρία στα διαθέσιμα στοιχεία επικοινωνίας."",""nightStartHour"":22,""_updatedDate"":""2026-03-18T07:34:33.777Z"",""allowOverbooking"":true,""companyName"":""DIAMOND Rent A Car"",""insuranceTermsTitle"":""Όροι και λεπτομέρειες ασφαλειών"",""rentalTermsTitle"":""Όροι ενοικίασης και πολιτικές"",""companyCity"":""Thessaloniki"",""bookingConfirmedTriggerId"":"""",""currency"":""EUR"",""footerNote"":""Επαγγελματική εμπειρία ενοικίασης οχήματος με καθαρή ροή κράτησης, ξεκάθαρη τιμολόγηση και προσωπική επιβεβαίωση."",""title"":""Default business settings"",""companyEmail"":""info@diamondrentacar.gr"",""companyTagline"":""Ενοικίαση οχημάτων στη Θεσσαλονίκη με καθαρή διαδικασία και γρήγορη επιβεβαίωση."",""rentalTermsBody"":""Η ενοικίαση ολοκληρώνεται μόνο μετά από επιβεβαίωση της διαθεσιμότητας από την εταιρία και έλεγχο των στοιχείων του οδηγού. Η εταιρία διατηρεί το δικαίωμα να προτείνει ισοδύναμο όχημα ίδιας ή ανώτερης κατηγορίας όταν αυτό απαιτηθεί από λειτουργικούς λόγους, χωρίς πρόσθετη χρέωση για τον πελάτη."",""vatRate"":24,""rentalRequirementsBody"":""Ο κύριος οδηγός οφείλει να διαθέτει ισχύουσα άδεια οδήγησης, ταυτότητα ή διαβατήριο και κάρτα ή άλλο μέσο πληρωμής αποδεκτό από την εταιρία. Ελάχιστη ηλικία, έτη κατοχής διπλώματος, εγγύηση και τυχόν επασφάλιστρα εξαρτώνται από την κατηγορία οχήματος και την τελική επιβεβαίωση της κράτησης."",""vehiclesPageDisplayMode"":""categories"",""enableTriggeredEmails"":false,""rentalPoliciesBody"":""Η πολιτική καυσίμου, οι ώρες παράδοσης και παραλαβής, οι χρεώσεις εκτός ωραρίου, οι ακυρώσεις, οι καθυστερήσεις και οι όροι επέκτασης της μίσθωσης επιβεβαιώνονται πριν την παράδοση. Τυχόν ζημιές, πρόστιμα, απώλειες εξοπλισμού ή χρήση του οχήματος κατά παράβαση των συμφωνημένων όρων βαρύνουν τον ενοικιαστή σύμφωνα με την τελική σύμβαση."",""active"":true}","ckatz1995@gmail.com","Nik nik",2026-03-18T07:34:33Z,2027-03-18T07:34:33Z
,"8fd8ad37-88c0-4b9a-9cf6-7d9bdf775ac0",2026-04-04T12:58:50Z,2026-04-04T12:58:50Z,"4139a8c1-c961-498e-9512-465437a7bf6c","pricing.pickupLocation","ose_thessaloniki_dropoff","pricing.update","Ενημέρωση τοποθεσία ΟΣΕ Θεσσαλονίκης","{""stationKey"":""a"",""description"":"""",""_id"":""bf373ce6-0161-4c0f-93e9-d8e376a2fe24"",""_owner"":""4139a8c1-c961-498e-9512-465437a7bf6c"",""_createdDate"":""2026-03-22T10:08:44.196Z"",""mapUrl"":"""",""publicVisible"":true,""label"":""ΟΣΕ Θεσσαλονίκης Copy"",""_updatedDate"":""2026-04-04T12:31:24.796Z"",""stationLabel"":""a"",""key"":""ose_thessaloniki_dropoff"",""extraFee"":25,""sortOrder"":70,""address"":""Σιδηροδρομικός Σταθμός Θεσσαλονίκης"",""locationType"":""dropoff"",""active"":true}","{""stationKey"":""default"",""description"":"""",""_id"":""bf373ce6-0161-4c0f-93e9-d8e376a2fe24"",""_owner"":""4139a8c1-c961-498e-9512-465437a7bf6c"",""_createdDate"":""2026-03-22T10:08:44.196Z"",""mapUrl"":"""",""publicVisible"":true,""label"":""ΟΣΕ Θεσσαλονίκης"",""_updatedDate"":""2026-04-04T12:58:50.455Z"",""stationLabel"":""SKG Thessaloniki"",""key"":""ose_thessaloniki_dropoff"",""extraFee"":25,""sortOrder"":70,""address"":""Σιδηροδρομικός Σταθμός Θεσσαλονίκης"",""locationType"":""dropoff"",""active"":true}","ckatz1995@gmail.com","Nik nik",2026-04-04T12:58:50Z,2027-04-04T12:58:50Z
,"916625d5-d8f2-412c-8a11-e0e44b504168",2026-03-26T12:58:47Z,2026-03-26T12:58:47Z,"48ba7aa5-ed2b-43d2-bdd7-6596e6ec75a8","staffAuth","ckatz1995@gmail.com","loginSuccess","Backroom login",,,"ckatz1995@gmail.com","Nik nik",2026-03-26T12:58:47Z,2027-03-26T12:58:47Z
,"921ef636-d121-47d9-a1a2-2ffb0188c28a",2026-03-16T15:25:12Z,2026-03-16T15:25:12Z,"48ba7aa5-ed2b-43d2-bdd7-6596e6ec75a8","pricing.extra","thirddriver","pricing.update","Ενημέρωση extra service Τρίτος οδηγός","{""description"":"""",""_id"":""58c0ff56-91dd-446a-80c4-10f9b855bb62"",""_owner"":""4139a8c1-c961-498e-9512-465437a7bf6c"",""_createdDate"":""2026-03-15T17:21:24.976Z"",""billingMode"":""perDay"",""price"":5,""publicVisible"":true,""label"":""Τρίτος οδηγός"",""_updatedDate"":""2026-03-16T15:24:50.878Z"",""key"":""seconddriver"",""sortOrder"":4,""title"":""Τρίτος οδηγός"",""active"":true}","{""description"":"""",""_id"":""58c0ff56-91dd-446a-80c4-10f9b855bb62"",""_owner"":""4139a8c1-c961-498e-9512-465437a7bf6c"",""_createdDate"":""2026-03-15T17:21:24.976Z"",""billingMode"":""perDay"",""price"":5,""publicVisible"":true,""label"":""Τρίτος οδηγός"",""_updatedDate"":""2026-03-16T15:25:12.381Z"",""key"":""thirddriver"",""sortOrder"":4,""title"":""Τρίτος οδηγός"",""active"":true}","ckatz1995@gmail.com","Nik nik",2026-03-16T15:25:12Z,2027-03-16T15:25:12Z
,"9373cdda-cc08-434c-af7f-a8865d65230e",2026-03-16T14:55:14Z,2026-03-16T14:55:14Z,"48ba7aa5-ed2b-43d2-bdd7-6596e6ec75a8","pricing.businessSettings","a5128991-cf12-4a62-bcde-64e77309b454","pricing.saveBusinessSettings","Ενημέρωση business settings","{""nightEndHour"":8,""defaultDeposit"":0,""companyPhone"":""+30 2310 000 001"",""companyAddress"":""Θεσσαλονίκη, Ελλάδα"",""_id"":""a5128991-cf12-4a62-bcde-64e77309b454"",""insuranceTermsBody"":""Η βασική κάλυψη αφορά την τυπική συμμετοχή του ενοικιαστή σύμφωνα με τους όρους της εταιρίας. Οι επιπλέον καλύψεις μειώνουν ή περιορίζουν την ευθύνη ανάλογα με το πρόγραμμα που θα επιλεγεί. Πριν από την τελική παράδοση του οχήματος, η ομάδα μας επιβεβαιώνει ξανά τις καλύψεις, τις εξαιρέσεις και το ύψος της συμμετοχής. Δεν καλύπτονται περιστατικά που προκύπτουν από παραβίαση του ΚΟΚ, οδήγηση υπό επήρεια, μη εξουσιοδοτημένο οδηγό, απώλεια κλειδιών ή εγγράφων και χρήση του οχήματος εκτός των συμφωνημένων όρων. Οι πληροφορίες της σελίδας έχουν ενημερωτικό χαρακτήρα και υπερισχύουν οι τελικοί όροι που επιβεβαιώνονται από την εταιρία πριν την παραλαβή."",""_owner"":""284e089f-48c1-4969-b018-a9add65901a8"",""_createdDate"":""2026-03-15T14:21:47.499Z"",""insuranceTermsIntro"":""Οι ασφαλιστικές επιλογές και οι σχετικοί όροι παρουσιάζονται με απλό τρόπο πριν από την ολοκλήρωση της κράτησης."",""insuranceDetailsTitle"":""Λεπτομέρειες ασφαλιστικών επιλογών"",""insuranceDetailsIntro"":""Παρακάτω βλέπεις συνοπτικά τις επιλογές κάλυψης που χρησιμοποιούνται στο front booking flow."",""insuranceDetailsBody"":""Το CDW αποτελεί τη βασική κάλυψη χωρίς επιπλέον ημερήσια χρέωση. Το SCDW μειώνει περαιτέρω την οικονομική έκθεση του οδηγού, ενώ το FULL παρέχει την πιο ενισχυμένη επιλογή προστασίας που εμφανίζεται στο backroom και στο booking flow. Για κάθε κράτηση, το τελικό πρόγραμμα ασφάλισης, οι χρεώσεις και οι εξαιρέσεις επιβεβαιώνονται από την ομάδα μας πριν από την παράδοση."",""nightStartHour"":22,""_updatedDate"":""2026-03-16T14:55:06.578Z"",""companyName"":""DIAMOND Rent A Car 1"",""insuranceTermsTitle"":""Όροι και λεπτομέρειες ασφαλειών"",""companyCity"":""Thessaloniki"",""currency"":""EUR"",""footerNote"":""Επαγγελματική εμπειρία ενοικίασης οχήματος με καθαρή ροή κράτησης, ξεκάθαρη τιμολόγηση και προσωπική επιβεβαίωση."",""title"":""Default business settings"",""companyEmail"":""info@diamondrentacar.gr"",""companyTagline"":""Ενοικίαση οχημάτων στη Θεσσαλονίκη με καθαρή διαδικασία και γρήγορη επιβεβαίωση."",""vatRate"":24,""active"":true}","{""nightEndHour"":8,""defaultDeposit"":0,""companyPhone"":""+30 2310 000 001"",""companyAddress"":""Θεσσαλονίκη, Ελλάδα"",""_id"":""a5128991-cf12-4a62-bcde-64e77309b454"",""insuranceTermsBody"":""Η βασική κάλυψη αφορά την τυπική συμμετοχή του ενοικιαστή σύμφωνα με τους όρους της εταιρίας. Οι επιπλέον καλύψεις μειώνουν ή περιορίζουν την ευθύνη ανάλογα με το πρόγραμμα που θα επιλεγεί. Πριν από την τελική παράδοση του οχήματος, η ομάδα μας επιβεβαιώνει ξανά τις καλύψεις, τις εξαιρέσεις και το ύψος της συμμετοχής. Δεν καλύπτονται περιστατικά που προκύπτουν από παραβίαση του ΚΟΚ, οδήγηση υπό επήρεια, μη εξουσιοδοτημένο οδηγό, απώλεια κλειδιών ή εγγράφων και χρήση του οχήματος εκτός των συμφωνημένων όρων. Οι πληροφορίες της σελίδας έχουν ενημερωτικό χαρακτήρα και υπερισχύουν οι τελικοί όροι που επιβεβαιώνονται από την εταιρία πριν την παραλαβή."",""_owner"":""284e089f-48c1-4969-b018-a9add65901a8"",""_createdDate"":""2026-03-15T14:21:47.499Z"",""insuranceTermsIntro"":""Οι ασφαλιστικές επιλογές και οι σχετικοί όροι παρουσιάζονται με απλό τρόπο πριν από την ολοκλήρωση της κράτησης."",""insuranceDetailsTitle"":""Λεπτομέρειες ασφαλιστικών επιλογών"",""insuranceDetailsIntro"":""Παρακάτω βλέπεις συνοπτικά τις επιλογές κάλυψης που χρησιμοποιούνται στο front booking flow."",""insuranceDetailsBody"":""Το CDW αποτελεί τη βασική κάλυψη χωρίς επιπλέον ημερήσια χρέωση. Το SCDW μειώνει περαιτέρω την οικονομική έκθεση του οδηγού, ενώ το FULL παρέχει την πιο ενισχυμένη επιλογή προστασίας που εμφανίζεται στο backroom και στο booking flow. Για κάθε κράτηση, το τελικό πρόγραμμα ασφάλισης, οι χρεώσεις και οι εξαιρέσεις επιβεβαιώνονται από την ομάδα μας πριν από την παράδοση."",""nightStartHour"":22,""_updatedDate"":""2026-03-16T14:55:13.909Z"",""companyName"":""DIAMOND Rent A Car 1"",""insuranceTermsTitle"":""Όροι και λεπτομέρειες ασφαλειών"",""companyCity"":""Thessaloniki"",""currency"":""EUR"",""footerNote"":""Επαγγελματική εμπειρία ενοικίασης οχήματος με καθαρή ροή κράτησης, ξεκάθαρη τιμολόγηση και προσωπική επιβεβαίωση."",""title"":""Default business settings"",""companyEmail"":""info@diamondrentacar.gr"",""companyTagline"":""Ενοικίαση οχημάτων στη Θεσσαλονίκη με καθαρή διαδικασία και γρήγορη επιβεβαίωση."",""vatRate"":24,""active"":true}","ckatz1995@gmail.com","Nik nik",2026-03-16T14:55:14Z,2027-03-16T14:55:14Z
,"94853c20-1726-4813-8f5f-7ee0e547b111",2026-03-22T13:45:53Z,2026-03-22T13:45:53Z,"4139a8c1-c961-498e-9512-465437a7bf6c","staffAuth","ckatz1995@gmail.com","logout","Backroom logout",,,"ckatz1995@gmail.com","Nik nik",2026-03-22T13:45:53Z,2027-03-22T13:45:53Z
,"956fd160-8640-4729-b6b2-9e533ee2209c",2026-03-15T17:21:15Z,2026-03-15T17:21:15Z,"4139a8c1-c961-498e-9512-465437a7bf6c","pricing.ExtraServices","seconddriver","pricing.delete","Διαγραφή pricing item Δεύτερος οδηγός","{""description"":"""",""_id"":""33dfe400-e1e7-4c65-a074-8943a1776da0"",""_owner"":""4139a8c1-c961-498e-9512-465437a7bf6c"",""_createdDate"":""2026-03-15T16:55:50.492Z"",""billingMode"":""perDay"",""price"":7,""publicVisible"":true,""label"":""Δεύτερος οδηγός"",""_updatedDate"":""2026-03-15T17:07:24.807Z"",""key"":""seconddriver"",""sortOrder"":4,""title"":""Δεύτερος οδηγός"",""active"":true}",,"ckatz1995@gmail.com","Nik nik",2026-03-15T17:21:15Z,2027-03-15T17:21:15Z
,"95ddad12-81e3-4f55-8578-8a4e78d42dea",2026-04-04T12:31:04Z,2026-04-04T12:31:04Z,"4139a8c1-c961-498e-9512-465437a7bf6c","pricing.pickupLocation","port_thessaloniki_pickup","pricing.update","Ενημέρωση τοποθεσία Λιμάνι Θεσσαλονίκης","{""description"":"""",""_id"":""cf72043c-8104-4b28-9853-29863c8de94d"",""_owner"":""4139a8c1-c961-498e-9512-465437a7bf6c"",""_createdDate"":""2026-03-16T07:41:24.090Z"",""mapUrl"":"""",""publicVisible"":true,""label"":""Λιμάνι Θεσσαλονίκης"",""_updatedDate"":""2026-03-22T10:02:42.647Z"",""key"":""port_thessaloniki_pickup"",""extraFee"":25,""sortOrder"":60,""address"":""Λιμάνι Θεσσαλονίκης"",""locationType"":""pickup"",""active"":true}","{""description"":"""",""_id"":""cf72043c-8104-4b28-9853-29863c8de94d"",""_owner"":""4139a8c1-c961-498e-9512-465437a7bf6c"",""_createdDate"":""2026-03-16T07:41:24.090Z"",""mapUrl"":"""",""publicVisible"":true,""label"":""Λιμάνι Θεσσαλονίκης"",""_updatedDate"":""2026-04-04T12:31:04.244Z"",""key"":""port_thessaloniki_pickup"",""extraFee"":25,""sortOrder"":60,""address"":""Λιμάνι Θεσσαλονίκης"",""locationType"":""pickup"",""active"":true,""stationKey"":""a"",""stationLabel"":""a""}","ckatz1995@gmail.com","Nik nik",2026-04-04T12:31:04Z,2027-04-04T12:31:04Z
,"963f1852-dea5-4362-8791-ba44ae618bd4",2026-03-16T09:53:33Z,2026-03-16T09:53:33Z,"4139a8c1-c961-498e-9512-465437a7bf6c","pricing.pickupLocation","city_center_office_pickup","pricing.update","Ενημέρωση τοποθεσία Κέντρο Θεσσαλονίκης","{""description"":""Παραλαβή / παράδοση από το κεντρικό σημείο εξυπηρέτησης."",""_id"":""76292b47-aa70-4389-8f31-b37aed9d374b"",""_owner"":""4139a8c1-c961-498e-9512-465437a7bf6c"",""_createdDate"":""2026-03-16T07:43:52.892Z"",""mapUrl"":"""",""publicVisible"":true,""label"":""Κέντρο Θεσσαλονίκης"",""_updatedDate"":""2026-03-16T07:48:08.096Z"",""key"":""city_center_office_pickup"",""extraFee"":15,""sortOrder"":20,""address"":""Θεσσαλονίκη, Κέντρο"",""locationType"":""pickup"",""active"":true}","{""description"":""Παραλαβή / παράδοση από το κεντρικό σημείο εξυπηρέτησης."",""_id"":""76292b47-aa70-4389-8f31-b37aed9d374b"",""_owner"":""4139a8c1-c961-498e-9512-465437a7bf6c"",""_createdDate"":""2026-03-16T07:43:52.892Z"",""mapUrl"":"""",""publicVisible"":true,""label"":""Κέντρο Θεσσαλονίκης"",""_updatedDate"":""2026-03-16T09:53:33.272Z"",""key"":""city_center_office_pickup"",""extraFee"":25,""sortOrder"":20,""address"":""Θεσσαλονίκη, Κέντρο"",""locationType"":""pickup"",""active"":true}","ckatz1995@gmail.com","Nik nik",2026-03-16T09:53:33Z,2027-03-16T09:53:33Z
,"96f7622c-01af-4729-89c2-721b509ae779",2026-04-04T12:55:12Z,2026-04-04T12:55:12Z,"4139a8c1-c961-498e-9512-465437a7bf6c","pricing.businessSettings","a5128991-cf12-4a62-bcde-64e77309b454","pricing.saveBusinessSettings","Ενημέρωση business settings","{""stationSettings"":{""ath"":{""vehiclesPageModelsSource"":""fleet"",""rentalTermsIntro"":""Στην παρακάτω σελίδα συγκεντρώνονται βασικοί όροι, προϋποθέσεις και πολιτικές της ενοικίασης με μορφή εύκολη για ανάγνωση και ενημέρωση από το backroom."",""nightEndHour"":8,""stationProfiles"":[{""key"":""default"",""label"":""Κεντρικός σταθμός"",""description"":""""},{""key"":""ath"",""label"":""ATH Athens"",""description"":""""}],""bookingCanceledTriggerId"":"""",""defaultDeposit"":0,""operatingHoursLabel"":""08:00 - 22:00"",""companyPhone"":""+30 2310 000 000"",""companyAddress"":""Θεσσαλονίκη, Ελλάδα"",""insuranceTermsBody"":""Η βασική κάλυψη αφορά την τυπική συμμετοχή του ενοικιαστή σύμφωνα με τους όρους της εταιρίας. Οι επιπλέον καλύψεις μειώνουν ή περιορίζουν την ευθύνη ανάλογα με το πρόγραμμα που θα επιλεγεί. Πριν από την τελική παράδοση του οχήματος, η ομάδα μας επιβεβαιώνει ξανά τις καλύψεις, τις εξαιρέσεις και το ύψος της συμμετοχής. Δεν καλύπτονται περιστατικά που προκύπτουν από παραβίαση του ΚΟΚ, οδήγηση υπό επήρεια, μη εξουσιοδοτημένο οδηγό, απώλεια κλειδιών ή εγγράφων και χρήση του οχήματος εκτός των συμφωνημένων όρων. Οι πληροφορίες της σελίδας έχουν ενημερωτικό χαρακτήρα και υπερισχύουν οι τελικοί όροι που επιβεβαιώνονται από την εταιρία πριν την παραλαβή."",""insuranceTermsIntro"":""Οι ασφαλιστικές επιλογές και οι σχετικοί όροι παρουσιάζονται με απλό τρόπο πριν από την ολοκλήρωση της κράτησης."",""insuranceDetailsTitle"":""Λεπτομέρειες ασφαλιστικών επιλογών"",""insuranceDetailsIntro"":""Παρακάτω βλέπεις συνοπτικά τις επιλογές κάλυψης που χρησιμοποιούνται στο front booking flow."",""insuranceDetailsBody"":""Το CDW αποτελεί τη βασική κάλυψη χωρίς επιπλέον ημερήσια χρέωση. Το SCDW μειώνει περαιτέρω την οικονομική έκθεση του οδηγού, ενώ το FULL παρέχει την πιο ενισχυμένη επιλογή προστασίας που εμφανίζεται στο backroom και στο booking flow. Για κάθε κράτηση, το τελικό πρόγραμμα ασφάλισης, οι χρεώσεις και οι εξαιρέσεις επιβεβαιώνονται από την ομάδα μας πριν από την παράδοση."",""rentalPrivacyBody"":""Τα προσωπικά δεδομένα χρησιμοποιούνται αποκλειστικά για την εξυπηρέτηση της κράτησης, την επικοινωνία με τον πελάτη και την εκπλήρωση νομικών ή φορολογικών υποχρεώσεων της εταιρίας. Για ειδικά αιτήματα, διορθώσεις στοιχείων ή απορίες σχετικά με την επεξεργασία δεδομένων, ο πελάτης μπορεί να επικοινωνεί με την εταιρία στα διαθέσιμα στοιχεία επικοινωνίας."",""nightStartHour"":22,""allowOverbooking"":true,""companyName"":""DIAMOND Rent A Car"",""insuranceTermsTitle"":""Όροι και λεπτομέρειες ασφαλειών"",""rentalTermsTitle"":""Όροι ενοικίασης και πολιτικές"",""companyCity"":""Thessaloniki"",""bookingConfirmedTriggerId"":"""",""currency"":""EUR"",""footerNote"":""Επαγγελματική εμπειρία ενοικίασης οχήματος με καθαρή ροή κράτησης, ξεκάθαρη τιμολόγηση και προσωπική επιβεβαίωση."",""title"":""Business settings"",""companyEmail"":""info@diamondrentacar.gr"",""companyTagline"":""Ενοικίαση οχημάτων στη Θεσσαλονίκη με καθαρή διαδικασία και γρήγορη επιβεβαίωση."",""rentalTermsBody"":""Η ενοικίαση ολοκληρώνεται μόνο μετά από επιβεβαίωση της διαθεσιμότητας από την εταιρία και έλεγχο των στοιχείων του οδηγού. Η εταιρία διατηρεί το δικαίωμα να προτείνει ισοδύναμο όχημα ίδιας ή ανώτερης κατηγορίας όταν αυτό απαιτηθεί από λειτουργικούς λόγους, χωρίς πρόσθετη χρέωση για τον πελάτη."",""vatRate"":24,""rentalRequirementsBody"":""Ο κύριος οδηγός οφείλει να διαθέτει ισχύουσα άδεια οδήγησης, ταυτότητα ή διαβατήριο και κάρτα ή άλλο μέσο πληρωμής αποδεκτό από την εταιρία. Ελάχιστη ηλικία, έτη κατοχής διπλώματος, εγγύηση και τυχόν επασφάλιστρα εξαρτώνται από την κατηγορία οχήματος και την τελική επιβεβαίωση της κράτησης."",""vehiclesPageDisplayMode"":""categories"",""enableTriggeredEmails"":false,""rentalPoliciesBody"":""Η πολιτική καυσίμου, οι ώρες παράδοσης και παραλαβής, οι χρεώσεις εκτός ωραρίου, οι ακυρώσεις, οι καθυστερήσεις και οι όροι επέκτασης της μίσθωσης επιβεβαιώνονται πριν την παράδοση. Τυχόν ζημιές, πρόστιμα, απώλειες εξοπλισμού ή χρήση του οχήματος κατά παράβαση των συμφωνημένων όρων βαρύνουν τον ενοικιαστή σύμφωνα με την τελική σύμβαση."",""active"":true,""afterHoursNotice"":""Για εξυπηρέτηση εκτός ωραρίου ισχύουν επιπλέον χρεώσεις.""},""skg"":{""vehiclesPageModelsSource"":""fleet"",""rentalTermsIntro"":""Στην παρακάτω σελίδα συγκεντρώνονται βασικοί όροι, προϋποθέσεις και πολιτικές της ενοικίασης με μορφή εύκολη για ανάγνωση και ενημέρωση από το backroom."",""nightEndHour"":8,""stationProfiles"":[{""key"":""a"",""label"":""a"",""description"":""""},{""key"":""ath"",""label"":""ATH Athens"",""description"":""""},{""key"":""skg"",""label"":""SKG Thessaoniki"",""description"":""""}],""bookingCanceledTriggerId"":"""",""defaultDeposit"":0,""operatingHoursLabel"":""08:00 - 22:00"",""companyPhone"":""+30 2310 000 000"",""companyAddress"":""Θεσσαλονίκη, Ελλάδα"",""insuranceTermsBody"":""Η βασική κάλυψη αφορά την τυπική συμμετοχή του ενοικιαστή σύμφωνα με τους όρους της εταιρίας. Οι επιπλέον καλύψεις μειώνουν ή περιορίζουν την ευθύνη ανάλογα με το πρόγραμμα που θα επιλεγεί. Πριν από την τελική παράδοση του οχήματος, η ομάδα μας επιβεβαιώνει ξανά τις καλύψεις, τις εξαιρέσεις και το ύψος της συμμετοχής. Δεν καλύπτονται περιστατικά που προκύπτουν από παραβίαση του ΚΟΚ, οδήγηση υπό επήρεια, μη εξουσιοδοτημένο οδηγό, απώλεια κλειδιών ή εγγράφων και χρήση του οχήματος εκτός των συμφωνημένων όρων. Οι πληροφορίες της σελίδας έχουν ενημερωτικό χαρακτήρα και υπερισχύουν οι τελικοί όροι που επιβεβαιώνονται από την εταιρία πριν την παραλαβή."",""insuranceTermsIntro"":""Οι ασφαλιστικές επιλογές και οι σχετικοί όροι παρουσιάζονται με απλό τρόπο πριν από την ολοκλήρωση της κράτησης."",""insuranceDetailsTitle"":""Λεπτομέρειες ασφαλιστικών επιλογών"",""insuranceDetailsIntro"":""Παρακάτω βλέπεις συνοπτικά τις επιλογές κάλυψης που χρησιμοποιούνται στο front booking flow."",""insuranceDetailsBody"":""Το CDW αποτελεί τη βασική κάλυψη χωρίς επιπλέον ημερήσια χρέωση. Το SCDW μειώνει περαιτέρω την οικονομική έκθεση του οδηγού, ενώ το FULL παρέχει την πιο ενισχυμένη επιλογή προστασίας που εμφανίζεται στο backroom και στο booking flow. Για κάθε κράτηση, το τελικό πρόγραμμα ασφάλισης, οι χρεώσεις και οι εξαιρέσεις επιβεβαιώνονται από την ομάδα μας πριν από την παράδοση."",""rentalPrivacyBody"":""Τα προσωπικά δεδομένα χρησιμοποιούνται αποκλειστικά για την εξυπηρέτηση της κράτησης, την επικοινωνία με τον πελάτη και την εκπλήρωση νομικών ή φορολογικών υποχρεώσεων της εταιρίας. Για ειδικά αιτήματα, διορθώσεις στοιχείων ή απορίες σχετικά με την επεξεργασία δεδομένων, ο πελάτης μπορεί να επικοινωνεί με την εταιρία στα διαθέσιμα στοιχεία επικοινωνίας."",""nightStartHour"":22,""allowOverbooking"":true,""companyName"":""DIAMOND Rent A Car"",""insuranceTermsTitle"":""Όροι και λεπτομέρειες ασφαλειών"",""rentalTermsTitle"":""Όροι ενοικίασης και πολιτικές"",""companyCity"":""Thessaloniki"",""bookingConfirmedTriggerId"":"""",""currency"":""EUR"",""footerNote"":""Επαγγελματική εμπειρία ενοικίασης οχήματος με καθαρή ροή κράτησης, ξεκάθαρη τιμολόγηση και προσωπική επιβεβαίωση."",""title"":""Business settings"",""companyEmail"":""info@diamondrentacar.gr"",""companyTagline"":""Ενοικίαση οχημάτων στη Θεσσαλονίκη με καθαρή διαδικασία και γρήγορη επιβεβαίωση."",""rentalTermsBody"":""Η ενοικίαση ολοκληρώνεται μόνο μετά από επιβεβαίωση της διαθεσιμότητας από την εταιρία και έλεγχο των στοιχείων του οδηγού. Η εταιρία διατηρεί το δικαίωμα να προτείνει ισοδύναμο όχημα ίδιας ή ανώτερης κατηγορίας όταν αυτό απαιτηθεί από λειτουργικούς λόγους, χωρίς πρόσθετη χρέωση για τον πελάτη."",""vatRate"":24,""rentalRequirementsBody"":""Ο κύριος οδηγός οφείλει να διαθέτει ισχύουσα άδεια οδήγησης, ταυτότητα ή διαβατήριο και κάρτα ή άλλο μέσο πληρωμής αποδεκτό από την εταιρία. Ελάχιστη ηλικία, έτη κατοχής διπλώματος, εγγύηση και τυχόν επασφάλιστρα εξαρτώνται από την κατηγορία οχήματος και την τελική επιβεβαίωση της κράτησης."",""vehiclesPageDisplayMode"":""categories"",""enableTriggeredEmails"":false,""rentalPoliciesBody"":""Η πολιτική καυσίμου, οι ώρες παράδοσης και παραλαβής, οι χρεώσεις εκτός ωραρίου, οι ακυρώσεις, οι καθυστερήσεις και οι όροι επέκτασης της μίσθωσης επιβεβαιώνονται πριν την παράδοση. Τυχόν ζημιές, πρόστιμα, απώλειες εξοπλισμού ή χρήση του οχήματος κατά παράβαση των συμφωνημένων όρων βαρύνουν τον ενοικιαστή σύμφωνα με την τελική σύμβαση."",""active"":true,""afterHoursNotice"":""Για εξυπηρέτηση εκτός ωραρίου ισχύουν επιπλέον χρεώσεις.""}},""vehiclesPageModelsSource"":""fleet"",""rentalTermsIntro"":""Στην παρακάτω σελίδα συγκεντρώνονται βασικοί όροι, προϋποθέσεις και πολιτικές της ενοικίασης με μορφή εύκολη για ανάγνωση και ενημέρωση από το backroom."",""nightEndHour"":8,""stationProfiles"":[{""key"":""default"",""label"":""Κεντρικός σταθμός"",""description"":""""},{""key"":""a"",""label"":""a"",""description"":""""},{""key"":""ath"",""label"":""ATH Athens"",""description"":""""},{""key"":""skg"",""label"":""SKG Thessaoniki"",""description"":""""}],""bookingCanceledTriggerId"":"""",""defaultDeposit"":0,""operatingHoursLabel"":""08:00 - 22:00"",""companyPhone"":""+30 2310 000 000"",""companyAddress"":""Θεσσαλονίκη, Ελλάδα"",""_id"":""a5128991-cf12-4a62-bcde-64e77309b454"",""insuranceTermsBody"":""Η βασική κάλυψη αφορά την τυπική συμμετοχή του ενοικιαστή σύμφωνα με τους όρους της εταιρίας. Οι επιπλέον καλύψεις μειώνουν ή περιορίζουν την ευθύνη ανάλογα με το πρόγραμμα που θα επιλεγεί. Πριν από την τελική παράδοση του οχήματος, η ομάδα μας επιβεβαιώνει ξανά τις καλύψεις, τις εξαιρέσεις και το ύψος της συμμετοχής. Δεν καλύπτονται περιστατικά που προκύπτουν από παραβίαση του ΚΟΚ, οδήγηση υπό επήρεια, μη εξουσιοδοτημένο οδηγό, απώλεια κλειδιών ή εγγράφων και χρήση του οχήματος εκτός των συμφωνημένων όρων. Οι πληροφορίες της σελίδας έχουν ενημερωτικό χαρακτήρα και υπερισχύουν οι τελικοί όροι που επιβεβαιώνονται από την εταιρία πριν την παραλαβή."",""_owner"":""284e089f-48c1-4969-b018-a9add65901a8"",""_createdDate"":""2026-03-15T14:21:47.499Z"",""insuranceTermsIntro"":""Οι ασφαλιστικές επιλογές και οι σχετικοί όροι παρουσιάζονται με απλό τρόπο πριν από την ολοκλήρωση της κράτησης."",""insuranceDetailsTitle"":""Λεπτομέρειες ασφαλιστικών επιλογών"",""insuranceDetailsIntro"":""Παρακάτω βλέπεις συνοπτικά τις επιλογές κάλυψης που χρησιμοποιούνται στο front booking flow."",""insuranceDetailsBody"":""Το CDW αποτελεί τη βασική κάλυψη χωρίς επιπλέον ημερήσια χρέωση. Το SCDW μειώνει περαιτέρω την οικονομική έκθεση του οδηγού, ενώ το FULL παρέχει την πιο ενισχυμένη επιλογή προστασίας που εμφανίζεται στο backroom και στο booking flow. Για κάθε κράτηση, το τελικό πρόγραμμα ασφάλισης, οι χρεώσεις και οι εξαιρέσεις επιβεβαιώνονται από την ομάδα μας πριν από την παράδοση."",""rentalPrivacyBody"":""Τα προσωπικά δεδομένα χρησιμοποιούνται αποκλειστικά για την εξυπηρέτηση της κράτησης, την επικοινωνία με τον πελάτη και την εκπλήρωση νομικών ή φορολογικών υποχρεώσεων της εταιρίας. Για ειδικά αιτήματα, διορθώσεις στοιχείων ή απορίες σχετικά με την επεξεργασία δεδομένων, ο πελάτης μπορεί να επικοινωνεί με την εταιρία στα διαθέσιμα στοιχεία επικοινωνίας."",""nightStartHour"":22,""_updatedDate"":""2026-04-04T12:47:47.715Z"",""allowOverbooking"":true,""companyName"":""DIAMOND Rent A Car"",""insuranceTermsTitle"":""Όροι και λεπτομέρειες ασφαλειών"",""rentalTermsTitle"":""Όροι ενοικίασης και πολιτικές"",""companyCity"":""Thessaloniki"",""bookingConfirmedTriggerId"":"""",""currency"":""EUR"",""footerNote"":""Επαγγελματική εμπειρία ενοικίασης οχήματος με καθαρή ροή κράτησης, ξεκάθαρη τιμολόγηση και προσωπική επιβεβαίωση."",""title"":""Business settings"",""companyEmail"":""info@diamondrentacar.gr"",""companyTagline"":""Ενοικίαση οχημάτων στη Θεσσαλονίκη με καθαρή διαδικασία και γρήγορη επιβεβαίωση."",""rentalTermsBody"":""Η ενοικίαση ολοκληρώνεται μόνο μετά από επιβεβαίωση της διαθεσιμότητας από την εταιρία και έλεγχο των στοιχείων του οδηγού. Η εταιρία διατηρεί το δικαίωμα να προτείνει ισοδύναμο όχημα ίδιας ή ανώτερης κατηγορίας όταν αυτό απαιτηθεί από λειτουργικούς λόγους, χωρίς πρόσθετη χρέωση για τον πελάτη."",""vatRate"":24,""rentalRequirementsBody"":""Ο κύριος οδηγός οφείλει να διαθέτει ισχύουσα άδεια οδήγησης, ταυτότητα ή διαβατήριο και κάρτα ή άλλο μέσο πληρωμής αποδεκτό από την εταιρία. Ελάχιστη ηλικία, έτη κατοχής διπλώματος, εγγύηση και τυχόν επασφάλιστρα εξαρτώνται από την κατηγορία οχήματος και την τελική επιβεβαίωση της κράτησης."",""vehiclesPageDisplayMode"":""categories"",""enableTriggeredEmails"":false,""rentalPoliciesBody"":""Η πολιτική καυσίμου, οι ώρες παράδοσης και παραλαβής, οι χρεώσεις εκτός ωραρίου, οι ακυρώσεις, οι καθυστερήσεις και οι όροι επέκτασης της μίσθωσης επιβεβαιώνονται πριν την παράδοση. Τυχόν ζημιές, πρόστιμα, απώλειες εξοπλισμού ή χρήση του οχήματος κατά παράβαση των συμφωνημένων όρων βαρύνουν τον ενοικιαστή σύμφωνα με την τελική σύμβαση."",""active"":true,""afterHoursNotice"":""Για εξυπηρέτηση εκτός ωραρίου ισχύουν επιπλέον χρεώσεις.""}","{""stationSettings"":{""ath"":{""vehiclesPageModelsSource"":""fleet"",""rentalTermsIntro"":""Στην παρακάτω σελίδα συγκεντρώνονται βασικοί όροι, προϋποθέσεις και πολιτικές της ενοικίασης με μορφή εύκολη για ανάγνωση και ενημέρωση από το backroom."",""nightEndHour"":8,""stationProfiles"":[{""key"":""default"",""label"":""Κεντρικός σταθμός"",""description"":""""},{""key"":""ath"",""label"":""ATH Athens"",""description"":""""}],""bookingCanceledTriggerId"":"""",""defaultDeposit"":0,""operatingHoursLabel"":""08:00 - 22:00"",""companyPhone"":""+30 2310 000 000"",""companyAddress"":""Θεσσαλονίκη, Ελλάδα"",""insuranceTermsBody"":""Η βασική κάλυψη αφορά την τυπική συμμετοχή του ενοικιαστή σύμφωνα με τους όρους της εταιρίας. Οι επιπλέον καλύψεις μειώνουν ή περιορίζουν την ευθύνη ανάλογα με το πρόγραμμα που θα επιλεγεί. Πριν από την τελική παράδοση του οχήματος, η ομάδα μας επιβεβαιώνει ξανά τις καλύψεις, τις εξαιρέσεις και το ύψος της συμμετοχής. Δεν καλύπτονται περιστατικά που προκύπτουν από παραβίαση του ΚΟΚ, οδήγηση υπό επήρεια, μη εξουσιοδοτημένο οδηγό, απώλεια κλειδιών ή εγγράφων και χρήση του οχήματος εκτός των συμφωνημένων όρων. Οι πληροφορίες της σελίδας έχουν ενημερωτικό χαρακτήρα και υπερισχύουν οι τελικοί όροι που επιβεβαιώνονται από την εταιρία πριν την παραλαβή."",""insuranceTermsIntro"":""Οι ασφαλιστικές επιλογές και οι σχετικοί όροι παρουσιάζονται με απλό τρόπο πριν από την ολοκλήρωση της κράτησης."",""insuranceDetailsTitle"":""Λεπτομέρειες ασφαλιστικών επιλογών"",""insuranceDetailsIntro"":""Παρακάτω βλέπεις συνοπτικά τις επιλογές κάλυψης που χρησιμοποιούνται στο front booking flow."",""insuranceDetailsBody"":""Το CDW αποτελεί τη βασική κάλυψη χωρίς επιπλέον ημερήσια χρέωση. Το SCDW μειώνει περαιτέρω την οικονομική έκθεση του οδηγού, ενώ το FULL παρέχει την πιο ενισχυμένη επιλογή προστασίας που εμφανίζεται στο backroom και στο booking flow. Για κάθε κράτηση, το τελικό πρόγραμμα ασφάλισης, οι χρεώσεις και οι εξαιρέσεις επιβεβαιώνονται από την ομάδα μας πριν από την παράδοση."",""rentalPrivacyBody"":""Τα προσωπικά δεδομένα χρησιμοποιούνται αποκλειστικά για την εξυπηρέτηση της κράτησης, την επικοινωνία με τον πελάτη και την εκπλήρωση νομικών ή φορολογικών υποχρεώσεων της εταιρίας. Για ειδικά αιτήματα, διορθώσεις στοιχείων ή απορίες σχετικά με την επεξεργασία δεδομένων, ο πελάτης μπορεί να επικοινωνεί με την εταιρία στα διαθέσιμα στοιχεία επικοινωνίας."",""nightStartHour"":22,""allowOverbooking"":true,""companyName"":""DIAMOND Rent A Car"",""insuranceTermsTitle"":""Όροι και λεπτομέρειες ασφαλειών"",""rentalTermsTitle"":""Όροι ενοικίασης και πολιτικές"",""companyCity"":""Thessaloniki"",""bookingConfirmedTriggerId"":"""",""currency"":""EUR"",""footerNote"":""Επαγγελματική εμπειρία ενοικίασης οχήματος με καθαρή ροή κράτησης, ξεκάθαρη τιμολόγηση και προσωπική επιβεβαίωση."",""title"":""Business settings"",""companyEmail"":""info@diamondrentacar.gr"",""companyTagline"":""Ενοικίαση οχημάτων στη Θεσσαλονίκη με καθαρή διαδικασία και γρήγορη επιβεβαίωση."",""rentalTermsBody"":""Η ενοικίαση ολοκληρώνεται μόνο μετά από επιβεβαίωση της διαθεσιμότητας από την εταιρία και έλεγχο των στοιχείων του οδηγού. Η εταιρία διατηρεί το δικαίωμα να προτείνει ισοδύναμο όχημα ίδιας ή ανώτερης κατηγορίας όταν αυτό απαιτηθεί από λειτουργικούς λόγους, χωρίς πρόσθετη χρέωση για τον πελάτη."",""vatRate"":24,""rentalRequirementsBody"":""Ο κύριος οδηγός οφείλει να διαθέτει ισχύουσα άδεια οδήγησης, ταυτότητα ή διαβατήριο και κάρτα ή άλλο μέσο πληρωμής αποδεκτό από την εταιρία. Ελάχιστη ηλικία, έτη κατοχής διπλώματος, εγγύηση και τυχόν επασφάλιστρα εξαρτώνται από την κατηγορία οχήματος και την τελική επιβεβαίωση της κράτησης."",""vehiclesPageDisplayMode"":""categories"",""enableTriggeredEmails"":false,""rentalPoliciesBody"":""Η πολιτική καυσίμου, οι ώρες παράδοσης και παραλαβής, οι χρεώσεις εκτός ωραρίου, οι ακυρώσεις, οι καθυστερήσεις και οι όροι επέκτασης της μίσθωσης επιβεβαιώνονται πριν την παράδοση. Τυχόν ζημιές, πρόστιμα, απώλειες εξοπλισμού ή χρήση του οχήματος κατά παράβαση των συμφωνημένων όρων βαρύνουν τον ενοικιαστή σύμφωνα με την τελική σύμβαση."",""active"":true,""afterHoursNotice"":""Για εξυπηρέτηση εκτός ωραρίου ισχύουν επιπλέον χρεώσεις.""},""skg"":{""vehiclesPageModelsSource"":""fleet"",""rentalTermsIntro"":""Στην παρακάτω σελίδα συγκεντρώνονται βασικοί όροι, προϋποθέσεις και πολιτικές της ενοικίασης με μορφή εύκολη για ανάγνωση και ενημέρωση από το backroom."",""nightEndHour"":8,""stationProfiles"":[{""key"":""skg"",""label"":""Κεντρικός σταθμός"",""description"":""""},{""key"":""a"",""label"":""a"",""description"":""""},{""key"":""ath"",""label"":""ATH Athens"",""description"":""""}],""bookingCanceledTriggerId"":"""",""defaultDeposit"":0,""operatingHoursLabel"":""08:00 - 22:00"",""companyPhone"":""+30 2310 000 000"",""companyAddress"":""Θεσσαλονίκη, Ελλάδα"",""insuranceTermsBody"":""Η βασική κάλυψη αφορά την τυπική συμμετοχή του ενοικιαστή σύμφωνα με τους όρους της εταιρίας. Οι επιπλέον καλύψεις μειώνουν ή περιορίζουν την ευθύνη ανάλογα με το πρόγραμμα που θα επιλεγεί. Πριν από την τελική παράδοση του οχήματος, η ομάδα μας επιβεβαιώνει ξανά τις καλύψεις, τις εξαιρέσεις και το ύψος της συμμετοχής. Δεν καλύπτονται περιστατικά που προκύπτουν από παραβίαση του ΚΟΚ, οδήγηση υπό επήρεια, μη εξουσιοδοτημένο οδηγό, απώλεια κλειδιών ή εγγράφων και χρήση του οχήματος εκτός των συμφωνημένων όρων. Οι πληροφορίες της σελίδας έχουν ενημερωτικό χαρακτήρα και υπερισχύουν οι τελικοί όροι που επιβεβαιώνονται από την εταιρία πριν την παραλαβή."",""insuranceTermsIntro"":""Οι ασφαλιστικές επιλογές και οι σχετικοί όροι παρουσιάζονται με απλό τρόπο πριν από την ολοκλήρωση της κράτησης."",""insuranceDetailsTitle"":""Λεπτομέρειες ασφαλιστικών επιλογών"",""insuranceDetailsIntro"":""Παρακάτω βλέπεις συνοπτικά τις επιλογές κάλυψης που χρησιμοποιούνται στο front booking flow."",""insuranceDetailsBody"":""Το CDW αποτελεί τη βασική κάλυψη χωρίς επιπλέον ημερήσια χρέωση. Το SCDW μειώνει περαιτέρω την οικονομική έκθεση του οδηγού, ενώ το FULL παρέχει την πιο ενισχυμένη επιλογή προστασίας που εμφανίζεται στο backroom και στο booking flow. Για κάθε κράτηση, το τελικό πρόγραμμα ασφάλισης, οι χρεώσεις και οι εξαιρέσεις επιβεβαιώνονται από την ομάδα μας πριν από την παράδοση."",""rentalPrivacyBody"":""Τα προσωπικά δεδομένα χρησιμοποιούνται αποκλειστικά για την εξυπηρέτηση της κράτησης, την επικοινωνία με τον πελάτη και την εκπλήρωση νομικών ή φορολογικών υποχρεώσεων της εταιρίας. Για ειδικά αιτήματα, διορθώσεις στοιχείων ή απορίες σχετικά με την επεξεργασία δεδομένων, ο πελάτης μπορεί να επικοινωνεί με την εταιρία στα διαθέσιμα στοιχεία επικοινωνίας."",""nightStartHour"":22,""allowOverbooking"":true,""companyName"":""DIAMOND Rent A Car"",""insuranceTermsTitle"":""Όροι και λεπτομέρειες ασφαλειών"",""rentalTermsTitle"":""Όροι ενοικίασης και πολιτικές"",""companyCity"":""Thessaloniki"",""bookingConfirmedTriggerId"":"""",""currency"":""EUR"",""footerNote"":""Επαγγελματική εμπειρία ενοικίασης οχήματος με καθαρή ροή κράτησης, ξεκάθαρη τιμολόγηση και προσωπική επιβεβαίωση."",""title"":""Business settings"",""companyEmail"":""info@diamondrentacar.gr"",""companyTagline"":""Ενοικίαση οχημάτων στη Θεσσαλονίκη με καθαρή διαδικασία και γρήγορη επιβεβαίωση."",""rentalTermsBody"":""Η ενοικίαση ολοκληρώνεται μόνο μετά από επιβεβαίωση της διαθεσιμότητας από την εταιρία και έλεγχο των στοιχείων του οδηγού. Η εταιρία διατηρεί το δικαίωμα να προτείνει ισοδύναμο όχημα ίδιας ή ανώτερης κατηγορίας όταν αυτό απαιτηθεί από λειτουργικούς λόγους, χωρίς πρόσθετη χρέωση για τον πελάτη."",""vatRate"":24,""rentalRequirementsBody"":""Ο κύριος οδηγός οφείλει να διαθέτει ισχύουσα άδεια οδήγησης, ταυτότητα ή διαβατήριο και κάρτα ή άλλο μέσο πληρωμής αποδεκτό από την εταιρία. Ελάχιστη ηλικία, έτη κατοχής διπλώματος, εγγύηση και τυχόν επασφάλιστρα εξαρτώνται από την κατηγορία οχήματος και την τελική επιβεβαίωση της κράτησης."",""vehiclesPageDisplayMode"":""categories"",""enableTriggeredEmails"":false,""rentalPoliciesBody"":""Η πολιτική καυσίμου, οι ώρες παράδοσης και παραλαβής, οι χρεώσεις εκτός ωραρίου, οι ακυρώσεις, οι καθυστερήσεις και οι όροι επέκτασης της μίσθωσης επιβεβαιώνονται πριν την παράδοση. Τυχόν ζημιές, πρόστιμα, απώλειες εξοπλισμού ή χρήση του οχήματος κατά παράβαση των συμφωνημένων όρων βαρύνουν τον ενοικιαστή σύμφωνα με την τελική σύμβαση."",""active"":true,""afterHoursNotice"":""Για εξυπηρέτηση εκτός ωραρίου ισχύουν επιπλέον χρεώσεις.""}},""vehiclesPageModelsSource"":""fleet"",""rentalTermsIntro"":""Στην παρακάτω σελίδα συγκεντρώνονται βασικοί όροι, προϋποθέσεις και πολιτικές της ενοικίασης με μορφή εύκολη για ανάγνωση και ενημέρωση από το backroom."",""nightEndHour"":8,""stationProfiles"":[{""key"":""default"",""label"":""Κεντρικός σταθμός"",""description"":""""},{""key"":""skg"",""label"":""Κεντρικός σταθμός"",""description"":""""},{""key"":""a"",""label"":""a"",""description"":""""},{""key"":""ath"",""label"":""ATH Athens"",""description"":""""}],""bookingCanceledTriggerId"":"""",""defaultDeposit"":0,""operatingHoursLabel"":""08:00 - 22:00"",""companyPhone"":""+30 2310 000 000"",""companyAddress"":""Θεσσαλονίκη, Ελλάδα"",""_id"":""a5128991-cf12-4a62-bcde-64e77309b454"",""insuranceTermsBody"":""Η βασική κάλυψη αφορά την τυπική συμμετοχή του ενοικιαστή σύμφωνα με τους όρους της εταιρίας. Οι επιπλέον καλύψεις μειώνουν ή περιορίζουν την ευθύνη ανάλογα με το πρόγραμμα που θα επιλεγεί. Πριν από την τελική παράδοση του οχήματος, η ομάδα μας επιβεβαιώνει ξανά τις καλύψεις, τις εξαιρέσεις και το ύψος της συμμετοχής. Δεν καλύπτονται περιστατικά που προκύπτουν από παραβίαση του ΚΟΚ, οδήγηση υπό επήρεια, μη εξουσιοδοτημένο οδηγό, απώλεια κλειδιών ή εγγράφων και χρήση του οχήματος εκτός των συμφωνημένων όρων. Οι πληροφορίες της σελίδας έχουν ενημερωτικό χαρακτήρα και υπερισχύουν οι τελικοί όροι που επιβεβαιώνονται από την εταιρία πριν την παραλαβή."",""_owner"":""284e089f-48c1-4969-b018-a9add65901a8"",""_createdDate"":""2026-03-15T14:21:47.499Z"",""insuranceTermsIntro"":""Οι ασφαλιστικές επιλογές και οι σχετικοί όροι παρουσιάζονται με απλό τρόπο πριν από την ολοκλήρωση της κράτησης."",""insuranceDetailsTitle"":""Λεπτομέρειες ασφαλιστικών επιλογών"",""insuranceDetailsIntro"":""Παρακάτω βλέπεις συνοπτικά τις επιλογές κάλυψης που χρησιμοποιούνται στο front booking flow."",""insuranceDetailsBody"":""Το CDW αποτελεί τη βασική κάλυψη χωρίς επιπλέον ημερήσια χρέωση. Το SCDW μειώνει περαιτέρω την οικονομική έκθεση του οδηγού, ενώ το FULL παρέχει την πιο ενισχυμένη επιλογή προστασίας που εμφανίζεται στο backroom και στο booking flow. Για κάθε κράτηση, το τελικό πρόγραμμα ασφάλισης, οι χρεώσεις και οι εξαιρέσεις επιβεβαιώνονται από την ομάδα μας πριν από την παράδοση."",""rentalPrivacyBody"":""Τα προσωπικά δεδομένα χρησιμοποιούνται αποκλειστικά για την εξυπηρέτηση της κράτησης, την επικοινωνία με τον πελάτη και την εκπλήρωση νομικών ή φορολογικών υποχρεώσεων της εταιρίας. Για ειδικά αιτήματα, διορθώσεις στοιχείων ή απορίες σχετικά με την επεξεργασία δεδομένων, ο πελάτης μπορεί να επικοινωνεί με την εταιρία στα διαθέσιμα στοιχεία επικοινωνίας."",""nightStartHour"":22,""_updatedDate"":""2026-04-04T12:55:12.217Z"",""allowOverbooking"":true,""companyName"":""DIAMOND Rent A Car"",""insuranceTermsTitle"":""Όροι και λεπτομέρειες ασφαλειών"",""rentalTermsTitle"":""Όροι ενοικίασης και πολιτικές"",""companyCity"":""Thessaloniki"",""bookingConfirmedTriggerId"":"""",""currency"":""EUR"",""footerNote"":""Επαγγελματική εμπειρία ενοικίασης οχήματος με καθαρή ροή κράτησης, ξεκάθαρη τιμολόγηση και προσωπική επιβεβαίωση."",""title"":""Business settings"",""companyEmail"":""info@diamondrentacar.gr"",""companyTagline"":""Ενοικίαση οχημάτων στη Θεσσαλονίκη με καθαρή διαδικασία και γρήγορη επιβεβαίωση."",""rentalTermsBody"":""Η ενοικίαση ολοκληρώνεται μόνο μετά από επιβεβαίωση της διαθεσιμότητας από την εταιρία και έλεγχο των στοιχείων του οδηγού. Η εταιρία διατηρεί το δικαίωμα να προτείνει ισοδύναμο όχημα ίδιας ή ανώτερης κατηγορίας όταν αυτό απαιτηθεί από λειτουργικούς λόγους, χωρίς πρόσθετη χρέωση για τον πελάτη."",""vatRate"":24,""rentalRequirementsBody"":""Ο κύριος οδηγός οφείλει να διαθέτει ισχύουσα άδεια οδήγησης, ταυτότητα ή διαβατήριο και κάρτα ή άλλο μέσο πληρωμής αποδεκτό από την εταιρία. Ελάχιστη ηλικία, έτη κατοχής διπλώματος, εγγύηση και τυχόν επασφάλιστρα εξαρτώνται από την κατηγορία οχήματος και την τελική επιβεβαίωση της κράτησης."",""vehiclesPageDisplayMode"":""categories"",""enableTriggeredEmails"":false,""rentalPoliciesBody"":""Η πολιτική καυσίμου, οι ώρες παράδοσης και παραλαβής, οι χρεώσεις εκτός ωραρίου, οι ακυρώσεις, οι καθυστερήσεις και οι όροι επέκτασης της μίσθωσης επιβεβαιώνονται πριν την παράδοση. Τυχόν ζημιές, πρόστιμα, απώλειες εξοπλισμού ή χρήση του οχήματος κατά παράβαση των συμφωνημένων όρων βαρύνουν τον ενοικιαστή σύμφωνα με την τελική σύμβαση."",""active"":true,""afterHoursNotice"":""Για εξυπηρέτηση εκτός ωραρίου ισχύουν επιπλέον χρεώσεις.""}","ckatz1995@gmail.com","Nik nik",2026-04-04T12:55:12Z,2027-04-04T12:55:12Z
,"9936d01b-f98a-48f4-8a21-3184402a6502",2026-03-15T17:07:24Z,2026-03-15T17:07:24Z,"4139a8c1-c961-498e-9512-465437a7bf6c","pricing.extra","seconddriver","pricing.update","Ενημέρωση extra service Δεύτερος οδηγός","{""description"":"""",""_id"":""33dfe400-e1e7-4c65-a074-8943a1776da0"",""_owner"":""4139a8c1-c961-498e-9512-465437a7bf6c"",""_createdDate"":""2026-03-15T16:55:50.492Z"",""billingMode"":""perDay"",""price"":7,""publicVisible"":false,""label"":""Δεύτερος οδηγός"",""_updatedDate"":""2026-03-15T17:02:06.819Z"",""key"":""seconddriver"",""sortOrder"":40,""title"":""Δεύτερος οδηγός"",""active"":false}","{""description"":"""",""_id"":""33dfe400-e1e7-4c65-a074-8943a1776da0"",""_owner"":""4139a8c1-c961-498e-9512-465437a7bf6c"",""_createdDate"":""2026-03-15T16:55:50.492Z"",""billingMode"":""perDay"",""price"":7,""publicVisible"":true,""label"":""Δεύτερος οδηγός"",""_updatedDate"":""2026-03-15T17:07:24.807Z"",""key"":""seconddriver"",""sortOrder"":4,""title"":""Δεύτερος οδηγός"",""active"":true}","ckatz1995@gmail.com","Nik nik",2026-03-15T17:07:24Z,2027-03-15T17:07:24Z
,"998b6e46-7911-4562-8dad-bedc32efe7e2",2026-03-16T18:02:24Z,2026-03-16T18:02:24Z,"284e089f-48c1-4969-b018-a9add65901a8","pricing.businessSettings","a5128991-cf12-4a62-bcde-64e77309b454","pricing.saveBusinessSettings","Ενημέρωση business settings","{""nightEndHour"":8,""defaultDeposit"":0,""companyPhone"":""+30 2310 000 000"",""companyAddress"":""Θεσσαλονίκη, Ελλάδα"",""_id"":""a5128991-cf12-4a62-bcde-64e77309b454"",""insuranceTermsBody"":""Η βασική κάλυψη αφορά την τυπική συμμετοχή του ενοικιαστή σύμφωνα με τους όρους της εταιρίας. Οι επιπλέον καλύψεις μειώνουν ή περιορίζουν την ευθύνη ανάλογα με το πρόγραμμα που θα επιλεγεί. Πριν από την τελική παράδοση του οχήματος, η ομάδα μας επιβεβαιώνει ξανά τις καλύψεις, τις εξαιρέσεις και το ύψος της συμμετοχής. Δεν καλύπτονται περιστατικά που προκύπτουν από παραβίαση του ΚΟΚ, οδήγηση υπό επήρεια, μη εξουσιοδοτημένο οδηγό, απώλεια κλειδιών ή εγγράφων και χρήση του οχήματος εκτός των συμφωνημένων όρων. Οι πληροφορίες της σελίδας έχουν ενημερωτικό χαρακτήρα και υπερισχύουν οι τελικοί όροι που επιβεβαιώνονται από την εταιρία πριν την παραλαβή."",""_owner"":""284e089f-48c1-4969-b018-a9add65901a8"",""_createdDate"":""2026-03-15T14:21:47.499Z"",""insuranceTermsIntro"":""Οι ασφαλιστικές επιλογές και οι σχετικοί όροι παρουσιάζονται με απλό τρόπο πριν από την ολοκλήρωση της κράτησης."",""insuranceDetailsTitle"":""Λεπτομέρειες ασφαλιστικών επιλογών"",""insuranceDetailsIntro"":""Παρακάτω βλέπεις συνοπτικά τις επιλογές κάλυψης που χρησιμοποιούνται στο front booking flow."",""insuranceDetailsBody"":""Το CDW αποτελεί τη βασική κάλυψη χωρίς επιπλέον ημερήσια χρέωση. Το SCDW μειώνει περαιτέρω την οικονομική έκθεση του οδηγού, ενώ το FULL παρέχει την πιο ενισχυμένη επιλογή προστασίας που εμφανίζεται στο backroom και στο booking flow. Για κάθε κράτηση, το τελικό πρόγραμμα ασφάλισης, οι χρεώσεις και οι εξαιρέσεις επιβεβαιώνονται από την ομάδα μας πριν από την παράδοση."",""nightStartHour"":22,""_updatedDate"":""2026-03-16T15:17:23.604Z"",""companyName"":""DIAMOND Rent A Car"",""insuranceTermsTitle"":""Όροι και λεπτομέρειες ασφαλειών"",""companyCity"":""Thessaloniki"",""currency"":""EUR"",""footerNote"":""Επαγγελματική εμπειρία ενοικίασης οχήματος με καθαρή ροή κράτησης, ξεκάθαρη τιμολόγηση και προσωπική επιβεβαίωση."",""title"":""Default business settings"",""companyEmail"":""info@diamondrentacar.gr"",""companyTagline"":""Ενοικίαση οχημάτων στη Θεσσαλονίκη με καθαρή διαδικασία και γρήγορη επιβεβαίωση."",""vatRate"":24,""active"":true}","{""nightEndHour"":8,""defaultDeposit"":0,""companyPhone"":""+30 2310 000 000"",""companyAddress"":""Θεσσαλονίκη, Ελλάδα"",""_id"":""a5128991-cf12-4a62-bcde-64e77309b454"",""insuranceTermsBody"":""Η βασική κάλυψη αφορά την τυπική συμμετοχή του ενοικιαστή σύμφωνα με τους όρους της εταιρίας. Οι επιπλέον καλύψεις μειώνουν ή περιορίζουν την ευθύνη ανάλογα με το πρόγραμμα που θα επιλεγεί. Πριν από την τελική παράδοση του οχήματος, η ομάδα μας επιβεβαιώνει ξανά τις καλύψεις, τις εξαιρέσεις και το ύψος της συμμετοχής. Δεν καλύπτονται περιστατικά που προκύπτουν από παραβίαση του ΚΟΚ, οδήγηση υπό επήρεια, μη εξουσιοδοτημένο οδηγό, απώλεια κλειδιών ή εγγράφων και χρήση του οχήματος εκτός των συμφωνημένων όρων. Οι πληροφορίες της σελίδας έχουν ενημερωτικό χαρακτήρα και υπερισχύουν οι τελικοί όροι που επιβεβαιώνονται από την εταιρία πριν την παραλαβή."",""_owner"":""284e089f-48c1-4969-b018-a9add65901a8"",""_createdDate"":""2026-03-15T14:21:47.499Z"",""insuranceTermsIntro"":""Οι ασφαλιστικές επιλογές και οι σχετικοί όροι παρουσιάζονται με απλό τρόπο πριν από την ολοκλήρωση της κράτησης."",""insuranceDetailsTitle"":""Λεπτομέρειες ασφαλιστικών επιλογών"",""insuranceDetailsIntro"":""Παρακάτω βλέπεις συνοπτικά τις επιλογές κάλυψης που χρησιμοποιούνται στο front booking flow."",""insuranceDetailsBody"":""Το CDW αποτελεί τη βασική κάλυψη χωρίς επιπλέον ημερήσια χρέωση. Το SCDW μειώνει περαιτέρω την οικονομική έκθεση του οδηγού, ενώ το FULL παρέχει την πιο ενισχυμένη επιλογή προστασίας που εμφανίζεται στο backroom και στο booking flow. Για κάθε κράτηση, το τελικό πρόγραμμα ασφάλισης, οι χρεώσεις και οι εξαιρέσεις επιβεβαιώνονται από την ομάδα μας πριν από την παράδοση."",""nightStartHour"":22,""_updatedDate"":""2026-03-16T18:02:24.045Z"",""companyName"":""DIAMOND Rent A Car 1"",""insuranceTermsTitle"":""Όροι και λεπτομέρειες ασφαλειών"",""companyCity"":""Thessaloniki"",""currency"":""EUR"",""footerNote"":""Επαγγελματική εμπειρία ενοικίασης οχήματος με καθαρή ροή κράτησης, ξεκάθαρη τιμολόγηση και προσωπική επιβεβαίωση."",""title"":""Default business settings"",""companyEmail"":""info@diamondrentacar.gr"",""companyTagline"":""Ενοικίαση οχημάτων στη Θεσσαλονίκη με καθαρή διαδικασία και γρήγορη επιβεβαίωση."",""vatRate"":24,""active"":true}","ckatz1995@gmail.com","Nik nik",2026-03-16T18:02:24Z,2027-03-16T18:02:24Z
,"99af7124-24bc-4f76-b04e-caf651ce8759",2026-03-30T12:27:29Z,2026-03-30T12:27:29Z,"48ba7aa5-ed2b-43d2-bdd7-6596e6ec75a8","staffAuth","ckatz1995@hotmail.gr","loginFailed","Unknown or inactive user",,,"ckatz1995@hotmail.gr","ckatz1995@hotmail.gr",2026-03-30T12:27:29Z,2027-03-30T12:27:29Z
,"9b0be1c9-e0bd-40ec-ba62-317d6dd0dbef",2026-03-16T18:10:33Z,2026-03-16T18:10:33Z,"284e089f-48c1-4969-b018-a9add65901a8","pricing.fleetVehicle","fb749acf-8e8f-423b-80ff-49d173db2ee9","pricing.insertFleetVehicle","Νέο όχημα στόλου AAA1111 - Test (B)",,"{""plate"":""AAA1111"",""model"":""Test"",""category"":""B"",""categoryId"":"""",""categoryDisplayTitle"":""B"",""categoryTitle"":"""",""status"":""available"",""active"":true,""notes"":"""",""_id"":""fb749acf-8e8f-423b-80ff-49d173db2ee9"",""_owner"":""284e089f-48c1-4969-b018-a9add65901a8"",""_createdDate"":""2026-03-16T18:10:33.336Z"",""_updatedDate"":""2026-03-16T18:10:33.336Z""}","ckatz1995@gmail.com","Nik nik",2026-03-16T18:10:33Z,2027-03-16T18:10:33Z
,"9ba01fe6-f070-4cfe-bccc-93441f9bda5f",2026-04-04T10:58:15Z,2026-04-04T10:58:15Z,"4139a8c1-c961-498e-9512-465437a7bf6c","pricing.pickupLocation","airport_ath","pricing.insert","Νέα τοποθεσία Αεροδρόμιο Αθήνας",,"{""key"":""airport_ath"",""label"":""Αεροδρόμιο Αθήνας"",""description"":"""",""locationType"":""both"",""stationKey"":""ath"",""stationLabel"":""ATH Athens"",""address"":""ααα"",""mapUrl"":"""",""extraFee"":0,""sortOrder"":9999,""active"":true,""publicVisible"":true,""_id"":""c2860a49-2ee7-460a-bdf4-3b366068f937"",""_owner"":""4139a8c1-c961-498e-9512-465437a7bf6c"",""_createdDate"":""2026-04-04T10:58:15.269Z"",""_updatedDate"":""2026-04-04T10:58:15.269Z""}","ckatz1995@gmail.com","Nik nik",2026-04-04T10:58:15Z,2027-04-04T10:58:15Z
,"9bc081d9-6d4e-4c21-9e6c-dbc902a1b8d2",2026-03-16T09:50:13Z,2026-03-16T09:50:13Z,"4139a8c1-c961-498e-9512-465437a7bf6c","pricing.PickupLocations","city_center_office","pricing.delete","Διαγραφή pricing item Κέντρο Θεσσαλονίκης (0 row(s))","{""description"":""Παραλαβή / παράδοση από το κεντρικό σημείο εξυπηρέτησης."",""_id"":""fe8e4bc4-9b1b-4dba-9369-d83ac7a68271"",""_owner"":""284e089f-48c1-4969-b018-a9add65901a8"",""_createdDate"":""2026-03-15T22:56:27.551Z"",""mapUrl"":"""",""publicVisible"":false,""label"":""Κέντρο Θεσσαλονίκης"",""_updatedDate"":""2026-03-16T07:46:57.102Z"",""key"":""city_center_office"",""extraFee"":40,""sortOrder"":20,""address"":""Θεσσαλονίκη, Κέντρο"",""locationType"":""both"",""active"":true}",,"ckatz1995@gmail.com","Nik nik",2026-03-16T09:50:13Z,2027-03-16T09:50:13Z
,"9c1e68be-cc9e-4b77-b731-7acc894ba3ab",2026-03-22T10:05:26Z,2026-03-22T10:05:26Z,"4139a8c1-c961-498e-9512-465437a7bf6c","pricing.PickupLocations","city_center_office_pickup","pricing.delete","Διαγραφή pricing item Κέντρο Θεσσαλονίκης (0 row(s))","{""description"":""Παραλαβή / παράδοση από το κεντρικό σημείο εξυπηρέτησης."",""_id"":""fe8e4bc4-9b1b-4dba-9369-d83ac7a68271"",""_owner"":""284e089f-48c1-4969-b018-a9add65901a8"",""_createdDate"":""2026-03-15T22:56:27.551Z"",""mapUrl"":"""",""publicVisible"":false,""label"":""Κέντρο Θεσσαλονίκης"",""_updatedDate"":""2026-03-22T10:05:06.159Z"",""key"":""city_center_office_pickup"",""extraFee"":25,""sortOrder"":20,""address"":""Θεσσαλονίκη, Κέντρο"",""locationType"":""pickup"",""active"":false}",,"ckatz1995@gmail.com","Nik nik",2026-03-22T10:05:26Z,2027-03-22T10:05:26Z
,"9ca491b2-5d84-40f5-95b8-8af1fa4b365f",2026-03-16T10:55:42Z,2026-03-16T10:55:42Z,"4139a8c1-c961-498e-9512-465437a7bf6c","pricing.pickupLocation","city_center_office","pricing.update","Ενημέρωση τοποθεσία Κέντρο Θεσσαλονίκης 1","{""description"":""Παραλαβή / παράδοση από το κεντρικό σημείο εξυπηρέτησης."",""_id"":""fe8e4bc4-9b1b-4dba-9369-d83ac7a68271"",""_owner"":""284e089f-48c1-4969-b018-a9add65901a8"",""_createdDate"":""2026-03-15T22:56:27.551Z"",""mapUrl"":"""",""publicVisible"":true,""label"":""Κέντρο Θεσσαλονίκης 1"",""_updatedDate"":""2026-03-16T10:54:14.277Z"",""key"":""city_center_office"",""extraFee"":22,""sortOrder"":20,""address"":""Θεσσαλονίκη, Κέντρο"",""locationType"":""both"",""active"":true}","{""description"":""Παραλαβή / παράδοση από το κεντρικό σημείο εξυπηρέτησης."",""_id"":""fe8e4bc4-9b1b-4dba-9369-d83ac7a68271"",""_owner"":""284e089f-48c1-4969-b018-a9add65901a8"",""_createdDate"":""2026-03-15T22:56:27.551Z"",""mapUrl"":"""",""publicVisible"":false,""label"":""Κέντρο Θεσσαλονίκης 1"",""_updatedDate"":""2026-03-16T10:55:41.561Z"",""key"":""city_center_office"",""extraFee"":22,""sortOrder"":20,""address"":""Θεσσαλονίκη, Κέντρο"",""locationType"":""both"",""active"":true}","ckatz1995@gmail.com","Nik nik",2026-03-16T10:55:42Z,2027-03-16T10:55:42Z
,"9defd219-1b8c-4eb5-85dc-306be7db4307",2026-03-17T22:27:52Z,2026-03-17T22:27:52Z,"284e089f-48c1-4969-b018-a9add65901a8","pricing.businessSettings","a5128991-cf12-4a62-bcde-64e77309b454","pricing.saveBusinessSettings","Ενημέρωση business settings","{""vehiclesPageModelsSource"":""vehicles"",""rentalTermsIntro"":""Στην παρακάτω σελίδα συγκεντρώνονται βασικοί όροι, προϋποθέσεις και πολιτικές της ενοικίασης με μορφή εύκολη για ανάγνωση και ενημέρωση από το backroom."",""nightEndHour"":8,""bookingCanceledTriggerId"":"""",""defaultDeposit"":0,""companyPhone"":""+30 2310 000 000"",""companyAddress"":""Θεσσαλονίκη, Ελλάδα"",""_id"":""a5128991-cf12-4a62-bcde-64e77309b454"",""insuranceTermsBody"":""Η βασική κάλυψη αφορά την τυπική συμμετοχή του ενοικιαστή σύμφωνα με τους όρους της εταιρίας. Οι επιπλέον καλύψεις μειώνουν ή περιορίζουν την ευθύνη ανάλογα με το πρόγραμμα που θα επιλεγεί. Πριν από την τελική παράδοση του οχήματος, η ομάδα μας επιβεβαιώνει ξανά τις καλύψεις, τις εξαιρέσεις και το ύψος της συμμετοχής. Δεν καλύπτονται περιστατικά που προκύπτουν από παραβίαση του ΚΟΚ, οδήγηση υπό επήρεια, μη εξουσιοδοτημένο οδηγό, απώλεια κλειδιών ή εγγράφων και χρήση του οχήματος εκτός των συμφωνημένων όρων. Οι πληροφορίες της σελίδας έχουν ενημερωτικό χαρακτήρα και υπερισχύουν οι τελικοί όροι που επιβεβαιώνονται από την εταιρία πριν την παραλαβή."",""_owner"":""284e089f-48c1-4969-b018-a9add65901a8"",""_createdDate"":""2026-03-15T14:21:47.499Z"",""insuranceTermsIntro"":""Οι ασφαλιστικές επιλογές και οι σχετικοί όροι παρουσιάζονται με απλό τρόπο πριν από την ολοκλήρωση της κράτησης."",""insuranceDetailsTitle"":""Λεπτομέρειες ασφαλιστικών επιλογών"",""insuranceDetailsIntro"":""Παρακάτω βλέπεις συνοπτικά τις επιλογές κάλυψης που χρησιμοποιούνται στο front booking flow."",""insuranceDetailsBody"":""Το CDW αποτελεί τη βασική κάλυψη χωρίς επιπλέον ημερήσια χρέωση. Το SCDW μειώνει περαιτέρω την οικονομική έκθεση του οδηγού, ενώ το FULL παρέχει την πιο ενισχυμένη επιλογή προστασίας που εμφανίζεται στο backroom και στο booking flow. Για κάθε κράτηση, το τελικό πρόγραμμα ασφάλισης, οι χρεώσεις και οι εξαιρέσεις επιβεβαιώνονται από την ομάδα μας πριν από την παράδοση."",""rentalPrivacyBody"":""Τα προσωπικά δεδομένα χρησιμοποιούνται αποκλειστικά για την εξυπηρέτηση της κράτησης, την επικοινωνία με τον πελάτη και την εκπλήρωση νομικών ή φορολογικών υποχρεώσεων της εταιρίας. Για ειδικά αιτήματα, διορθώσεις στοιχείων ή απορίες σχετικά με την επεξεργασία δεδομένων, ο πελάτης μπορεί να επικοινωνεί με την εταιρία στα διαθέσιμα στοιχεία επικοινωνίας."",""nightStartHour"":22,""_updatedDate"":""2026-03-17T22:26:55.040Z"",""allowOverbooking"":true,""companyName"":""DIAMOND Rent A Car"",""insuranceTermsTitle"":""Όροι και λεπτομέρειες ασφαλειών"",""rentalTermsTitle"":""Όροι ενοικίασης και πολιτικές"",""companyCity"":""Thessaloniki"",""bookingConfirmedTriggerId"":"""",""currency"":""EUR"",""footerNote"":""Επαγγελματική εμπειρία ενοικίασης οχήματος με καθαρή ροή κράτησης, ξεκάθαρη τιμολόγηση και προσωπική επιβεβαίωση."",""title"":""Default business settings"",""companyEmail"":""info@diamondrentacar.gr"",""companyTagline"":""Ενοικίαση οχημάτων στη Θεσσαλονίκη με καθαρή διαδικασία και γρήγορη επιβεβαίωση."",""rentalTermsBody"":""Η ενοικίαση ολοκληρώνεται μόνο μετά από επιβεβαίωση της διαθεσιμότητας από την εταιρία και έλεγχο των στοιχείων του οδηγού. Η εταιρία διατηρεί το δικαίωμα να προτείνει ισοδύναμο όχημα ίδιας ή ανώτερης κατηγορίας όταν αυτό απαιτηθεί από λειτουργικούς λόγους, χωρίς πρόσθετη χρέωση για τον πελάτη."",""vatRate"":24,""rentalRequirementsBody"":""Ο κύριος οδηγός οφείλει να διαθέτει ισχύουσα άδεια οδήγησης, ταυτότητα ή διαβατήριο και κάρτα ή άλλο μέσο πληρωμής αποδεκτό από την εταιρία. Ελάχιστη ηλικία, έτη κατοχής διπλώματος, εγγύηση και τυχόν επασφάλιστρα εξαρτώνται από την κατηγορία οχήματος και την τελική επιβεβαίωση της κράτησης."",""vehiclesPageDisplayMode"":""models"",""enableTriggeredEmails"":false,""rentalPoliciesBody"":""Η πολιτική καυσίμου, οι ώρες παράδοσης και παραλαβής, οι χρεώσεις εκτός ωραρίου, οι ακυρώσεις, οι καθυστερήσεις και οι όροι επέκτασης της μίσθωσης επιβεβαιώνονται πριν την παράδοση. Τυχόν ζημιές, πρόστιμα, απώλειες εξοπλισμού ή χρήση του οχήματος κατά παράβαση των συμφωνημένων όρων βαρύνουν τον ενοικιαστή σύμφωνα με την τελική σύμβαση."",""active"":true}","{""vehiclesPageModelsSource"":""fleet"",""rentalTermsIntro"":""Στην παρακάτω σελίδα συγκεντρώνονται βασικοί όροι, προϋποθέσεις και πολιτικές της ενοικίασης με μορφή εύκολη για ανάγνωση και ενημέρωση από το backroom."",""nightEndHour"":8,""bookingCanceledTriggerId"":"""",""defaultDeposit"":0,""companyPhone"":""+30 2310 000 000"",""companyAddress"":""Θεσσαλονίκη, Ελλάδα"",""_id"":""a5128991-cf12-4a62-bcde-64e77309b454"",""insuranceTermsBody"":""Η βασική κάλυψη αφορά την τυπική συμμετοχή του ενοικιαστή σύμφωνα με τους όρους της εταιρίας. Οι επιπλέον καλύψεις μειώνουν ή περιορίζουν την ευθύνη ανάλογα με το πρόγραμμα που θα επιλεγεί. Πριν από την τελική παράδοση του οχήματος, η ομάδα μας επιβεβαιώνει ξανά τις καλύψεις, τις εξαιρέσεις και το ύψος της συμμετοχής. Δεν καλύπτονται περιστατικά που προκύπτουν από παραβίαση του ΚΟΚ, οδήγηση υπό επήρεια, μη εξουσιοδοτημένο οδηγό, απώλεια κλειδιών ή εγγράφων και χρήση του οχήματος εκτός των συμφωνημένων όρων. Οι πληροφορίες της σελίδας έχουν ενημερωτικό χαρακτήρα και υπερισχύουν οι τελικοί όροι που επιβεβαιώνονται από την εταιρία πριν την παραλαβή."",""_owner"":""284e089f-48c1-4969-b018-a9add65901a8"",""_createdDate"":""2026-03-15T14:21:47.499Z"",""insuranceTermsIntro"":""Οι ασφαλιστικές επιλογές και οι σχετικοί όροι παρουσιάζονται με απλό τρόπο πριν από την ολοκλήρωση της κράτησης."",""insuranceDetailsTitle"":""Λεπτομέρειες ασφαλιστικών επιλογών"",""insuranceDetailsIntro"":""Παρακάτω βλέπεις συνοπτικά τις επιλογές κάλυψης που χρησιμοποιούνται στο front booking flow."",""insuranceDetailsBody"":""Το CDW αποτελεί τη βασική κάλυψη χωρίς επιπλέον ημερήσια χρέωση. Το SCDW μειώνει περαιτέρω την οικονομική έκθεση του οδηγού, ενώ το FULL παρέχει την πιο ενισχυμένη επιλογή προστασίας που εμφανίζεται στο backroom και στο booking flow. Για κάθε κράτηση, το τελικό πρόγραμμα ασφάλισης, οι χρεώσεις και οι εξαιρέσεις επιβεβαιώνονται από την ομάδα μας πριν από την παράδοση."",""rentalPrivacyBody"":""Τα προσωπικά δεδομένα χρησιμοποιούνται αποκλειστικά για την εξυπηρέτηση της κράτησης, την επικοινωνία με τον πελάτη και την εκπλήρωση νομικών ή φορολογικών υποχρεώσεων της εταιρίας. Για ειδικά αιτήματα, διορθώσεις στοιχείων ή απορίες σχετικά με την επεξεργασία δεδομένων, ο πελάτης μπορεί να επικοινωνεί με την εταιρία στα διαθέσιμα στοιχεία επικοινωνίας."",""nightStartHour"":22,""_updatedDate"":""2026-03-17T22:27:52.274Z"",""allowOverbooking"":true,""companyName"":""DIAMOND Rent A Car"",""insuranceTermsTitle"":""Όροι και λεπτομέρειες ασφαλειών"",""rentalTermsTitle"":""Όροι ενοικίασης και πολιτικές"",""companyCity"":""Thessaloniki"",""bookingConfirmedTriggerId"":"""",""currency"":""EUR"",""footerNote"":""Επαγγελματική εμπειρία ενοικίασης οχήματος με καθαρή ροή κράτησης, ξεκάθαρη τιμολόγηση και προσωπική επιβεβαίωση."",""title"":""Default business settings"",""companyEmail"":""info@diamondrentacar.gr"",""companyTagline"":""Ενοικίαση οχημάτων στη Θεσσαλονίκη με καθαρή διαδικασία και γρήγορη επιβεβαίωση."",""rentalTermsBody"":""Η ενοικίαση ολοκληρώνεται μόνο μετά από επιβεβαίωση της διαθεσιμότητας από την εταιρία και έλεγχο των στοιχείων του οδηγού. Η εταιρία διατηρεί το δικαίωμα να προτείνει ισοδύναμο όχημα ίδιας ή ανώτερης κατηγορίας όταν αυτό απαιτηθεί από λειτουργικούς λόγους, χωρίς πρόσθετη χρέωση για τον πελάτη."",""vatRate"":24,""rentalRequirementsBody"":""Ο κύριος οδηγός οφείλει να διαθέτει ισχύουσα άδεια οδήγησης, ταυτότητα ή διαβατήριο και κάρτα ή άλλο μέσο πληρωμής αποδεκτό από την εταιρία. Ελάχιστη ηλικία, έτη κατοχής διπλώματος, εγγύηση και τυχόν επασφάλιστρα εξαρτώνται από την κατηγορία οχήματος και την τελική επιβεβαίωση της κράτησης."",""vehiclesPageDisplayMode"":""categories"",""enableTriggeredEmails"":false,""rentalPoliciesBody"":""Η πολιτική καυσίμου, οι ώρες παράδοσης και παραλαβής, οι χρεώσεις εκτός ωραρίου, οι ακυρώσεις, οι καθυστερήσεις και οι όροι επέκτασης της μίσθωσης επιβεβαιώνονται πριν την παράδοση. Τυχόν ζημιές, πρόστιμα, απώλειες εξοπλισμού ή χρήση του οχήματος κατά παράβαση των συμφωνημένων όρων βαρύνουν τον ενοικιαστή σύμφωνα με την τελική σύμβαση."",""active"":true}","ckatz1995@gmail.com","Nik nik",2026-03-17T22:27:52Z,2027-03-17T22:27:52Z
,"9df72876-b810-4db1-b1e7-a40db0e22451",2026-03-22T09:59:46Z,2026-03-22T09:59:46Z,"4139a8c1-c961-498e-9512-465437a7bf6c","pricing.pickupLocation","ktel_thessaloniki","pricing.update","Ενημέρωση τοποθεσία ΚΤΕΛ Θεσσαλονίκης","{""description"":""Παραλαβή / παράδοση στον σταθμό ΚΤΕΛ."",""_id"":""4ad387f3-6096-4659-8b8a-1575019e0343"",""_owner"":""284e089f-48c1-4969-b018-a9add65901a8"",""_createdDate"":""2026-03-15T22:56:27.550Z"",""mapUrl"":"""",""publicVisible"":true,""label"":""ΚΤΕΛ Θεσσαλονίκης"",""_updatedDate"":""2026-03-17T12:28:05.150Z"",""key"":""ktel_thessaloniki"",""extraFee"":40,""sortOrder"":40,""address"":""Σταθμός ΚΤΕΛ Μακεδονία, Θεσσαλονίκη"",""locationType"":""both"",""active"":true}","{""description"":""Παραλαβή / παράδοση στον σταθμό ΚΤΕΛ."",""_id"":""4ad387f3-6096-4659-8b8a-1575019e0343"",""_owner"":""284e089f-48c1-4969-b018-a9add65901a8"",""_createdDate"":""2026-03-15T22:56:27.550Z"",""mapUrl"":"""",""publicVisible"":true,""label"":""ΚΤΕΛ Θεσσαλονίκης"",""_updatedDate"":""2026-03-22T09:59:46.309Z"",""key"":""ktel_thessaloniki"",""extraFee"":20,""sortOrder"":40,""address"":""Σταθμός ΚΤΕΛ Μακεδονία, Θεσσαλονίκη"",""locationType"":""pickup"",""active"":true}","ckatz1995@gmail.com","Nik nik",2026-03-22T09:59:46Z,2027-03-22T09:59:46Z
,"9e72d556-fff3-41cb-909e-3b41fbaf9590",2026-03-18T21:57:39Z,2026-03-18T21:57:39Z,"4139a8c1-c961-498e-9512-465437a7bf6c","staffAuth","ckatz1995@gmail.com","loginSuccess","Backroom login",,,"ckatz1995@gmail.com","Nik nik",2026-03-18T21:57:39Z,2027-03-18T21:57:39Z
,"a09bb342-f770-4f6c-9810-03f575f093bf",2026-03-16T14:46:13Z,2026-03-16T14:46:13Z,"48ba7aa5-ed2b-43d2-bdd7-6596e6ec75a8","staffAuth","ckatz1995@gmail.com","loginSuccess","Backroom login",,,"ckatz1995@gmail.com","Nik nik",2026-03-16T14:46:13Z,2027-03-16T14:46:13Z
,"a0fce86b-027e-4601-9072-3c2e04fe4595",2026-03-17T22:23:46Z,2026-03-17T22:23:46Z,"284e089f-48c1-4969-b018-a9add65901a8","staffAuth","ckatz1995@gmail.com","loginSuccess","Backroom login",,,"ckatz1995@gmail.com","Nik nik",2026-03-17T22:23:46Z,2027-03-17T22:23:46Z
,"a1388d45-e640-47dd-8215-a101c31ab2b6",2026-04-02T13:12:58Z,2026-04-02T13:12:58Z,"4139a8c1-c961-498e-9512-465437a7bf6c","staffAuth","ckatz1995@gmail.com","loginSuccess","Backroom login",,,"ckatz1995@gmail.com","Nik nik",2026-04-02T13:12:58Z,2027-04-02T13:12:58Z
,"a16e03ef-4e55-4071-ae83-2322d62a6943",2026-03-15T14:38:31Z,2026-03-15T14:38:31Z,"4139a8c1-c961-498e-9512-465437a7bf6c","staffAuth","admin@diamondrentacar.gr","loginFailed","Wrong password",,,"admin@diamondrentacar.gr","Site Admin",2026-03-15T14:38:31Z,2027-03-15T14:38:31Z
,"a20397ca-7677-41a5-9e0f-0cf0463cabb5",2026-03-15T14:32:51Z,2026-03-15T14:32:51Z,"4139a8c1-c961-498e-9512-465437a7bf6c","staffAuth","admin@diamondrentacar.gr","loginFailed","Wrong password",,,"admin@diamondrentacar.gr","Site Admin",2026-03-15T14:32:51Z,2027-03-15T14:32:51Z
,"a244810e-ebfc-4cd8-b68e-2f258cf83a0b",2026-03-15T17:11:13Z,2026-03-15T17:11:13Z,"4139a8c1-c961-498e-9512-465437a7bf6c","pricing.insurance","scdw","pricing.update","Ενημέρωση insurance plan SCDW","{""description"":""Μειωμένη ευθύνη με ημερήσια χρέωση."",""_id"":""725bb540-20ef-42a3-8f68-97749ca33295"",""_owner"":""4139a8c1-c961-498e-9512-465437a7bf6c"",""_createdDate"":""2026-03-15T15:29:00.597Z"",""billingMode"":""perDay"",""publicVisible"":true,""label"":""SCDW"",""_updatedDate"":""2026-03-15T17:10:57.356Z"",""key"":""scdw"",""pricePerDay"":8,""sortOrder"":2,""title"":""SCDW"",""active"":true}","{""description"":""Μειωμένη ευθύνη με ημερήσια χρέωση."",""_id"":""725bb540-20ef-42a3-8f68-97749ca33295"",""_owner"":""4139a8c1-c961-498e-9512-465437a7bf6c"",""_createdDate"":""2026-03-15T15:29:00.597Z"",""billingMode"":""perDay"",""publicVisible"":true,""label"":""SCDW"",""_updatedDate"":""2026-03-15T17:11:13.006Z"",""key"":""scdw"",""pricePerDay"":6,""sortOrder"":2,""title"":""SCDW"",""active"":true}","ckatz1995@gmail.com","Nik nik",2026-03-15T17:11:13Z,2027-03-15T17:11:13Z
,"a35a97ae-6907-4ee6-9112-8f4dff5a7018",2026-04-04T12:57:17Z,2026-04-04T12:57:17Z,"4139a8c1-c961-498e-9512-465437a7bf6c","pricing.pickupLocation","city_center_office_dropoff","pricing.update","Ενημέρωση τοποθεσία Κέντρο Θεσσαλονίκης","{""stationKey"":""a"",""description"":""Παραλαβή / παράδοση από το κεντρικό σημείο εξυπηρέτησης."",""_id"":""ebb125a2-bdae-489c-87e1-5bc86581d185"",""_owner"":""4139a8c1-c961-498e-9512-465437a7bf6c"",""_createdDate"":""2026-03-16T07:42:43.237Z"",""mapUrl"":"""",""publicVisible"":true,""label"":""Κέντρο Θεσσαλονίκης"",""_updatedDate"":""2026-04-04T12:29:46.978Z"",""stationLabel"":""a"",""key"":""city_center_office_dropoff"",""extraFee"":25,""sortOrder"":20,""address"":""Θεσσαλονίκη, Κέντρο"",""locationType"":""dropoff"",""active"":true}","{""stationKey"":""default"",""description"":""Παραλαβή / παράδοση από το κεντρικό σημείο εξυπηρέτησης."",""_id"":""ebb125a2-bdae-489c-87e1-5bc86581d185"",""_owner"":""4139a8c1-c961-498e-9512-465437a7bf6c"",""_createdDate"":""2026-03-16T07:42:43.237Z"",""mapUrl"":"""",""publicVisible"":true,""label"":""Κέντρο Θεσσαλονίκης"",""_updatedDate"":""2026-04-04T12:57:17.684Z"",""stationLabel"":""SKG Thessaloniki"",""key"":""city_center_office_dropoff"",""extraFee"":25,""sortOrder"":20,""address"":""Θεσσαλονίκη, Κέντρο"",""locationType"":""dropoff"",""active"":true}","ckatz1995@gmail.com","Nik nik",2026-04-04T12:57:17Z,2027-04-04T12:57:17Z
,"a4bd99e0-ac1f-417f-8f7b-16abf277b1a6",2026-03-16T09:03:59Z,2026-03-16T09:03:59Z,"4139a8c1-c961-498e-9512-465437a7bf6c","user","test@test.gr","passwordSet","Ορίστηκε νέο password από admin",,,"ckatz1995@gmail.com","Nik nik",2026-03-16T09:03:59Z,2027-03-16T09:03:59Z
,"a53d1f8f-3b35-4fd4-9359-28ab3f7e870a",2026-03-22T10:03:27Z,2026-03-22T10:03:27Z,"4139a8c1-c961-498e-9512-465437a7bf6c","pricing.PickupLocations","city_center_office","pricing.delete","Διαγραφή pricing item Κέντρο Θεσσαλονίκης 1 (0 row(s))","{""description"":""Παραλαβή / παράδοση από το κεντρικό σημείο εξυπηρέτησης."",""_id"":""fe8e4bc4-9b1b-4dba-9369-d83ac7a68271"",""_owner"":""284e089f-48c1-4969-b018-a9add65901a8"",""_createdDate"":""2026-03-15T22:56:27.551Z"",""mapUrl"":"""",""publicVisible"":false,""label"":""Κέντρο Θεσσαλονίκης 1"",""_updatedDate"":""2026-03-17T12:26:53.937Z"",""key"":""city_center_office"",""extraFee"":22,""sortOrder"":999,""address"":""Θεσσαλονίκη, Κέντρο"",""locationType"":""both"",""active"":false}",,"ckatz1995@gmail.com","Nik nik",2026-03-22T10:03:27Z,2027-03-22T10:03:27Z
,"a56bdc70-5fad-495f-9580-acf0dbe8b84d",2026-03-16T07:41:56Z,2026-03-16T07:41:56Z,"4139a8c1-c961-498e-9512-465437a7bf6c","pricing.pickupLocation","ktel_thessaloniki","pricing.update","Ενημέρωση τοποθεσία ΚΤΕΛ Θεσσαλονίκης","{""description"":""Παραλαβή / παράδοση στον σταθμό ΚΤΕΛ."",""_id"":""4ad387f3-6096-4659-8b8a-1575019e0343"",""_owner"":""284e089f-48c1-4969-b018-a9add65901a8"",""_createdDate"":""2026-03-15T22:56:27.550Z"",""publicVisible"":true,""label"":""ΚΤΕΛ Θεσσαλονίκης"",""_updatedDate"":""2026-03-15T22:56:27.550Z"",""key"":""ktel-thessaloniki"",""extraFee"":5,""sortOrder"":30,""address"":""Σταθμός ΚΤΕΛ Μακεδονία, Θεσσαλονίκη"",""locationType"":""both"",""active"":true}","{""description"":""Παραλαβή / παράδοση στον σταθμό ΚΤΕΛ."",""_id"":""4ad387f3-6096-4659-8b8a-1575019e0343"",""_owner"":""284e089f-48c1-4969-b018-a9add65901a8"",""_createdDate"":""2026-03-15T22:56:27.550Z"",""publicVisible"":true,""label"":""ΚΤΕΛ Θεσσαλονίκης"",""_updatedDate"":""2026-03-16T07:41:56.352Z"",""key"":""ktel_thessaloniki"",""extraFee"":40,""sortOrder"":30,""address"":""Σταθμός ΚΤΕΛ Μακεδονία, Θεσσαλονίκη"",""locationType"":""both"",""active"":true,""mapUrl"":""""}","ckatz1995@gmail.com","Nik nik",2026-03-16T07:41:56Z,2027-03-16T07:41:56Z
,"a65d5e4b-a99e-451d-9cd7-57d1c93ba7e8",2026-03-16T15:36:01Z,2026-03-16T15:36:01Z,"48ba7aa5-ed2b-43d2-bdd7-6596e6ec75a8","staffAuth","ckatz1995@gmail.com","loginSuccess","Backroom login",,,"ckatz1995@gmail.com","Nik nik",2026-03-16T15:36:01Z,2027-03-16T15:36:01Z
,"a67ba08c-e884-4b28-ae06-2cbad0e91494",2026-03-15T17:10:57Z,2026-03-15T17:10:57Z,"4139a8c1-c961-498e-9512-465437a7bf6c","pricing.insurance","scdw","pricing.update","Ενημέρωση insurance plan SCDW","{""description"":""Μειωμένη ευθύνη με ημερήσια χρέωση."",""_id"":""725bb540-20ef-42a3-8f68-97749ca33295"",""_owner"":""4139a8c1-c961-498e-9512-465437a7bf6c"",""_createdDate"":""2026-03-15T15:29:00.597Z"",""billingMode"":""perDay"",""publicVisible"":true,""label"":""SCDW"",""_updatedDate"":""2026-03-15T16:53:14.768Z"",""key"":""scdw"",""pricePerDay"":6,""sortOrder"":2,""title"":""SCDW"",""active"":true}","{""description"":""Μειωμένη ευθύνη με ημερήσια χρέωση."",""_id"":""725bb540-20ef-42a3-8f68-97749ca33295"",""_owner"":""4139a8c1-c961-498e-9512-465437a7bf6c"",""_createdDate"":""2026-03-15T15:29:00.597Z"",""billingMode"":""perDay"",""publicVisible"":true,""label"":""SCDW"",""_updatedDate"":""2026-03-15T17:10:57.356Z"",""key"":""scdw"",""pricePerDay"":8,""sortOrder"":2,""title"":""SCDW"",""active"":true}","ckatz1995@gmail.com","Nik nik",2026-03-15T17:10:57Z,2027-03-15T17:10:57Z
,"a82aca01-5474-485b-86a1-593f28f945c1",2026-03-15T14:29:06Z,2026-03-15T14:29:06Z,"4139a8c1-c961-498e-9512-465437a7bf6c","staffAuth","admin@diamondrentacar.gr","loginFailed","Wrong password",,,"admin@diamondrentacar.gr","Site Admin",2026-03-15T14:29:06Z,2027-03-15T14:29:06Z
,"a82e556e-78c7-4e2d-b0a7-945b7ebf9349",2026-03-15T14:27:58Z,2026-03-15T14:27:58Z,"4139a8c1-c961-498e-9512-465437a7bf6c","staffAuth","admin@diamondrentacar.gr","loginFailed","Wrong password",,,"admin@diamondrentacar.gr","Site Admin",2026-03-15T14:27:58Z,2027-03-15T14:27:58Z
,"aae55eba-16c7-4b39-b4e3-22b1903d23d1",2026-04-01T14:52:49Z,2026-04-01T14:52:49Z,"4139a8c1-c961-498e-9512-465437a7bf6c","staffAuth","ckatz1995@gmail.com","logout","Backroom logout",,,"ckatz1995@gmail.com","Nik nik",2026-04-01T14:52:49Z,2027-04-01T14:52:49Z
,"ac720d34-75a8-4ca7-a36c-a6cbd763e639",2026-03-17T11:18:52Z,2026-03-17T11:18:52Z,"48ba7aa5-ed2b-43d2-bdd7-6596e6ec75a8","pricing.businessSettings","a5128991-cf12-4a62-bcde-64e77309b454","pricing.saveBusinessSettings","Ενημέρωση business settings","{""rentalTermsIntro"":""Στην παρακάτω σελίδα συγκεντρώνονται βασικοί όροι, προϋποθέσεις και πολιτικές της ενοικίασης με μορφή εύκολη για ανάγνωση και ενημέρωση από το backroom. 1"",""nightEndHour"":8,""bookingCanceledTriggerId"":"""",""defaultDeposit"":0,""companyPhone"":""+30 2310 000 000"",""companyAddress"":""Θεσσαλονίκη, Ελλάδα"",""_id"":""a5128991-cf12-4a62-bcde-64e77309b454"",""insuranceTermsBody"":""Η βασική κάλυψη αφορά την τυπική συμμετοχή του ενοικιαστή σύμφωνα με τους όρους της εταιρίας. Οι επιπλέον καλύψεις μειώνουν ή περιορίζουν την ευθύνη ανάλογα με το πρόγραμμα που θα επιλεγεί. Πριν από την τελική παράδοση του οχήματος, η ομάδα μας επιβεβαιώνει ξανά τις καλύψεις, τις εξαιρέσεις και το ύψος της συμμετοχής. Δεν καλύπτονται περιστατικά που προκύπτουν από παραβίαση του ΚΟΚ, οδήγηση υπό επήρεια, μη εξουσιοδοτημένο οδηγό, απώλεια κλειδιών ή εγγράφων και χρήση του οχήματος εκτός των συμφωνημένων όρων. Οι πληροφορίες της σελίδας έχουν ενημερωτικό χαρακτήρα και υπερισχύουν οι τελικοί όροι που επιβεβαιώνονται από την εταιρία πριν την παραλαβή."",""_owner"":""284e089f-48c1-4969-b018-a9add65901a8"",""_createdDate"":""2026-03-15T14:21:47.499Z"",""insuranceTermsIntro"":""Οι ασφαλιστικές επιλογές και οι σχετικοί όροι παρουσιάζονται με απλό τρόπο πριν από την ολοκλήρωση της κράτησης."",""insuranceDetailsTitle"":""Λεπτομέρειες ασφαλιστικών επιλογών"",""insuranceDetailsIntro"":""Παρακάτω βλέπεις συνοπτικά τις επιλογές κάλυψης που χρησιμοποιούνται στο front booking flow."",""insuranceDetailsBody"":""Το CDW αποτελεί τη βασική κάλυψη χωρίς επιπλέον ημερήσια χρέωση. Το SCDW μειώνει περαιτέρω την οικονομική έκθεση του οδηγού, ενώ το FULL παρέχει την πιο ενισχυμένη επιλογή προστασίας που εμφανίζεται στο backroom και στο booking flow. Για κάθε κράτηση, το τελικό πρόγραμμα ασφάλισης, οι χρεώσεις και οι εξαιρέσεις επιβεβαιώνονται από την ομάδα μας πριν από την παράδοση."",""rentalPrivacyBody"":""Τα προσωπικά δεδομένα χρησιμοποιούνται αποκλειστικά για την εξυπηρέτηση της κράτησης, την επικοινωνία με τον πελάτη και την εκπλήρωση νομικών ή φορολογικών υποχρεώσεων της εταιρίας. Για ειδικά αιτήματα, διορθώσεις στοιχείων ή απορίες σχετικά με την επεξεργασία δεδομένων, ο πελάτης μπορεί να επικοινωνεί με την εταιρία στα διαθέσιμα στοιχεία επικοινωνίας."",""nightStartHour"":22,""_updatedDate"":""2026-03-17T11:18:25.822Z"",""allowOverbooking"":false,""companyName"":""DIAMOND Rent A Car"",""insuranceTermsTitle"":""Όροι και λεπτομέρειες ασφαλειών"",""rentalTermsTitle"":""Όροι ενοικίασης και πολιτικές"",""companyCity"":""Thessaloniki"",""bookingConfirmedTriggerId"":"""",""currency"":""EUR"",""footerNote"":""Επαγγελματική εμπειρία ενοικίασης οχήματος με καθαρή ροή κράτησης, ξεκάθαρη τιμολόγηση και προσωπική επιβεβαίωση."",""title"":""Default business settings"",""companyEmail"":""info@diamondrentacar.gr"",""companyTagline"":""Ενοικίαση οχημάτων στη Θεσσαλονίκη με καθαρή διαδικασία και γρήγορη επιβεβαίωση."",""rentalTermsBody"":""Η ενοικίαση ολοκληρώνεται μόνο μετά από επιβεβαίωση της διαθεσιμότητας από την εταιρία και έλεγχο των στοιχείων του οδηγού. Η εταιρία διατηρεί το δικαίωμα να προτείνει ισοδύναμο όχημα ίδιας ή ανώτερης κατηγορίας όταν αυτό απαιτηθεί από λειτουργικούς λόγους, χωρίς πρόσθετη χρέωση για τον πελάτη."",""vatRate"":24,""rentalRequirementsBody"":""Ο κύριος οδηγός οφείλει να διαθέτει ισχύουσα άδεια οδήγησης, ταυτότητα ή διαβατήριο και κάρτα ή άλλο μέσο πληρωμής αποδεκτό από την εταιρία. Ελάχιστη ηλικία, έτη κατοχής διπλώματος, εγγύηση και τυχόν επασφάλιστρα εξαρτώνται από την κατηγορία οχήματος και την τελική επιβεβαίωση της κράτησης."",""rentalPoliciesBody"":""Η πολιτική καυσίμου, οι ώρες παράδοσης και παραλαβής, οι χρεώσεις εκτός ωραρίου, οι ακυρώσεις, οι καθυστερήσεις και οι όροι επέκτασης της μίσθωσης επιβεβαιώνονται πριν την παράδοση. Τυχόν ζημιές, πρόστιμα, απώλειες εξοπλισμού ή χρήση του οχήματος κατά παράβαση των συμφωνημένων όρων βαρύνουν τον ενοικιαστή σύμφωνα με την τελική σύμβαση."",""active"":true}","{""rentalTermsIntro"":""Στην παρακάτω σελίδα συγκεντρώνονται βασικοί όροι, προϋποθέσεις και πολιτικές της ενοικίασης με μορφή εύκολη για ανάγνωση και ενημέρωση από το backroom."",""nightEndHour"":8,""bookingCanceledTriggerId"":"""",""defaultDeposit"":0,""companyPhone"":""+30 2310 000 000"",""companyAddress"":""Θεσσαλονίκη, Ελλάδα"",""_id"":""a5128991-cf12-4a62-bcde-64e77309b454"",""insuranceTermsBody"":""Η βασική κάλυψη αφορά την τυπική συμμετοχή του ενοικιαστή σύμφωνα με τους όρους της εταιρίας. Οι επιπλέον καλύψεις μειώνουν ή περιορίζουν την ευθύνη ανάλογα με το πρόγραμμα που θα επιλεγεί. Πριν από την τελική παράδοση του οχήματος, η ομάδα μας επιβεβαιώνει ξανά τις καλύψεις, τις εξαιρέσεις και το ύψος της συμμετοχής. Δεν καλύπτονται περιστατικά που προκύπτουν από παραβίαση του ΚΟΚ, οδήγηση υπό επήρεια, μη εξουσιοδοτημένο οδηγό, απώλεια κλειδιών ή εγγράφων και χρήση του οχήματος εκτός των συμφωνημένων όρων. Οι πληροφορίες της σελίδας έχουν ενημερωτικό χαρακτήρα και υπερισχύουν οι τελικοί όροι που επιβεβαιώνονται από την εταιρία πριν την παραλαβή."",""_owner"":""284e089f-48c1-4969-b018-a9add65901a8"",""_createdDate"":""2026-03-15T14:21:47.499Z"",""insuranceTermsIntro"":""Οι ασφαλιστικές επιλογές και οι σχετικοί όροι παρουσιάζονται με απλό τρόπο πριν από την ολοκλήρωση της κράτησης."",""insuranceDetailsTitle"":""Λεπτομέρειες ασφαλιστικών επιλογών"",""insuranceDetailsIntro"":""Παρακάτω βλέπεις συνοπτικά τις επιλογές κάλυψης που χρησιμοποιούνται στο front booking flow."",""insuranceDetailsBody"":""Το CDW αποτελεί τη βασική κάλυψη χωρίς επιπλέον ημερήσια χρέωση. Το SCDW μειώνει περαιτέρω την οικονομική έκθεση του οδηγού, ενώ το FULL παρέχει την πιο ενισχυμένη επιλογή προστασίας που εμφανίζεται στο backroom και στο booking flow. Για κάθε κράτηση, το τελικό πρόγραμμα ασφάλισης, οι χρεώσεις και οι εξαιρέσεις επιβεβαιώνονται από την ομάδα μας πριν από την παράδοση."",""rentalPrivacyBody"":""Τα προσωπικά δεδομένα χρησιμοποιούνται αποκλειστικά για την εξυπηρέτηση της κράτησης, την επικοινωνία με τον πελάτη και την εκπλήρωση νομικών ή φορολογικών υποχρεώσεων της εταιρίας. Για ειδικά αιτήματα, διορθώσεις στοιχείων ή απορίες σχετικά με την επεξεργασία δεδομένων, ο πελάτης μπορεί να επικοινωνεί με την εταιρία στα διαθέσιμα στοιχεία επικοινωνίας."",""nightStartHour"":22,""_updatedDate"":""2026-03-17T11:18:51.984Z"",""allowOverbooking"":false,""companyName"":""DIAMOND Rent A Car"",""insuranceTermsTitle"":""Όροι και λεπτομέρειες ασφαλειών"",""rentalTermsTitle"":""Όροι ενοικίασης και πολιτικές"",""companyCity"":""Thessaloniki"",""bookingConfirmedTriggerId"":"""",""currency"":""EUR"",""footerNote"":""Επαγγελματική εμπειρία ενοικίασης οχήματος με καθαρή ροή κράτησης, ξεκάθαρη τιμολόγηση και προσωπική επιβεβαίωση."",""title"":""Default business settings"",""companyEmail"":""info@diamondrentacar.gr"",""companyTagline"":""Ενοικίαση οχημάτων στη Θεσσαλονίκη με καθαρή διαδικασία και γρήγορη επιβεβαίωση."",""rentalTermsBody"":""Η ενοικίαση ολοκληρώνεται μόνο μετά από επιβεβαίωση της διαθεσιμότητας από την εταιρία και έλεγχο των στοιχείων του οδηγού. Η εταιρία διατηρεί το δικαίωμα να προτείνει ισοδύναμο όχημα ίδιας ή ανώτερης κατηγορίας όταν αυτό απαιτηθεί από λειτουργικούς λόγους, χωρίς πρόσθετη χρέωση για τον πελάτη."",""vatRate"":24,""rentalRequirementsBody"":""Ο κύριος οδηγός οφείλει να διαθέτει ισχύουσα άδεια οδήγησης, ταυτότητα ή διαβατήριο και κάρτα ή άλλο μέσο πληρωμής αποδεκτό από την εταιρία. Ελάχιστη ηλικία, έτη κατοχής διπλώματος, εγγύηση και τυχόν επασφάλιστρα εξαρτώνται από την κατηγορία οχήματος και την τελική επιβεβαίωση της κράτησης."",""rentalPoliciesBody"":""Η πολιτική καυσίμου, οι ώρες παράδοσης και παραλαβής, οι χρεώσεις εκτός ωραρίου, οι ακυρώσεις, οι καθυστερήσεις και οι όροι επέκτασης της μίσθωσης επιβεβαιώνονται πριν την παράδοση. Τυχόν ζημιές, πρόστιμα, απώλειες εξοπλισμού ή χρήση του οχήματος κατά παράβαση των συμφωνημένων όρων βαρύνουν τον ενοικιαστή σύμφωνα με την τελική σύμβαση."",""active"":true}","ckatz1995@gmail.com","Nik nik",2026-03-17T11:18:52Z,2027-03-17T11:18:52Z
,"ad3001df-d354-44e8-8c8b-e69a4145bc3e",2026-03-22T09:59:56Z,2026-03-22T09:59:56Z,"4139a8c1-c961-498e-9512-465437a7bf6c","pricing.pickupLocation","ktel_thessaloniki_copy","pricing.insert","Νέα τοποθεσία ΚΤΕΛ Θεσσαλονίκης Copy",,"{""key"":""ktel_thessaloniki_copy"",""label"":""ΚΤΕΛ Θεσσαλονίκης Copy"",""description"":""Παραλαβή / παράδοση στον σταθμό ΚΤΕΛ."",""locationType"":""dropoff"",""address"":""Σταθμός ΚΤΕΛ Μακεδονία, Θεσσαλονίκη"",""mapUrl"":"""",""extraFee"":20,""sortOrder"":40,""active"":true,""publicVisible"":true,""_id"":""1514a8fc-8690-4f29-b8de-415cf514bb74"",""_owner"":""4139a8c1-c961-498e-9512-465437a7bf6c"",""_createdDate"":""2026-03-22T09:59:56.022Z"",""_updatedDate"":""2026-03-22T09:59:56.022Z""}","ckatz1995@gmail.com","Nik nik",2026-03-22T09:59:56Z,2027-03-22T09:59:56Z
,"adbf5bca-e2b0-4621-8307-c45dc4914011",2026-03-24T13:34:08Z,2026-03-24T13:34:08Z,"48ba7aa5-ed2b-43d2-bdd7-6596e6ec75a8","staffAuth","ckatz1995@gmail.com","loginSuccess","Backroom login",,,"ckatz1995@gmail.com","Nik nik",2026-03-24T13:34:08Z,2027-03-24T13:34:08Z
,"ade52a59-09ff-4dcb-ad56-d379fff1b5c3",2026-03-22T10:11:33Z,2026-03-22T10:11:33Z,"4139a8c1-c961-498e-9512-465437a7bf6c","pricing.FeeRules","test","pricing.delete","Διαγραφή pricing item test1 (1 row(s))","{""audienceGroup"":"""",""description"":""test2"",""_id"":""b9a4b995-9d1f-4c5f-8186-da5214705f7a"",""_owner"":""4139a8c1-c961-498e-9512-465437a7bf6c"",""_createdDate"":""2026-03-15T16:17:22.228Z"",""billingMode"":""perBooking"",""publicVisible"":true,""label"":""test1"",""_updatedDate"":""2026-03-15T16:17:22.228Z"",""ruleType"":""manual"",""amount"":3,""key"":""test"",""sortOrder"":9999,""title"":""test1"",""active"":true}",,"ckatz1995@gmail.com","Nik nik",2026-03-22T10:11:33Z,2027-03-22T10:11:33Z
,"ae0ba6ac-65a8-4b1a-8d4e-8dc21d6bb858",2026-03-30T12:27:30Z,2026-03-30T12:27:30Z,"48ba7aa5-ed2b-43d2-bdd7-6596e6ec75a8","staffAuth","ckatz1995@hotmail.gr","loginFailed","Unknown or inactive user",,,"ckatz1995@hotmail.gr","ckatz1995@hotmail.gr",2026-03-30T12:27:30Z,2027-03-30T12:27:30Z
,"af894e4c-f9ff-4c37-a284-770c3dbbd63b",2026-03-16T15:24:51Z,2026-03-16T15:24:51Z,"48ba7aa5-ed2b-43d2-bdd7-6596e6ec75a8","pricing.extra","seconddriver","pricing.update","Ενημέρωση extra service Τρίτος οδηγός","{""description"":"""",""_id"":""58c0ff56-91dd-446a-80c4-10f9b855bb62"",""_owner"":""4139a8c1-c961-498e-9512-465437a7bf6c"",""_createdDate"":""2026-03-15T17:21:24.976Z"",""billingMode"":""perDay"",""price"":7,""publicVisible"":true,""label"":""Δεύτερος οδηγός"",""_updatedDate"":""2026-03-15T17:21:24.976Z"",""key"":""seconddriver"",""sortOrder"":4,""title"":""Δεύτερος οδηγός"",""active"":true}","{""description"":"""",""_id"":""58c0ff56-91dd-446a-80c4-10f9b855bb62"",""_owner"":""4139a8c1-c961-498e-9512-465437a7bf6c"",""_createdDate"":""2026-03-15T17:21:24.976Z"",""billingMode"":""perDay"",""price"":5,""publicVisible"":true,""label"":""Τρίτος οδηγός"",""_updatedDate"":""2026-03-16T15:24:50.878Z"",""key"":""seconddriver"",""sortOrder"":4,""title"":""Τρίτος οδηγός"",""active"":true}","ckatz1995@gmail.com","Nik nik",2026-03-16T15:24:50Z,2027-03-16T15:24:50Z
,"affb1ce5-9c8e-4224-8419-323ba0ac9255",2026-03-16T15:35:51Z,2026-03-16T15:35:51Z,"48ba7aa5-ed2b-43d2-bdd7-6596e6ec75a8","staffAuth","ckatz1995@gmail.com","loginSuccess","Backroom login",,,"ckatz1995@gmail.com","Nik nik",2026-03-16T15:35:49Z,2027-03-16T15:35:49Z
,"b03878f4-070a-4bbe-96ea-9340c44f45ff",2026-04-04T10:58:22Z,2026-04-04T10:58:22Z,"4139a8c1-c961-498e-9512-465437a7bf6c","pricing.businessSettings","a5128991-cf12-4a62-bcde-64e77309b454","pricing.saveBusinessSettings","Ενημέρωση business settings","{""stationSettings"":{""ath"":{""vehiclesPageModelsSource"":""fleet"",""rentalTermsIntro"":""Στην παρακάτω σελίδα συγκεντρώνονται βασικοί όροι, προϋποθέσεις και πολιτικές της ενοικίασης με μορφή εύκολη για ανάγνωση και ενημέρωση από το backroom."",""nightEndHour"":8,""stationProfiles"":[{""key"":""default"",""label"":""Κεντρικός σταθμός"",""description"":""""},{""key"":""ath"",""label"":""ATH Athens"",""description"":""""}],""bookingCanceledTriggerId"":"""",""defaultDeposit"":0,""operatingHoursLabel"":""08:00 - 22:00"",""companyPhone"":""+30 2310 000 000"",""companyAddress"":""Θεσσαλονίκη, Ελλάδα"",""insuranceTermsBody"":""Η βασική κάλυψη αφορά την τυπική συμμετοχή του ενοικιαστή σύμφωνα με τους όρους της εταιρίας. Οι επιπλέον καλύψεις μειώνουν ή περιορίζουν την ευθύνη ανάλογα με το πρόγραμμα που θα επιλεγεί. Πριν από την τελική παράδοση του οχήματος, η ομάδα μας επιβεβαιώνει ξανά τις καλύψεις, τις εξαιρέσεις και το ύψος της συμμετοχής. Δεν καλύπτονται περιστατικά που προκύπτουν από παραβίαση του ΚΟΚ, οδήγηση υπό επήρεια, μη εξουσιοδοτημένο οδηγό, απώλεια κλειδιών ή εγγράφων και χρήση του οχήματος εκτός των συμφωνημένων όρων. Οι πληροφορίες της σελίδας έχουν ενημερωτικό χαρακτήρα και υπερισχύουν οι τελικοί όροι που επιβεβαιώνονται από την εταιρία πριν την παραλαβή."",""insuranceTermsIntro"":""Οι ασφαλιστικές επιλογές και οι σχετικοί όροι παρουσιάζονται με απλό τρόπο πριν από την ολοκλήρωση της κράτησης."",""insuranceDetailsTitle"":""Λεπτομέρειες ασφαλιστικών επιλογών"",""insuranceDetailsIntro"":""Παρακάτω βλέπεις συνοπτικά τις επιλογές κάλυψης που χρησιμοποιούνται στο front booking flow."",""insuranceDetailsBody"":""Το CDW αποτελεί τη βασική κάλυψη χωρίς επιπλέον ημερήσια χρέωση. Το SCDW μειώνει περαιτέρω την οικονομική έκθεση του οδηγού, ενώ το FULL παρέχει την πιο ενισχυμένη επιλογή προστασίας που εμφανίζεται στο backroom και στο booking flow. Για κάθε κράτηση, το τελικό πρόγραμμα ασφάλισης, οι χρεώσεις και οι εξαιρέσεις επιβεβαιώνονται από την ομάδα μας πριν από την παράδοση."",""rentalPrivacyBody"":""Τα προσωπικά δεδομένα χρησιμοποιούνται αποκλειστικά για την εξυπηρέτηση της κράτησης, την επικοινωνία με τον πελάτη και την εκπλήρωση νομικών ή φορολογικών υποχρεώσεων της εταιρίας. Για ειδικά αιτήματα, διορθώσεις στοιχείων ή απορίες σχετικά με την επεξεργασία δεδομένων, ο πελάτης μπορεί να επικοινωνεί με την εταιρία στα διαθέσιμα στοιχεία επικοινωνίας."",""nightStartHour"":22,""allowOverbooking"":true,""companyName"":""DIAMOND Rent A Car"",""insuranceTermsTitle"":""Όροι και λεπτομέρειες ασφαλειών"",""rentalTermsTitle"":""Όροι ενοικίασης και πολιτικές"",""companyCity"":""Thessaloniki"",""bookingConfirmedTriggerId"":"""",""currency"":""EUR"",""footerNote"":""Επαγγελματική εμπειρία ενοικίασης οχήματος με καθαρή ροή κράτησης, ξεκάθαρη τιμολόγηση και προσωπική επιβεβαίωση."",""title"":""Business settings"",""companyEmail"":""info@diamondrentacar.gr"",""companyTagline"":""Ενοικίαση οχημάτων στη Θεσσαλονίκη με καθαρή διαδικασία και γρήγορη επιβεβαίωση."",""rentalTermsBody"":""Η ενοικίαση ολοκληρώνεται μόνο μετά από επιβεβαίωση της διαθεσιμότητας από την εταιρία και έλεγχο των στοιχείων του οδηγού. Η εταιρία διατηρεί το δικαίωμα να προτείνει ισοδύναμο όχημα ίδιας ή ανώτερης κατηγορίας όταν αυτό απαιτηθεί από λειτουργικούς λόγους, χωρίς πρόσθετη χρέωση για τον πελάτη."",""vatRate"":24,""rentalRequirementsBody"":""Ο κύριος οδηγός οφείλει να διαθέτει ισχύουσα άδεια οδήγησης, ταυτότητα ή διαβατήριο και κάρτα ή άλλο μέσο πληρωμής αποδεκτό από την εταιρία. Ελάχιστη ηλικία, έτη κατοχής διπλώματος, εγγύηση και τυχόν επασφάλιστρα εξαρτώνται από την κατηγορία οχήματος και την τελική επιβεβαίωση της κράτησης."",""vehiclesPageDisplayMode"":""categories"",""enableTriggeredEmails"":false,""rentalPoliciesBody"":""Η πολιτική καυσίμου, οι ώρες παράδοσης και παραλαβής, οι χρεώσεις εκτός ωραρίου, οι ακυρώσεις, οι καθυστερήσεις και οι όροι επέκτασης της μίσθωσης επιβεβαιώνονται πριν την παράδοση. Τυχόν ζημιές, πρόστιμα, απώλειες εξοπλισμού ή χρήση του οχήματος κατά παράβαση των συμφωνημένων όρων βαρύνουν τον ενοικιαστή σύμφωνα με την τελική σύμβαση."",""active"":true,""afterHoursNotice"":""Για εξυπηρέτηση εκτός ωραρίου ισχύουν επιπλέον χρεώσεις.""}},""vehiclesPageModelsSource"":""fleet"",""rentalTermsIntro"":""Στην παρακάτω σελίδα συγκεντρώνονται βασικοί όροι, προϋποθέσεις και πολιτικές της ενοικίασης με μορφή εύκολη για ανάγνωση και ενημέρωση από το backroom."",""nightEndHour"":8,""stationProfiles"":[{""key"":""default"",""label"":""Κεντρικός σταθμός"",""description"":""""},{""key"":""ath"",""label"":""ATH Athens"",""description"":""""}],""bookingCanceledTriggerId"":"""",""defaultDeposit"":0,""operatingHoursLabel"":""08:00 - 22:00"",""companyPhone"":""+30 2310 000 000"",""companyAddress"":""Θεσσαλονίκη, Ελλάδα"",""_id"":""a5128991-cf12-4a62-bcde-64e77309b454"",""insuranceTermsBody"":""Η βασική κάλυψη αφορά την τυπική συμμετοχή του ενοικιαστή σύμφωνα με τους όρους της εταιρίας. Οι επιπλέον καλύψεις μειώνουν ή περιορίζουν την ευθύνη ανάλογα με το πρόγραμμα που θα επιλεγεί. Πριν από την τελική παράδοση του οχήματος, η ομάδα μας επιβεβαιώνει ξανά τις καλύψεις, τις εξαιρέσεις και το ύψος της συμμετοχής. Δεν καλύπτονται περιστατικά που προκύπτουν από παραβίαση του ΚΟΚ, οδήγηση υπό επήρεια, μη εξουσιοδοτημένο οδηγό, απώλεια κλειδιών ή εγγράφων και χρήση του οχήματος εκτός των συμφωνημένων όρων. Οι πληροφορίες της σελίδας έχουν ενημερωτικό χαρακτήρα και υπερισχύουν οι τελικοί όροι που επιβεβαιώνονται από την εταιρία πριν την παραλαβή."",""_owner"":""284e089f-48c1-4969-b018-a9add65901a8"",""_createdDate"":""2026-03-15T14:21:47.499Z"",""insuranceTermsIntro"":""Οι ασφαλιστικές επιλογές και οι σχετικοί όροι παρουσιάζονται με απλό τρόπο πριν από την ολοκλήρωση της κράτησης."",""insuranceDetailsTitle"":""Λεπτομέρειες ασφαλιστικών επιλογών"",""insuranceDetailsIntro"":""Παρακάτω βλέπεις συνοπτικά τις επιλογές κάλυψης που χρησιμοποιούνται στο front booking flow."",""insuranceDetailsBody"":""Το CDW αποτελεί τη βασική κάλυψη χωρίς επιπλέον ημερήσια χρέωση. Το SCDW μειώνει περαιτέρω την οικονομική έκθεση του οδηγού, ενώ το FULL παρέχει την πιο ενισχυμένη επιλογή προστασίας που εμφανίζεται στο backroom και στο booking flow. Για κάθε κράτηση, το τελικό πρόγραμμα ασφάλισης, οι χρεώσεις και οι εξαιρέσεις επιβεβαιώνονται από την ομάδα μας πριν από την παράδοση."",""rentalPrivacyBody"":""Τα προσωπικά δεδομένα χρησιμοποιούνται αποκλειστικά για την εξυπηρέτηση της κράτησης, την επικοινωνία με τον πελάτη και την εκπλήρωση νομικών ή φορολογικών υποχρεώσεων της εταιρίας. Για ειδικά αιτήματα, διορθώσεις στοιχείων ή απορίες σχετικά με την επεξεργασία δεδομένων, ο πελάτης μπορεί να επικοινωνεί με την εταιρία στα διαθέσιμα στοιχεία επικοινωνίας."",""nightStartHour"":22,""_updatedDate"":""2026-04-04T10:56:44.735Z"",""allowOverbooking"":true,""companyName"":""DIAMOND Rent A Car"",""insuranceTermsTitle"":""Όροι και λεπτομέρειες ασφαλειών"",""rentalTermsTitle"":""Όροι ενοικίασης και πολιτικές"",""companyCity"":""Thessaloniki"",""bookingConfirmedTriggerId"":"""",""currency"":""EUR"",""footerNote"":""Επαγγελματική εμπειρία ενοικίασης οχήματος με καθαρή ροή κράτησης, ξεκάθαρη τιμολόγηση και προσωπική επιβεβαίωση."",""title"":""Business settings"",""companyEmail"":""info@diamondrentacar.gr"",""companyTagline"":""Ενοικίαση οχημάτων στη Θεσσαλονίκη με καθαρή διαδικασία και γρήγορη επιβεβαίωση."",""rentalTermsBody"":""Η ενοικίαση ολοκληρώνεται μόνο μετά από επιβεβαίωση της διαθεσιμότητας από την εταιρία και έλεγχο των στοιχείων του οδηγού. Η εταιρία διατηρεί το δικαίωμα να προτείνει ισοδύναμο όχημα ίδιας ή ανώτερης κατηγορίας όταν αυτό απαιτηθεί από λειτουργικούς λόγους, χωρίς πρόσθετη χρέωση για τον πελάτη."",""vatRate"":24,""rentalRequirementsBody"":""Ο κύριος οδηγός οφείλει να διαθέτει ισχύουσα άδεια οδήγησης, ταυτότητα ή διαβατήριο και κάρτα ή άλλο μέσο πληρωμής αποδεκτό από την εταιρία. Ελάχιστη ηλικία, έτη κατοχής διπλώματος, εγγύηση και τυχόν επασφάλιστρα εξαρτώνται από την κατηγορία οχήματος και την τελική επιβεβαίωση της κράτησης."",""vehiclesPageDisplayMode"":""categories"",""enableTriggeredEmails"":false,""rentalPoliciesBody"":""Η πολιτική καυσίμου, οι ώρες παράδοσης και παραλαβής, οι χρεώσεις εκτός ωραρίου, οι ακυρώσεις, οι καθυστερήσεις και οι όροι επέκτασης της μίσθωσης επιβεβαιώνονται πριν την παράδοση. Τυχόν ζημιές, πρόστιμα, απώλειες εξοπλισμού ή χρήση του οχήματος κατά παράβαση των συμφωνημένων όρων βαρύνουν τον ενοικιαστή σύμφωνα με την τελική σύμβαση."",""active"":true,""afterHoursNotice"":""Για εξυπηρέτηση εκτός ωραρίου ισχύουν επιπλέον χρεώσεις.""}","{""stationSettings"":{""ath"":{""vehiclesPageModelsSource"":""fleet"",""rentalTermsIntro"":""Στην παρακάτω σελίδα συγκεντρώνονται βασικοί όροι, προϋποθέσεις και πολιτικές της ενοικίασης με μορφή εύκολη για ανάγνωση και ενημέρωση από το backroom."",""nightEndHour"":8,""stationProfiles"":[{""key"":""default"",""label"":""Κεντρικός σταθμός"",""description"":""""},{""key"":""ath"",""label"":""ATH Athens"",""description"":""""}],""bookingCanceledTriggerId"":"""",""defaultDeposit"":0,""operatingHoursLabel"":""08:00 - 22:00"",""companyPhone"":""+30 2310 000 000"",""companyAddress"":""Θεσσαλονίκη, Ελλάδα"",""insuranceTermsBody"":""Η βασική κάλυψη αφορά την τυπική συμμετοχή του ενοικιαστή σύμφωνα με τους όρους της εταιρίας. Οι επιπλέον καλύψεις μειώνουν ή περιορίζουν την ευθύνη ανάλογα με το πρόγραμμα που θα επιλεγεί. Πριν από την τελική παράδοση του οχήματος, η ομάδα μας επιβεβαιώνει ξανά τις καλύψεις, τις εξαιρέσεις και το ύψος της συμμετοχής. Δεν καλύπτονται περιστατικά που προκύπτουν από παραβίαση του ΚΟΚ, οδήγηση υπό επήρεια, μη εξουσιοδοτημένο οδηγό, απώλεια κλειδιών ή εγγράφων και χρήση του οχήματος εκτός των συμφωνημένων όρων. Οι πληροφορίες της σελίδας έχουν ενημερωτικό χαρακτήρα και υπερισχύουν οι τελικοί όροι που επιβεβαιώνονται από την εταιρία πριν την παραλαβή."",""insuranceTermsIntro"":""Οι ασφαλιστικές επιλογές και οι σχετικοί όροι παρουσιάζονται με απλό τρόπο πριν από την ολοκλήρωση της κράτησης."",""insuranceDetailsTitle"":""Λεπτομέρειες ασφαλιστικών επιλογών"",""insuranceDetailsIntro"":""Παρακάτω βλέπεις συνοπτικά τις επιλογές κάλυψης που χρησιμοποιούνται στο front booking flow."",""insuranceDetailsBody"":""Το CDW αποτελεί τη βασική κάλυψη χωρίς επιπλέον ημερήσια χρέωση. Το SCDW μειώνει περαιτέρω την οικονομική έκθεση του οδηγού, ενώ το FULL παρέχει την πιο ενισχυμένη επιλογή προστασίας που εμφανίζεται στο backroom και στο booking flow. Για κάθε κράτηση, το τελικό πρόγραμμα ασφάλισης, οι χρεώσεις και οι εξαιρέσεις επιβεβαιώνονται από την ομάδα μας πριν από την παράδοση."",""rentalPrivacyBody"":""Τα προσωπικά δεδομένα χρησιμοποιούνται αποκλειστικά για την εξυπηρέτηση της κράτησης, την επικοινωνία με τον πελάτη και την εκπλήρωση νομικών ή φορολογικών υποχρεώσεων της εταιρίας. Για ειδικά αιτήματα, διορθώσεις στοιχείων ή απορίες σχετικά με την επεξεργασία δεδομένων, ο πελάτης μπορεί να επικοινωνεί με την εταιρία στα διαθέσιμα στοιχεία επικοινωνίας."",""nightStartHour"":22,""allowOverbooking"":true,""companyName"":""DIAMOND Rent A Car"",""insuranceTermsTitle"":""Όροι και λεπτομέρειες ασφαλειών"",""rentalTermsTitle"":""Όροι ενοικίασης και πολιτικές"",""companyCity"":""Thessaloniki"",""bookingConfirmedTriggerId"":"""",""currency"":""EUR"",""footerNote"":""Επαγγελματική εμπειρία ενοικίασης οχήματος με καθαρή ροή κράτησης, ξεκάθαρη τιμολόγηση και προσωπική επιβεβαίωση."",""title"":""Business settings"",""companyEmail"":""info@diamondrentacar.gr"",""companyTagline"":""Ενοικίαση οχημάτων στη Θεσσαλονίκη με καθαρή διαδικασία και γρήγορη επιβεβαίωση."",""rentalTermsBody"":""Η ενοικίαση ολοκληρώνεται μόνο μετά από επιβεβαίωση της διαθεσιμότητας από την εταιρία και έλεγχο των στοιχείων του οδηγού. Η εταιρία διατηρεί το δικαίωμα να προτείνει ισοδύναμο όχημα ίδιας ή ανώτερης κατηγορίας όταν αυτό απαιτηθεί από λειτουργικούς λόγους, χωρίς πρόσθετη χρέωση για τον πελάτη."",""vatRate"":24,""rentalRequirementsBody"":""Ο κύριος οδηγός οφείλει να διαθέτει ισχύουσα άδεια οδήγησης, ταυτότητα ή διαβατήριο και κάρτα ή άλλο μέσο πληρωμής αποδεκτό από την εταιρία. Ελάχιστη ηλικία, έτη κατοχής διπλώματος, εγγύηση και τυχόν επασφάλιστρα εξαρτώνται από την κατηγορία οχήματος και την τελική επιβεβαίωση της κράτησης."",""vehiclesPageDisplayMode"":""categories"",""enableTriggeredEmails"":false,""rentalPoliciesBody"":""Η πολιτική καυσίμου, οι ώρες παράδοσης και παραλαβής, οι χρεώσεις εκτός ωραρίου, οι ακυρώσεις, οι καθυστερήσεις και οι όροι επέκτασης της μίσθωσης επιβεβαιώνονται πριν την παράδοση. Τυχόν ζημιές, πρόστιμα, απώλειες εξοπλισμού ή χρήση του οχήματος κατά παράβαση των συμφωνημένων όρων βαρύνουν τον ενοικιαστή σύμφωνα με την τελική σύμβαση."",""active"":true,""afterHoursNotice"":""Για εξυπηρέτηση εκτός ωραρίου ισχύουν επιπλέον χρεώσεις.""}},""vehiclesPageModelsSource"":""fleet"",""rentalTermsIntro"":""Στην παρακάτω σελίδα συγκεντρώνονται βασικοί όροι, προϋποθέσεις και πολιτικές της ενοικίασης με μορφή εύκολη για ανάγνωση και ενημέρωση από το backroom."",""nightEndHour"":8,""stationProfiles"":[{""key"":""default"",""label"":""Κεντρικός σταθμός"",""description"":""""},{""key"":""ath"",""label"":""ATH Athens"",""description"":""""}],""bookingCanceledTriggerId"":"""",""defaultDeposit"":0,""operatingHoursLabel"":""08:00 - 22:00"",""companyPhone"":""+30 2310 000 000"",""companyAddress"":""Θεσσαλονίκη, Ελλάδα"",""_id"":""a5128991-cf12-4a62-bcde-64e77309b454"",""insuranceTermsBody"":""Η βασική κάλυψη αφορά την τυπική συμμετοχή του ενοικιαστή σύμφωνα με τους όρους της εταιρίας. Οι επιπλέον καλύψεις μειώνουν ή περιορίζουν την ευθύνη ανάλογα με το πρόγραμμα που θα επιλεγεί. Πριν από την τελική παράδοση του οχήματος, η ομάδα μας επιβεβαιώνει ξανά τις καλύψεις, τις εξαιρέσεις και το ύψος της συμμετοχής. Δεν καλύπτονται περιστατικά που προκύπτουν από παραβίαση του ΚΟΚ, οδήγηση υπό επήρεια, μη εξουσιοδοτημένο οδηγό, απώλεια κλειδιών ή εγγράφων και χρήση του οχήματος εκτός των συμφωνημένων όρων. Οι πληροφορίες της σελίδας έχουν ενημερωτικό χαρακτήρα και υπερισχύουν οι τελικοί όροι που επιβεβαιώνονται από την εταιρία πριν την παραλαβή."",""_owner"":""284e089f-48c1-4969-b018-a9add65901a8"",""_createdDate"":""2026-03-15T14:21:47.499Z"",""insuranceTermsIntro"":""Οι ασφαλιστικές επιλογές και οι σχετικοί όροι παρουσιάζονται με απλό τρόπο πριν από την ολοκλήρωση της κράτησης."",""insuranceDetailsTitle"":""Λεπτομέρειες ασφαλιστικών επιλογών"",""insuranceDetailsIntro"":""Παρακάτω βλέπεις συνοπτικά τις επιλογές κάλυψης που χρησιμοποιούνται στο front booking flow."",""insuranceDetailsBody"":""Το CDW αποτελεί τη βασική κάλυψη χωρίς επιπλέον ημερήσια χρέωση. Το SCDW μειώνει περαιτέρω την οικονομική έκθεση του οδηγού, ενώ το FULL παρέχει την πιο ενισχυμένη επιλογή προστασίας που εμφανίζεται στο backroom και στο booking flow. Για κάθε κράτηση, το τελικό πρόγραμμα ασφάλισης, οι χρεώσεις και οι εξαιρέσεις επιβεβαιώνονται από την ομάδα μας πριν από την παράδοση."",""rentalPrivacyBody"":""Τα προσωπικά δεδομένα χρησιμοποιούνται αποκλειστικά για την εξυπηρέτηση της κράτησης, την επικοινωνία με τον πελάτη και την εκπλήρωση νομικών ή φορολογικών υποχρεώσεων της εταιρίας. Για ειδικά αιτήματα, διορθώσεις στοιχείων ή απορίες σχετικά με την επεξεργασία δεδομένων, ο πελάτης μπορεί να επικοινωνεί με την εταιρία στα διαθέσιμα στοιχεία επικοινωνίας."",""nightStartHour"":22,""_updatedDate"":""2026-04-04T10:58:22.133Z"",""allowOverbooking"":true,""companyName"":""DIAMOND Rent A Car"",""insuranceTermsTitle"":""Όροι και λεπτομέρειες ασφαλειών"",""rentalTermsTitle"":""Όροι ενοικίασης και πολιτικές"",""companyCity"":""Thessaloniki"",""bookingConfirmedTriggerId"":"""",""currency"":""EUR"",""footerNote"":""Επαγγελματική εμπειρία ενοικίασης οχήματος με καθαρή ροή κράτησης, ξεκάθαρη τιμολόγηση και προσωπική επιβεβαίωση."",""title"":""Business settings"",""companyEmail"":""info@diamondrentacar.gr"",""companyTagline"":""Ενοικίαση οχημάτων στη Θεσσαλονίκη με καθαρή διαδικασία και γρήγορη επιβεβαίωση."",""rentalTermsBody"":""Η ενοικίαση ολοκληρώνεται μόνο μετά από επιβεβαίωση της διαθεσιμότητας από την εταιρία και έλεγχο των στοιχείων του οδηγού. Η εταιρία διατηρεί το δικαίωμα να προτείνει ισοδύναμο όχημα ίδιας ή ανώτερης κατηγορίας όταν αυτό απαιτηθεί από λειτουργικούς λόγους, χωρίς πρόσθετη χρέωση για τον πελάτη."",""vatRate"":24,""rentalRequirementsBody"":""Ο κύριος οδηγός οφείλει να διαθέτει ισχύουσα άδεια οδήγησης, ταυτότητα ή διαβατήριο και κάρτα ή άλλο μέσο πληρωμής αποδεκτό από την εταιρία. Ελάχιστη ηλικία, έτη κατοχής διπλώματος, εγγύηση και τυχόν επασφάλιστρα εξαρτώνται από την κατηγορία οχήματος και την τελική επιβεβαίωση της κράτησης."",""vehiclesPageDisplayMode"":""categories"",""enableTriggeredEmails"":false,""rentalPoliciesBody"":""Η πολιτική καυσίμου, οι ώρες παράδοσης και παραλαβής, οι χρεώσεις εκτός ωραρίου, οι ακυρώσεις, οι καθυστερήσεις και οι όροι επέκτασης της μίσθωσης επιβεβαιώνονται πριν την παράδοση. Τυχόν ζημιές, πρόστιμα, απώλειες εξοπλισμού ή χρήση του οχήματος κατά παράβαση των συμφωνημένων όρων βαρύνουν τον ενοικιαστή σύμφωνα με την τελική σύμβαση."",""active"":true,""afterHoursNotice"":""Για εξυπηρέτηση εκτός ωραρίου ισχύουν επιπλέον χρεώσεις.""}","ckatz1995@gmail.com","Nik nik",2026-04-04T10:58:22Z,2027-04-04T10:58:22Z
,"b0affe82-35d7-4d16-a5bf-331a1352c340",2026-03-16T07:43:27Z,2026-03-16T07:43:27Z,"4139a8c1-c961-498e-9512-465437a7bf6c","pricing.pickupLocation","city_center_office_copy","pricing.update","Ενημέρωση τοποθεσία Κέντρο Θεσσαλονίκης Copy","{""description"":""Παραλαβή / παράδοση από το κεντρικό σημείο εξυπηρέτησης."",""_id"":""ebb125a2-bdae-489c-87e1-5bc86581d185"",""_owner"":""4139a8c1-c961-498e-9512-465437a7bf6c"",""_createdDate"":""2026-03-16T07:42:43.237Z"",""mapUrl"":"""",""publicVisible"":true,""label"":""Κέντρο Θεσσαλονίκης Copy"",""_updatedDate"":""2026-03-16T07:43:18.292Z"",""key"":""city_center_office_copy"",""extraFee"":15,""sortOrder"":20,""address"":""Θεσσαλονίκη, Κέντρο"",""locationType"":""pickup"",""active"":true}","{""description"":""Παραλαβή / παράδοση από το κεντρικό σημείο εξυπηρέτησης."",""_id"":""ebb125a2-bdae-489c-87e1-5bc86581d185"",""_owner"":""4139a8c1-c961-498e-9512-465437a7bf6c"",""_createdDate"":""2026-03-16T07:42:43.237Z"",""mapUrl"":"""",""publicVisible"":true,""label"":""Κέντρο Θεσσαλονίκης Copy"",""_updatedDate"":""2026-03-16T07:43:27.055Z"",""key"":""city_center_office_copy"",""extraFee"":15,""sortOrder"":20,""address"":""Θεσσαλονίκη, Κέντρο"",""locationType"":""dropoff"",""active"":true}","ckatz1995@gmail.com","Nik nik",2026-03-16T07:43:27Z,2027-03-16T07:43:27Z
,"b1f638db-d4df-4be9-a833-7ad51272cbcc",2026-03-16T16:13:25Z,2026-03-16T16:13:25Z,"48ba7aa5-ed2b-43d2-bdd7-6596e6ec75a8","pricing.extra","snow_chains","pricing.update","Ενημέρωση extra service Αλυσίδες Χιονιού","{""description"":"""",""_id"":""d7f5c08f-3975-4744-85b1-a299b3c144a4"",""_owner"":""48ba7aa5-ed2b-43d2-bdd7-6596e6ec75a8"",""_createdDate"":""2026-03-16T15:21:51.480Z"",""billingMode"":""perBooking"",""price"":30,""publicVisible"":true,""label"":""Αλυσίδες Χιονιού"",""_updatedDate"":""2026-03-16T16:11:54.736Z"",""key"":""snow_chains"",""sortOrder"":6,""title"":""Αλυσίδες Χιονιού"",""active"":true}","{""description"":""."",""_id"":""d7f5c08f-3975-4744-85b1-a299b3c144a4"",""_owner"":""48ba7aa5-ed2b-43d2-bdd7-6596e6ec75a8"",""_createdDate"":""2026-03-16T15:21:51.480Z"",""billingMode"":""perBooking"",""price"":30,""publicVisible"":true,""label"":""Αλυσίδες Χιονιού"",""_updatedDate"":""2026-03-16T16:13:25.032Z"",""key"":""snow_chains"",""sortOrder"":6,""title"":""Αλυσίδες Χιονιού"",""active"":true}","ckatz1995@gmail.com","Nik nik",2026-03-16T16:13:25Z,2027-03-16T16:13:25Z
,"b2984dfe-6f23-44ac-b262-6faf7a4fdd46",2026-03-18T08:32:46Z,2026-03-18T08:32:46Z,"48ba7aa5-ed2b-43d2-bdd7-6596e6ec75a8","pricing.businessSettings","a5128991-cf12-4a62-bcde-64e77309b454","pricing.saveBusinessSettings","Ενημέρωση business settings","{""vehiclesPageModelsSource"":""fleet"",""rentalTermsIntro"":""Στην παρακάτω σελίδα συγκεντρώνονται βασικοί όροι, προϋποθέσεις και πολιτικές της ενοικίασης με μορφή εύκολη για ανάγνωση και ενημέρωση από το backroom."",""nightEndHour"":8,""bookingCanceledTriggerId"":"""",""defaultDeposit"":0,""companyPhone"":""+30 2310 000 000"",""companyAddress"":""Θεσσαλονίκη, Ελλάδα"",""_id"":""a5128991-cf12-4a62-bcde-64e77309b454"",""insuranceTermsBody"":""Η βασική κάλυψη αφορά την τυπική συμμετοχή του ενοικιαστή σύμφωνα με τους όρους της εταιρίας. Οι επιπλέον καλύψεις μειώνουν ή περιορίζουν την ευθύνη ανάλογα με το πρόγραμμα που θα επιλεγεί. Πριν από την τελική παράδοση του οχήματος, η ομάδα μας επιβεβαιώνει ξανά τις καλύψεις, τις εξαιρέσεις και το ύψος της συμμετοχής. Δεν καλύπτονται περιστατικά που προκύπτουν από παραβίαση του ΚΟΚ, οδήγηση υπό επήρεια, μη εξουσιοδοτημένο οδηγό, απώλεια κλειδιών ή εγγράφων και χρήση του οχήματος εκτός των συμφωνημένων όρων. Οι πληροφορίες της σελίδας έχουν ενημερωτικό χαρακτήρα και υπερισχύουν οι τελικοί όροι που επιβεβαιώνονται από την εταιρία πριν την παραλαβή."",""_owner"":""284e089f-48c1-4969-b018-a9add65901a8"",""_createdDate"":""2026-03-15T14:21:47.499Z"",""insuranceTermsIntro"":""Οι ασφαλιστικές επιλογές και οι σχετικοί όροι παρουσιάζονται με απλό τρόπο πριν από την ολοκλήρωση της κράτησης."",""insuranceDetailsTitle"":""Λεπτομέρειες ασφαλιστικών επιλογών"",""insuranceDetailsIntro"":""Παρακάτω βλέπεις συνοπτικά τις επιλογές κάλυψης που χρησιμοποιούνται στο front booking flow."",""insuranceDetailsBody"":""Το CDW αποτελεί τη βασική κάλυψη χωρίς επιπλέον ημερήσια χρέωση. Το SCDW μειώνει περαιτέρω την οικονομική έκθεση του οδηγού, ενώ το FULL παρέχει την πιο ενισχυμένη επιλογή προστασίας που εμφανίζεται στο backroom και στο booking flow. Για κάθε κράτηση, το τελικό πρόγραμμα ασφάλισης, οι χρεώσεις και οι εξαιρέσεις επιβεβαιώνονται από την ομάδα μας πριν από την παράδοση."",""rentalPrivacyBody"":""Τα προσωπικά δεδομένα χρησιμοποιούνται αποκλειστικά για την εξυπηρέτηση της κράτησης, την επικοινωνία με τον πελάτη και την εκπλήρωση νομικών ή φορολογικών υποχρεώσεων της εταιρίας. Για ειδικά αιτήματα, διορθώσεις στοιχείων ή απορίες σχετικά με την επεξεργασία δεδομένων, ο πελάτης μπορεί να επικοινωνεί με την εταιρία στα διαθέσιμα στοιχεία επικοινωνίας."",""nightStartHour"":22,""_updatedDate"":""2026-03-18T08:28:29.100Z"",""allowOverbooking"":true,""companyName"":""DIAMOND Rent A Car"",""insuranceTermsTitle"":""Όροι και λεπτομέρειες ασφαλειών"",""rentalTermsTitle"":""Όροι ενοικίασης και πολιτικές"",""companyCity"":""Thessaloniki"",""bookingConfirmedTriggerId"":"""",""currency"":""EUR"",""footerNote"":""Επαγγελματική εμπειρία ενοικίασης οχήματος με καθαρή ροή κράτησης, ξεκάθαρη τιμολόγηση και προσωπική επιβεβαίωση."",""title"":""Default business settings"",""companyEmail"":""info@diamondrentacar.gr"",""companyTagline"":""Ενοικίαση οχημάτων στη Θεσσαλονίκη με καθαρή διαδικασία και γρήγορη επιβεβαίωση."",""rentalTermsBody"":""Η ενοικίαση ολοκληρώνεται μόνο μετά από επιβεβαίωση της διαθεσιμότητας από την εταιρία και έλεγχο των στοιχείων του οδηγού. Η εταιρία διατηρεί το δικαίωμα να προτείνει ισοδύναμο όχημα ίδιας ή ανώτερης κατηγορίας όταν αυτό απαιτηθεί από λειτουργικούς λόγους, χωρίς πρόσθετη χρέωση για τον πελάτη."",""vatRate"":24,""rentalRequirementsBody"":""Ο κύριος οδηγός οφείλει να διαθέτει ισχύουσα άδεια οδήγησης, ταυτότητα ή διαβατήριο και κάρτα ή άλλο μέσο πληρωμής αποδεκτό από την εταιρία. Ελάχιστη ηλικία, έτη κατοχής διπλώματος, εγγύηση και τυχόν επασφάλιστρα εξαρτώνται από την κατηγορία οχήματος και την τελική επιβεβαίωση της κράτησης."",""vehiclesPageDisplayMode"":""models"",""enableTriggeredEmails"":false,""rentalPoliciesBody"":""Η πολιτική καυσίμου, οι ώρες παράδοσης και παραλαβής, οι χρεώσεις εκτός ωραρίου, οι ακυρώσεις, οι καθυστερήσεις και οι όροι επέκτασης της μίσθωσης επιβεβαιώνονται πριν την παράδοση. Τυχόν ζημιές, πρόστιμα, απώλειες εξοπλισμού ή χρήση του οχήματος κατά παράβαση των συμφωνημένων όρων βαρύνουν τον ενοικιαστή σύμφωνα με την τελική σύμβαση."",""active"":true}","{""vehiclesPageModelsSource"":""fleet"",""rentalTermsIntro"":""Στην παρακάτω σελίδα συγκεντρώνονται βασικοί όροι, προϋποθέσεις και πολιτικές της ενοικίασης με μορφή εύκολη για ανάγνωση και ενημέρωση από το backroom."",""nightEndHour"":8,""bookingCanceledTriggerId"":"""",""defaultDeposit"":0,""companyPhone"":""+30 2310 000 000"",""companyAddress"":""Θεσσαλονίκη, Ελλάδα"",""_id"":""a5128991-cf12-4a62-bcde-64e77309b454"",""insuranceTermsBody"":""Η βασική κάλυψη αφορά την τυπική συμμετοχή του ενοικιαστή σύμφωνα με τους όρους της εταιρίας. Οι επιπλέον καλύψεις μειώνουν ή περιορίζουν την ευθύνη ανάλογα με το πρόγραμμα που θα επιλεγεί. Πριν από την τελική παράδοση του οχήματος, η ομάδα μας επιβεβαιώνει ξανά τις καλύψεις, τις εξαιρέσεις και το ύψος της συμμετοχής. Δεν καλύπτονται περιστατικά που προκύπτουν από παραβίαση του ΚΟΚ, οδήγηση υπό επήρεια, μη εξουσιοδοτημένο οδηγό, απώλεια κλειδιών ή εγγράφων και χρήση του οχήματος εκτός των συμφωνημένων όρων. Οι πληροφορίες της σελίδας έχουν ενημερωτικό χαρακτήρα και υπερισχύουν οι τελικοί όροι που επιβεβαιώνονται από την εταιρία πριν την παραλαβή."",""_owner"":""284e089f-48c1-4969-b018-a9add65901a8"",""_createdDate"":""2026-03-15T14:21:47.499Z"",""insuranceTermsIntro"":""Οι ασφαλιστικές επιλογές και οι σχετικοί όροι παρουσιάζονται με απλό τρόπο πριν από την ολοκλήρωση της κράτησης."",""insuranceDetailsTitle"":""Λεπτομέρειες ασφαλιστικών επιλογών"",""insuranceDetailsIntro"":""Παρακάτω βλέπεις συνοπτικά τις επιλογές κάλυψης που χρησιμοποιούνται στο front booking flow."",""insuranceDetailsBody"":""Το CDW αποτελεί τη βασική κάλυψη χωρίς επιπλέον ημερήσια χρέωση. Το SCDW μειώνει περαιτέρω την οικονομική έκθεση του οδηγού, ενώ το FULL παρέχει την πιο ενισχυμένη επιλογή προστασίας που εμφανίζεται στο backroom και στο booking flow. Για κάθε κράτηση, το τελικό πρόγραμμα ασφάλισης, οι χρεώσεις και οι εξαιρέσεις επιβεβαιώνονται από την ομάδα μας πριν από την παράδοση."",""rentalPrivacyBody"":""Τα προσωπικά δεδομένα χρησιμοποιούνται αποκλειστικά για την εξυπηρέτηση της κράτησης, την επικοινωνία με τον πελάτη και την εκπλήρωση νομικών ή φορολογικών υποχρεώσεων της εταιρίας. Για ειδικά αιτήματα, διορθώσεις στοιχείων ή απορίες σχετικά με την επεξεργασία δεδομένων, ο πελάτης μπορεί να επικοινωνεί με την εταιρία στα διαθέσιμα στοιχεία επικοινωνίας."",""nightStartHour"":22,""_updatedDate"":""2026-03-18T08:32:46.614Z"",""allowOverbooking"":true,""companyName"":""DIAMOND Rent A Car"",""insuranceTermsTitle"":""Όροι και λεπτομέρειες ασφαλειών"",""rentalTermsTitle"":""Όροι ενοικίασης και πολιτικές"",""companyCity"":""Thessaloniki"",""bookingConfirmedTriggerId"":"""",""currency"":""EUR"",""footerNote"":""Επαγγελματική εμπειρία ενοικίασης οχήματος με καθαρή ροή κράτησης, ξεκάθαρη τιμολόγηση και προσωπική επιβεβαίωση."",""title"":""Default business settings"",""companyEmail"":""info@diamondrentacar.gr"",""companyTagline"":""Ενοικίαση οχημάτων στη Θεσσαλονίκη με καθαρή διαδικασία και γρήγορη επιβεβαίωση."",""rentalTermsBody"":""Η ενοικίαση ολοκληρώνεται μόνο μετά από επιβεβαίωση της διαθεσιμότητας από την εταιρία και έλεγχο των στοιχείων του οδηγού. Η εταιρία διατηρεί το δικαίωμα να προτείνει ισοδύναμο όχημα ίδιας ή ανώτερης κατηγορίας όταν αυτό απαιτηθεί από λειτουργικούς λόγους, χωρίς πρόσθετη χρέωση για τον πελάτη."",""vatRate"":24,""rentalRequirementsBody"":""Ο κύριος οδηγός οφείλει να διαθέτει ισχύουσα άδεια οδήγησης, ταυτότητα ή διαβατήριο και κάρτα ή άλλο μέσο πληρωμής αποδεκτό από την εταιρία. Ελάχιστη ηλικία, έτη κατοχής διπλώματος, εγγύηση και τυχόν επασφάλιστρα εξαρτώνται από την κατηγορία οχήματος και την τελική επιβεβαίωση της κράτησης."",""vehiclesPageDisplayMode"":""categories"",""enableTriggeredEmails"":false,""rentalPoliciesBody"":""Η πολιτική καυσίμου, οι ώρες παράδοσης και παραλαβής, οι χρεώσεις εκτός ωραρίου, οι ακυρώσεις, οι καθυστερήσεις και οι όροι επέκτασης της μίσθωσης επιβεβαιώνονται πριν την παράδοση. Τυχόν ζημιές, πρόστιμα, απώλειες εξοπλισμού ή χρήση του οχήματος κατά παράβαση των συμφωνημένων όρων βαρύνουν τον ενοικιαστή σύμφωνα με την τελική σύμβαση."",""active"":true}","ckatz1995@gmail.com","Nik nik",2026-03-18T08:32:46Z,2027-03-18T08:32:46Z
,"b2f1ced3-f9e0-400d-b5e9-6a51c50e8276",2026-03-16T07:40:25Z,2026-03-16T07:40:25Z,"4139a8c1-c961-498e-9512-465437a7bf6c","pricing.pickupLocation","ose_thessaloniki","pricing.insert","Νέα τοποθεσία ΟΣΕ Θεσσαλονίκης",,"{""key"":""ose_thessaloniki"",""label"":""ΟΣΕ Θεσσαλονίκης"",""description"":"""",""locationType"":""both"",""address"":""Σιδηροδρομικός Σταθμός Θεσσαλονίκης"",""mapUrl"":"""",""extraFee"":40,""sortOrder"":9999,""active"":true,""publicVisible"":true,""_id"":""dd0bb313-76aa-4dce-9f2c-aeed3bccc98b"",""_owner"":""4139a8c1-c961-498e-9512-465437a7bf6c"",""_createdDate"":""2026-03-16T07:40:25.705Z"",""_updatedDate"":""2026-03-16T07:40:25.705Z""}","ckatz1995@gmail.com","Nik nik",2026-03-16T07:40:25Z,2027-03-16T07:40:25Z
,"b62aea51-4246-4044-b7b5-0ecc4225bdd8",2026-03-16T16:33:46Z,2026-03-16T16:33:46Z,"48ba7aa5-ed2b-43d2-bdd7-6596e6ec75a8","pricing.fleetVehicle","02a4bf5d-2644-4c5b-ab43-def409aaa60f","pricing.insertFleetVehicle","Νέο όχημα στόλου ΝΗΧ1234 - Panda (A)",,"{""plate"":""ΝΗΧ1234"",""model"":""Panda"",""category"":""A"",""categoryId"":"""",""categoryDisplayTitle"":""A"",""categoryTitle"":"""",""status"":""available"",""active"":true,""notes"":"""",""_id"":""02a4bf5d-2644-4c5b-ab43-def409aaa60f"",""_owner"":""48ba7aa5-ed2b-43d2-bdd7-6596e6ec75a8"",""_createdDate"":""2026-03-16T16:33:46.057Z"",""_updatedDate"":""2026-03-16T16:33:46.057Z""}","ckatz1995@gmail.com","Nik nik",2026-03-16T16:33:46Z,2027-03-16T16:33:46Z
,"b75dd978-b0cd-4bc1-8201-207d94f604ff",2026-03-16T09:53:55Z,2026-03-16T09:53:55Z,"4139a8c1-c961-498e-9512-465437a7bf6c","pricing.pickupLocation","city_center_office","pricing.update","Ενημέρωση τοποθεσία Κέντρο Θεσσαλονίκης 1","{""description"":""Παραλαβή / παράδοση από το κεντρικό σημείο εξυπηρέτησης."",""_id"":""fe8e4bc4-9b1b-4dba-9369-d83ac7a68271"",""_owner"":""284e089f-48c1-4969-b018-a9add65901a8"",""_createdDate"":""2026-03-15T22:56:27.551Z"",""mapUrl"":"""",""publicVisible"":true,""label"":""Κέντρο Θεσσαλονίκης"",""_updatedDate"":""2026-03-16T09:51:29.774Z"",""key"":""city_center_office"",""extraFee"":40,""sortOrder"":20,""address"":""Θεσσαλονίκη, Κέντρο"",""locationType"":""both"",""active"":true}","{""description"":""Παραλαβή / παράδοση από το κεντρικό σημείο εξυπηρέτησης."",""_id"":""fe8e4bc4-9b1b-4dba-9369-d83ac7a68271"",""_owner"":""284e089f-48c1-4969-b018-a9add65901a8"",""_createdDate"":""2026-03-15T22:56:27.551Z"",""mapUrl"":"""",""publicVisible"":true,""label"":""Κέντρο Θεσσαλονίκης 1"",""_updatedDate"":""2026-03-16T09:53:55.480Z"",""key"":""city_center_office"",""extraFee"":40,""sortOrder"":20,""address"":""Θεσσαλονίκη, Κέντρο"",""locationType"":""both"",""active"":true}","ckatz1995@gmail.com","Nik nik",2026-03-16T09:53:55Z,2027-03-16T09:53:55Z
,"b7a7e8f0-90a5-4689-92de-976f2f23bb8e",2026-03-16T15:35:54Z,2026-03-16T15:35:54Z,"48ba7aa5-ed2b-43d2-bdd7-6596e6ec75a8","staffAuth","ckatz1995@gmail.com","loginSuccess","Backroom login",,,"ckatz1995@gmail.com","Nik nik",2026-03-16T15:35:50Z,2027-03-16T15:35:50Z
,"b8856c37-3e87-4004-aaa3-8a40b050337a",2026-03-19T13:19:51Z,2026-03-19T13:19:51Z,"9e887737-ee3b-428a-bd09-28e4ef852903","staffAuth","aristotelhs19@gmail.com","loginSuccess","Backroom login",,,"aristotelhs19@gmail.com","Αριστοτέλειος",2026-03-19T13:19:51Z,2027-03-19T13:19:51Z
,"b9b7ff2a-644e-4ad5-81b9-84550e65720b",2026-03-16T15:53:46Z,2026-03-16T15:53:46Z,"48ba7aa5-ed2b-43d2-bdd7-6596e6ec75a8","pricing.fleetVehicle","a07af254-d8e3-4b62-ad19-3d7c5403182b","pricing.updateFleetVehicle","Ενημέρωση όχημα στόλου MNM 8888 - Ibiza (B)","{""plate"":""MNM 8888"",""model"":""Ibiza"",""_id"":""a07af254-d8e3-4b62-ad19-3d7c5403182b"",""_owner"":""284e089f-48c1-4969-b018-a9add65901a8"",""_createdDate"":""2026-02-26T07:01:33.402Z"",""_updatedDate"":""2026-03-01T21:18:10.375Z"",""miliage"":1000,""status"":""Available"",""category"":""81e5ca63-92d3-4a82-ac49-987dfb6d4b9e"",""title"":""MNM 8888"",""active"":true}","{""plate"":""MNM 8888"",""model"":""Ibiza"",""_id"":""a07af254-d8e3-4b62-ad19-3d7c5403182b"",""_owner"":""284e089f-48c1-4969-b018-a9add65901a8"",""_createdDate"":""2026-02-26T07:01:33.402Z"",""_updatedDate"":""2026-03-16T15:53:46.437Z"",""miliage"":1000,""status"":""available"",""category"":""B"",""title"":""MNM 8888"",""active"":true,""categoryId"":"""",""categoryDisplayTitle"":""B"",""categoryTitle"":"""",""notes"":""""}","ckatz1995@gmail.com","Nik nik",2026-03-16T15:53:46Z,2027-03-16T15:53:46Z
,"ba895e2f-f62c-4d20-a040-dbbe0fbd16cc",2026-03-16T16:13:36Z,2026-03-16T16:13:36Z,"48ba7aa5-ed2b-43d2-bdd7-6596e6ec75a8","pricing.extra","smartphone_holder","pricing.update","Ενημέρωση extra service Βάση Κινητού","{""description"":"""",""_id"":""93fb674a-5b2e-411b-8840-f2590e5db4c7"",""_owner"":""48ba7aa5-ed2b-43d2-bdd7-6596e6ec75a8"",""_createdDate"":""2026-03-16T15:23:34.941Z"",""billingMode"":""perDay"",""price"":1,""publicVisible"":true,""label"":""Βάση Κινητού"",""_updatedDate"":""2026-03-16T16:12:34.303Z"",""key"":""smartphone_holder"",""sortOrder"":7,""title"":""Βάση Κινητού"",""active"":true}","{""description"":""."",""_id"":""93fb674a-5b2e-411b-8840-f2590e5db4c7"",""_owner"":""48ba7aa5-ed2b-43d2-bdd7-6596e6ec75a8"",""_createdDate"":""2026-03-16T15:23:34.941Z"",""billingMode"":""perDay"",""price"":1,""publicVisible"":true,""label"":""Βάση Κινητού"",""_updatedDate"":""2026-03-16T16:13:36.573Z"",""key"":""smartphone_holder"",""sortOrder"":7,""title"":""Βάση Κινητού"",""active"":true}","ckatz1995@gmail.com","Nik nik",2026-03-16T16:13:36Z,2027-03-16T16:13:36Z
,"baa0ce56-7325-490f-be7d-98bfa4559e58",2026-03-16T07:43:53Z,2026-03-16T07:43:53Z,"4139a8c1-c961-498e-9512-465437a7bf6c","pricing.pickupLocation","city_center_office_copy_copy","pricing.insert","Νέα τοποθεσία Κέντρο Θεσσαλονίκης Copy Copy",,"{""key"":""city_center_office_copy_copy"",""label"":""Κέντρο Θεσσαλονίκης Copy Copy"",""description"":""Παραλαβή / παράδοση από το κεντρικό σημείο εξυπηρέτησης."",""locationType"":""pickup"",""address"":""Θεσσαλονίκη, Κέντρο"",""mapUrl"":"""",""extraFee"":15,""sortOrder"":20,""active"":true,""publicVisible"":true,""_id"":""76292b47-aa70-4389-8f31-b37aed9d374b"",""_owner"":""4139a8c1-c961-498e-9512-465437a7bf6c"",""_createdDate"":""2026-03-16T07:43:52.892Z"",""_updatedDate"":""2026-03-16T07:43:52.892Z""}","ckatz1995@gmail.com","Nik nik",2026-03-16T07:43:52Z,2027-03-16T07:43:52Z
,"bb2b5a90-fb52-46e4-b4ea-fd633ca4778e",2026-03-17T11:35:46Z,2026-03-17T11:35:46Z,"48ba7aa5-ed2b-43d2-bdd7-6596e6ec75a8","session","ckatz1995@gmail.com","session.revokeOthers","Ο χρήστης ανακάλεσε 15 άλλο/ά active session(s)",,,"ckatz1995@gmail.com","Nik nik",2026-03-17T11:35:46Z,2027-03-17T11:35:46Z
,"bd1e3e0d-0a0c-40d0-8e71-6817b6da7cf1",2026-03-16T11:37:30Z,2026-03-16T11:37:30Z,"4139a8c1-c961-498e-9512-465437a7bf6c","pricing.businessSettings","a5128991-cf12-4a62-bcde-64e77309b454","pricing.saveBusinessSettings","Ενημέρωση business settings","{""nightEndHour"":8,""defaultDeposit"":0,""companyPhone"":""+30 2310 000 001"",""companyAddress"":""Θεσσαλονίκη, Ελλάδα"",""_id"":""a5128991-cf12-4a62-bcde-64e77309b454"",""insuranceTermsBody"":""Η βασική κάλυψη αφορά την τυπική συμμετοχή του ενοικιαστή σύμφωνα με τους όρους της εταιρίας. Οι επιπλέον καλύψεις μειώνουν ή περιορίζουν την ευθύνη ανάλογα με το πρόγραμμα που θα επιλεγεί. Πριν από την τελική παράδοση του οχήματος, η ομάδα μας επιβεβαιώνει ξανά τις καλύψεις, τις εξαιρέσεις και το ύψος της συμμετοχής. Δεν καλύπτονται περιστατικά που προκύπτουν από παραβίαση του ΚΟΚ, οδήγηση υπό επήρεια, μη εξουσιοδοτημένο οδηγό, απώλεια κλειδιών ή εγγράφων και χρήση του οχήματος εκτός των συμφωνημένων όρων. Οι πληροφορίες της σελίδας έχουν ενημερωτικό χαρακτήρα και υπερισχύουν οι τελικοί όροι που επιβεβαιώνονται από την εταιρία πριν την παραλαβή."",""_owner"":""284e089f-48c1-4969-b018-a9add65901a8"",""_createdDate"":""2026-03-15T14:21:47.499Z"",""insuranceTermsIntro"":""Οι ασφαλιστικές επιλογές και οι σχετικοί όροι παρουσιάζονται με απλό τρόπο πριν από την ολοκλήρωση της κράτησης."",""insuranceDetailsTitle"":""Λεπτομέρειες ασφαλιστικών επιλογών"",""insuranceDetailsIntro"":""Παρακάτω βλέπεις συνοπτικά τις επιλογές κάλυψης που χρησιμοποιούνται στο front booking flow."",""insuranceDetailsBody"":""Το CDW αποτελεί τη βασική κάλυψη χωρίς επιπλέον ημερήσια χρέωση. Το SCDW μειώνει περαιτέρω την οικονομική έκθεση του οδηγού, ενώ το FULL παρέχει την πιο ενισχυμένη επιλογή προστασίας που εμφανίζεται στο backroom και στο booking flow. Για κάθε κράτηση, το τελικό πρόγραμμα ασφάλισης, οι χρεώσεις και οι εξαιρέσεις επιβεβαιώνονται από την ομάδα μας πριν από την παράδοση."",""nightStartHour"":22,""_updatedDate"":""2026-03-16T11:35:41.228Z"",""companyName"":""DIAMOND Rent A Car 1"",""insuranceTermsTitle"":""Όροι και λεπτομέρειες ασφαλειών"",""companyCity"":""Thessaloniki"",""currency"":""EUR"",""footerNote"":""Επαγγελματική εμπειρία ενοικίασης οχήματος με καθαρή ροή κράτησης, ξεκάθαρη τιμολόγηση και προσωπική επιβεβαίωση."",""title"":""Default business settings"",""companyEmail"":""info@diamondrentacar.gr"",""companyTagline"":""Ενοικίαση οχημάτων στη Θεσσαλονίκη με καθαρή διαδικασία και γρήγορη επιβεβαίωση."",""vatRate"":24,""active"":true}","{""nightEndHour"":8,""defaultDeposit"":0,""companyPhone"":""+30 2310 000 001"",""companyAddress"":""Θεσσαλονίκη, Ελλάδα"",""_id"":""a5128991-cf12-4a62-bcde-64e77309b454"",""insuranceTermsBody"":""Η βασική κάλυψη αφορά την τυπική συμμετοχή του ενοικιαστή σύμφωνα με τους όρους της εταιρίας. Οι επιπλέον καλύψεις μειώνουν ή περιορίζουν την ευθύνη ανάλογα με το πρόγραμμα που θα επιλεγεί. Πριν από την τελική παράδοση του οχήματος, η ομάδα μας επιβεβαιώνει ξανά τις καλύψεις, τις εξαιρέσεις και το ύψος της συμμετοχής. Δεν καλύπτονται περιστατικά που προκύπτουν από παραβίαση του ΚΟΚ, οδήγηση υπό επήρεια, μη εξουσιοδοτημένο οδηγό, απώλεια κλειδιών ή εγγράφων και χρήση του οχήματος εκτός των συμφωνημένων όρων. Οι πληροφορίες της σελίδας έχουν ενημερωτικό χαρακτήρα και υπερισχύουν οι τελικοί όροι που επιβεβαιώνονται από την εταιρία πριν την παραλαβή."",""_owner"":""284e089f-48c1-4969-b018-a9add65901a8"",""_createdDate"":""2026-03-15T14:21:47.499Z"",""insuranceTermsIntro"":""Οι ασφαλιστικές επιλογές και οι σχετικοί όροι παρουσιάζονται με απλό τρόπο πριν από την ολοκλήρωση της κράτησης."",""insuranceDetailsTitle"":""Λεπτομέρειες ασφαλιστικών επιλογών"",""insuranceDetailsIntro"":""Παρακάτω βλέπεις συνοπτικά τις επιλογές κάλυψης που χρησιμοποιούνται στο front booking flow."",""insuranceDetailsBody"":""Το CDW αποτελεί τη βασική κάλυψη χωρίς επιπλέον ημερήσια χρέωση. Το SCDW μειώνει περαιτέρω την οικονομική έκθεση του οδηγού, ενώ το FULL παρέχει την πιο ενισχυμένη επιλογή προστασίας που εμφανίζεται στο backroom και στο booking flow. Για κάθε κράτηση, το τελικό πρόγραμμα ασφάλισης, οι χρεώσεις και οι εξαιρέσεις επιβεβαιώνονται από την ομάδα μας πριν από την παράδοση."",""nightStartHour"":22,""_updatedDate"":""2026-03-16T11:37:30.337Z"",""companyName"":""DIAMOND Rent A Car 1"",""insuranceTermsTitle"":""Όροι και λεπτομέρειες ασφαλειών"",""companyCity"":""Thessaloniki"",""currency"":""EUR"",""footerNote"":""Επαγγελματική εμπειρία ενοικίασης οχήματος με καθαρή ροή κράτησης, ξεκάθαρη τιμολόγηση και προσωπική επιβεβαίωση."",""title"":""Default business settings"",""companyEmail"":""info@diamondrentacar.gr"",""companyTagline"":""Ενοικίαση οχημάτων στη Θεσσαλονίκη με καθαρή διαδικασία και γρήγορη επιβεβαίωση."",""vatRate"":24,""active"":true}","ckatz1995@gmail.com","Nik nik",2026-03-16T11:37:30Z,2027-03-16T11:37:30Z
,"bdac2851-436e-4653-a9ed-7f1e25bf7e57",2026-03-16T15:54:06Z,2026-03-16T15:54:06Z,"48ba7aa5-ed2b-43d2-bdd7-6596e6ec75a8","pricing.fleetVehicle","d16ddd61-95ab-4668-b010-885145334119","pricing.updateFleetVehicle","Ενημέρωση όχημα στόλου IKI 9898 - Clio (B)","{""plate"":""IKI 9898"",""model"":""Clio"",""_id"":""d16ddd61-95ab-4668-b010-885145334119"",""_owner"":""284e089f-48c1-4969-b018-a9add65901a8"",""_createdDate"":""2026-02-26T07:10:47.661Z"",""_updatedDate"":""2026-03-01T21:18:18.031Z"",""miliage"":2000,""status"":""Available"",""category"":""81e5ca63-92d3-4a82-ac49-987dfb6d4b9e"",""title"":""IKI 9898"",""active"":true}","{""plate"":""IKI 9898"",""model"":""Clio"",""_id"":""d16ddd61-95ab-4668-b010-885145334119"",""_owner"":""284e089f-48c1-4969-b018-a9add65901a8"",""_createdDate"":""2026-02-26T07:10:47.661Z"",""_updatedDate"":""2026-03-16T15:54:06.664Z"",""miliage"":2000,""status"":""available"",""category"":""B"",""title"":""IKI 9898"",""active"":true,""categoryId"":"""",""categoryDisplayTitle"":""B"",""categoryTitle"":"""",""notes"":""""}","ckatz1995@gmail.com","Nik nik",2026-03-16T15:54:06Z,2027-03-16T15:54:06Z
,"befdf242-d9f5-4d1a-9c7d-756e58cc8d08",2026-03-22T10:02:42Z,2026-03-22T10:02:42Z,"4139a8c1-c961-498e-9512-465437a7bf6c","pricing.pickupLocation","port_thessaloniki_pickup","pricing.update","Ενημέρωση τοποθεσία Λιμάνι Θεσσαλονίκης","{""description"":"""",""_id"":""cf72043c-8104-4b28-9853-29863c8de94d"",""_owner"":""4139a8c1-c961-498e-9512-465437a7bf6c"",""_createdDate"":""2026-03-16T07:41:24.090Z"",""mapUrl"":"""",""publicVisible"":true,""label"":""Λιμάνι Θεσσαλονίκης"",""_updatedDate"":""2026-03-17T12:28:20.254Z"",""key"":""port_thessaloniki"",""extraFee"":40,""sortOrder"":60,""address"":""Λιμάνι Θεσσαλονίκης"",""locationType"":""both"",""active"":true}","{""description"":"""",""_id"":""cf72043c-8104-4b28-9853-29863c8de94d"",""_owner"":""4139a8c1-c961-498e-9512-465437a7bf6c"",""_createdDate"":""2026-03-16T07:41:24.090Z"",""mapUrl"":"""",""publicVisible"":true,""label"":""Λιμάνι Θεσσαλονίκης"",""_updatedDate"":""2026-03-22T10:02:42.647Z"",""key"":""port_thessaloniki_pickup"",""extraFee"":25,""sortOrder"":60,""address"":""Λιμάνι Θεσσαλονίκης"",""locationType"":""pickup"",""active"":true}","ckatz1995@gmail.com","Nik nik",2026-03-22T10:02:42Z,2027-03-22T10:02:42Z
,"c0079aed-215a-47e5-acef-dd91894e8a79",2026-03-22T10:01:29Z,2026-03-22T10:01:29Z,"4139a8c1-c961-498e-9512-465437a7bf6c","pricing.pickupLocation","hotel_delivery_dropoff","pricing.insert","Νέα τοποθεσία Παράδοση σε ξενοδοχείο",,"{""key"":""hotel_delivery_dropoff"",""label"":""Παράδοση σε ξενοδοχείο"",""description"":""Παράδοση / παραλαβή σε ξενοδοχείο εντός πόλης."",""locationType"":""dropoff"",""address"":""Θεσσαλονίκη"",""mapUrl"":"""",""extraFee"":20,""sortOrder"":50,""active"":true,""publicVisible"":true,""_id"":""832a21ee-b84f-4b25-8ecf-0e27cb694002"",""_owner"":""4139a8c1-c961-498e-9512-465437a7bf6c"",""_createdDate"":""2026-03-22T10:01:29.591Z"",""_updatedDate"":""2026-03-22T10:01:29.591Z""}","ckatz1995@gmail.com","Nik nik",2026-03-22T10:01:29Z,2027-03-22T10:01:29Z
,"c0df4fe5-6a8f-4995-aa2a-194a3219e40e",2026-03-16T15:36:09Z,2026-03-16T15:36:09Z,"48ba7aa5-ed2b-43d2-bdd7-6596e6ec75a8","staffAuth","ckatz1995@gmail.com","loginSuccess","Backroom login",,,"ckatz1995@gmail.com","Nik nik",2026-03-16T15:36:09Z,2027-03-16T15:36:09Z
,"c199ad50-a055-4385-b032-3d63f869f400",2026-04-04T12:58:18Z,2026-04-04T12:58:18Z,"4139a8c1-c961-498e-9512-465437a7bf6c","pricing.pickupLocation","port_thessaloniki_dropoff","pricing.update","Ενημέρωση τοποθεσία Λιμάνι Θεσσαλονίκης","{""stationKey"":""a"",""description"":"""",""_id"":""8dfc413a-bdd6-456d-b50f-29174471aab1"",""_owner"":""4139a8c1-c961-498e-9512-465437a7bf6c"",""_createdDate"":""2026-03-22T10:03:04.417Z"",""mapUrl"":"""",""publicVisible"":true,""label"":""Λιμάνι Θεσσαλονίκης"",""_updatedDate"":""2026-04-04T12:30:53.894Z"",""stationLabel"":""a"",""key"":""port_thessaloniki_dropoff"",""extraFee"":25,""sortOrder"":60,""address"":""Λιμάνι Θεσσαλονίκης"",""locationType"":""dropoff"",""active"":true}","{""stationKey"":""default"",""description"":"""",""_id"":""8dfc413a-bdd6-456d-b50f-29174471aab1"",""_owner"":""4139a8c1-c961-498e-9512-465437a7bf6c"",""_createdDate"":""2026-03-22T10:03:04.417Z"",""mapUrl"":"""",""publicVisible"":true,""label"":""Λιμάνι Θεσσαλονίκης"",""_updatedDate"":""2026-04-04T12:58:17.954Z"",""stationLabel"":""SKG Thessaloniki"",""key"":""port_thessaloniki_dropoff"",""extraFee"":25,""sortOrder"":60,""address"":""Λιμάνι Θεσσαλονίκης"",""locationType"":""dropoff"",""active"":true}","ckatz1995@gmail.com","Nik nik",2026-04-04T12:58:18Z,2027-04-04T12:58:18Z
,"c1f0f1f7-eea3-4fa5-8fa7-14109142dc90",2026-03-16T14:57:12Z,2026-03-16T14:57:12Z,"48ba7aa5-ed2b-43d2-bdd7-6596e6ec75a8","pricing.businessSettings","a5128991-cf12-4a62-bcde-64e77309b454","pricing.saveBusinessSettings","Ενημέρωση business settings","{""nightEndHour"":8,""defaultDeposit"":0,""companyPhone"":""+30 2310 000 000"",""companyAddress"":""Θεσσαλονίκη, Ελλάδα"",""_id"":""a5128991-cf12-4a62-bcde-64e77309b454"",""insuranceTermsBody"":""Η βασική κάλυψη αφορά την τυπική συμμετοχή του ενοικιαστή σύμφωνα με τους όρους της εταιρίας. Οι επιπλέον καλύψεις μειώνουν ή περιορίζουν την ευθύνη ανάλογα με το πρόγραμμα που θα επιλεγεί. Πριν από την τελική παράδοση του οχήματος, η ομάδα μας επιβεβαιώνει ξανά τις καλύψεις, τις εξαιρέσεις και το ύψος της συμμετοχής. Δεν καλύπτονται περιστατικά που προκύπτουν από παραβίαση του ΚΟΚ, οδήγηση υπό επήρεια, μη εξουσιοδοτημένο οδηγό, απώλεια κλειδιών ή εγγράφων και χρήση του οχήματος εκτός των συμφωνημένων όρων. Οι πληροφορίες της σελίδας έχουν ενημερωτικό χαρακτήρα και υπερισχύουν οι τελικοί όροι που επιβεβαιώνονται από την εταιρία πριν την παραλαβή."",""_owner"":""284e089f-48c1-4969-b018-a9add65901a8"",""_createdDate"":""2026-03-15T14:21:47.499Z"",""insuranceTermsIntro"":""Οι ασφαλιστικές επιλογές και οι σχετικοί όροι παρουσιάζονται με απλό τρόπο πριν από την ολοκλήρωση της κράτησης."",""insuranceDetailsTitle"":""Λεπτομέρειες ασφαλιστικών επιλογών"",""insuranceDetailsIntro"":""Παρακάτω βλέπεις συνοπτικά τις επιλογές κάλυψης που χρησιμοποιούνται στο front booking flow."",""insuranceDetailsBody"":""Το CDW αποτελεί τη βασική κάλυψη χωρίς επιπλέον ημερήσια χρέωση. Το SCDW μειώνει περαιτέρω την οικονομική έκθεση του οδηγού, ενώ το FULL παρέχει την πιο ενισχυμένη επιλογή προστασίας που εμφανίζεται στο backroom και στο booking flow. Για κάθε κράτηση, το τελικό πρόγραμμα ασφάλισης, οι χρεώσεις και οι εξαιρέσεις επιβεβαιώνονται από την ομάδα μας πριν από την παράδοση."",""nightStartHour"":22,""_updatedDate"":""2026-03-16T14:57:05.244Z"",""companyName"":""DIAMOND Rent A Car 1"",""insuranceTermsTitle"":""Όροι και λεπτομέρειες ασφαλειών"",""companyCity"":""Thessaloniki"",""currency"":""EUR"",""footerNote"":""Επαγγελματική εμπειρία ενοικίασης οχήματος με καθαρή ροή κράτησης, ξεκάθαρη τιμολόγηση και προσωπική επιβεβαίωση."",""title"":""Default business settings"",""companyEmail"":""info@diamondrentacar.gr"",""companyTagline"":""Ενοικίαση οχημάτων στη Θεσσαλονίκη με καθαρή διαδικασία και γρήγορη επιβεβαίωση."",""vatRate"":24,""active"":true}","{""nightEndHour"":8,""defaultDeposit"":0,""companyPhone"":""+30 2310 000 000"",""companyAddress"":""Θεσσαλονίκη, Ελλάδα"",""_id"":""a5128991-cf12-4a62-bcde-64e77309b454"",""insuranceTermsBody"":""Η βασική κάλυψη αφορά την τυπική συμμετοχή του ενοικιαστή σύμφωνα με τους όρους της εταιρίας. Οι επιπλέον καλύψεις μειώνουν ή περιορίζουν την ευθύνη ανάλογα με το πρόγραμμα που θα επιλεγεί. Πριν από την τελική παράδοση του οχήματος, η ομάδα μας επιβεβαιώνει ξανά τις καλύψεις, τις εξαιρέσεις και το ύψος της συμμετοχής. Δεν καλύπτονται περιστατικά που προκύπτουν από παραβίαση του ΚΟΚ, οδήγηση υπό επήρεια, μη εξουσιοδοτημένο οδηγό, απώλεια κλειδιών ή εγγράφων και χρήση του οχήματος εκτός των συμφωνημένων όρων. Οι πληροφορίες της σελίδας έχουν ενημερωτικό χαρακτήρα και υπερισχύουν οι τελικοί όροι που επιβεβαιώνονται από την εταιρία πριν την παραλαβή."",""_owner"":""284e089f-48c1-4969-b018-a9add65901a8"",""_createdDate"":""2026-03-15T14:21:47.499Z"",""insuranceTermsIntro"":""Οι ασφαλιστικές επιλογές και οι σχετικοί όροι παρουσιάζονται με απλό τρόπο πριν από την ολοκλήρωση της κράτησης."",""insuranceDetailsTitle"":""Λεπτομέρειες ασφαλιστικών επιλογών"",""insuranceDetailsIntro"":""Παρακάτω βλέπεις συνοπτικά τις επιλογές κάλυψης που χρησιμοποιούνται στο front booking flow."",""insuranceDetailsBody"":""Το CDW αποτελεί τη βασική κάλυψη χωρίς επιπλέον ημερήσια χρέωση. Το SCDW μειώνει περαιτέρω την οικονομική έκθεση του οδηγού, ενώ το FULL παρέχει την πιο ενισχυμένη επιλογή προστασίας που εμφανίζεται στο backroom και στο booking flow. Για κάθε κράτηση, το τελικό πρόγραμμα ασφάλισης, οι χρεώσεις και οι εξαιρέσεις επιβεβαιώνονται από την ομάδα μας πριν από την παράδοση."",""nightStartHour"":22,""_updatedDate"":""2026-03-16T14:57:12.416Z"",""companyName"":""DIAMOND Rent A Car 1"",""insuranceTermsTitle"":""Όροι και λεπτομέρειες ασφαλειών"",""companyCity"":""Thessaloniki"",""currency"":""EUR"",""footerNote"":""Επαγγελματική εμπειρία ενοικίασης οχήματος με καθαρή ροή κράτησης, ξεκάθαρη τιμολόγηση και προσωπική επιβεβαίωση."",""title"":""Default business settings"",""companyEmail"":""info@diamondrentacar.gr"",""companyTagline"":""Ενοικίαση οχημάτων στη Θεσσαλονίκη με καθαρή διαδικασία και γρήγορη επιβεβαίωση."",""vatRate"":24,""active"":true}","ckatz1995@gmail.com","Nik nik",2026-03-16T14:57:12Z,2027-03-16T14:57:12Z
,"c25218cc-0545-4451-b8a3-15c44463cc99",2026-03-15T14:27:48Z,2026-03-15T14:27:48Z,"4139a8c1-c961-498e-9512-465437a7bf6c","staffAuth","admin@diamondrentacar.gr","loginFailed","Wrong password",,,"admin@diamondrentacar.gr","Site Admin",2026-03-15T14:27:48Z,2027-03-15T14:27:48Z
,"c3273dea-e8f4-4583-8e29-b62b1999bf33",2026-04-01T14:53:37Z,2026-04-01T14:53:37Z,"4139a8c1-c961-498e-9512-465437a7bf6c","staffAuth","ckatz1995@gmail.com","loginSuccess","Backroom login",,,"ckatz1995@gmail.com","Nik nik",2026-04-01T14:53:37Z,2027-04-01T14:53:37Z
,"c33efc3d-942d-47b7-9036-f0297de2be83",2026-04-04T12:31:25Z,2026-04-04T12:31:25Z,"4139a8c1-c961-498e-9512-465437a7bf6c","pricing.pickupLocation","ose_thessaloniki_dropoff","pricing.update","Ενημέρωση τοποθεσία ΟΣΕ Θεσσαλονίκης Copy","{""description"":"""",""_id"":""bf373ce6-0161-4c0f-93e9-d8e376a2fe24"",""_owner"":""4139a8c1-c961-498e-9512-465437a7bf6c"",""_createdDate"":""2026-03-22T10:08:44.196Z"",""mapUrl"":"""",""publicVisible"":true,""label"":""ΟΣΕ Θεσσαλονίκης Copy"",""_updatedDate"":""2026-03-22T10:08:44.196Z"",""key"":""ose_thessaloniki_dropoff"",""extraFee"":25,""sortOrder"":70,""address"":""Σιδηροδρομικός Σταθμός Θεσσαλονίκης"",""locationType"":""dropoff"",""active"":true}","{""description"":"""",""_id"":""bf373ce6-0161-4c0f-93e9-d8e376a2fe24"",""_owner"":""4139a8c1-c961-498e-9512-465437a7bf6c"",""_createdDate"":""2026-03-22T10:08:44.196Z"",""mapUrl"":"""",""publicVisible"":true,""label"":""ΟΣΕ Θεσσαλονίκης Copy"",""_updatedDate"":""2026-04-04T12:31:24.796Z"",""key"":""ose_thessaloniki_dropoff"",""extraFee"":25,""sortOrder"":70,""address"":""Σιδηροδρομικός Σταθμός Θεσσαλονίκης"",""locationType"":""dropoff"",""active"":true,""stationKey"":""a"",""stationLabel"":""a""}","ckatz1995@gmail.com","Nik nik",2026-04-04T12:31:24Z,2027-04-04T12:31:24Z
,"c39d89ad-ce1d-4e0d-8cc3-b2b9a3e7d5da",2026-03-16T07:41:45Z,2026-03-16T07:41:45Z,"4139a8c1-c961-498e-9512-465437a7bf6c","pricing.pickupLocation","hotel_delivery","pricing.update","Ενημέρωση τοποθεσία Παράδοση σε ξενοδοχείο","{""description"":""Παράδοση / παραλαβή σε ξενοδοχείο εντός πόλης."",""_id"":""461e4bcb-abb9-415a-a47b-bb61c8011beb"",""_owner"":""284e089f-48c1-4969-b018-a9add65901a8"",""_createdDate"":""2026-03-15T22:56:27.549Z"",""publicVisible"":true,""label"":""Παράδοση σε ξενοδοχείο"",""_updatedDate"":""2026-03-15T22:56:27.549Z"",""key"":""hotel-delivery"",""extraFee"":10,""sortOrder"":40,""address"":""Θεσσαλονίκη"",""locationType"":""both"",""active"":true}","{""description"":""Παράδοση / παραλαβή σε ξενοδοχείο εντός πόλης."",""_id"":""461e4bcb-abb9-415a-a47b-bb61c8011beb"",""_owner"":""284e089f-48c1-4969-b018-a9add65901a8"",""_createdDate"":""2026-03-15T22:56:27.549Z"",""publicVisible"":true,""label"":""Παράδοση σε ξενοδοχείο"",""_updatedDate"":""2026-03-16T07:41:44.906Z"",""key"":""hotel_delivery"",""extraFee"":40,""sortOrder"":40,""address"":""Θεσσαλονίκη"",""locationType"":""both"",""active"":true,""mapUrl"":""""}","ckatz1995@gmail.com","Nik nik",2026-03-16T07:41:45Z,2027-03-16T07:41:45Z
,"c43e62db-3999-4711-9732-959070e99928",2026-04-06T10:47:19Z,2026-04-06T10:47:19Z,"48ba7aa5-ed2b-43d2-bdd7-6596e6ec75a8","staffAuth","ckatz1995@gmail.com","loginSuccess","Backroom login",,,"ckatz1995@gmail.com","Nik nik",2026-04-06T10:47:19Z,2027-04-06T10:47:19Z
,"c4904b7a-da3e-4209-918d-72d60972bae5",2026-03-22T10:01:48Z,2026-03-22T10:01:48Z,"4139a8c1-c961-498e-9512-465437a7bf6c","pricing.pickupLocation","ktel_thessaloniki_dropoff","pricing.update","Ενημέρωση τοποθεσία ΚΤΕΛ Θεσσαλονίκης","{""description"":""Παραλαβή / παράδοση στον σταθμό ΚΤΕΛ."",""_id"":""1514a8fc-8690-4f29-b8de-415cf514bb74"",""_owner"":""4139a8c1-c961-498e-9512-465437a7bf6c"",""_createdDate"":""2026-03-22T09:59:56.022Z"",""mapUrl"":"""",""publicVisible"":true,""label"":""ΚΤΕΛ Θεσσαλονίκης"",""_updatedDate"":""2026-03-22T10:00:21.727Z"",""key"":""ktel_thessaloniki_dropoff"",""extraFee"":20,""sortOrder"":40,""address"":""Σταθμός ΚΤΕΛ Μακεδονία, Θεσσαλονίκη"",""locationType"":""dropoff"",""active"":true}","{""description"":""Παραλαβή / παράδοση στον σταθμό ΚΤΕΛ."",""_id"":""1514a8fc-8690-4f29-b8de-415cf514bb74"",""_owner"":""4139a8c1-c961-498e-9512-465437a7bf6c"",""_createdDate"":""2026-03-22T09:59:56.022Z"",""mapUrl"":"""",""publicVisible"":true,""label"":""ΚΤΕΛ Θεσσαλονίκης"",""_updatedDate"":""2026-03-22T10:01:48.194Z"",""key"":""ktel_thessaloniki_dropoff"",""extraFee"":25,""sortOrder"":40,""address"":""Σταθμός ΚΤΕΛ Μακεδονία, Θεσσαλονίκη"",""locationType"":""dropoff"",""active"":true}","ckatz1995@gmail.com","Nik nik",2026-03-22T10:01:48Z,2027-03-22T10:01:48Z
,"c4a1b997-6546-45fa-8aae-b5c7e0d34620",2026-03-16T10:46:22Z,2026-03-16T10:46:22Z,"4139a8c1-c961-498e-9512-465437a7bf6c","pricing.PickupLocations","city_center_office","pricing.delete","Διαγραφή pricing item Κέντρο Θεσσαλονίκης 1 (0 row(s))","{""description"":""Παραλαβή / παράδοση από το κεντρικό σημείο εξυπηρέτησης."",""_id"":""fe8e4bc4-9b1b-4dba-9369-d83ac7a68271"",""_owner"":""284e089f-48c1-4969-b018-a9add65901a8"",""_createdDate"":""2026-03-15T22:56:27.551Z"",""mapUrl"":"""",""publicVisible"":true,""label"":""Κέντρο Θεσσαλονίκης 1"",""_updatedDate"":""2026-03-16T09:53:55.480Z"",""key"":""city_center_office"",""extraFee"":40,""sortOrder"":20,""address"":""Θεσσαλονίκη, Κέντρο"",""locationType"":""both"",""active"":true}",,"ckatz1995@gmail.com","Nik nik",2026-03-16T10:46:22Z,2027-03-16T10:46:22Z
,"c4d0c45b-6588-411e-a644-08223ae750cd",2026-03-16T10:51:45Z,2026-03-16T10:51:45Z,"4139a8c1-c961-498e-9512-465437a7bf6c","pricing.pickupLocation","city_center_office","pricing.update","Ενημέρωση τοποθεσία Κέντρο Θεσσαλονίκης","{""description"":""Παραλαβή / παράδοση από το κεντρικό σημείο εξυπηρέτησης."",""_id"":""76292b47-aa70-4389-8f31-b37aed9d374b"",""_owner"":""4139a8c1-c961-498e-9512-465437a7bf6c"",""_createdDate"":""2026-03-16T07:43:52.892Z"",""mapUrl"":"""",""publicVisible"":true,""label"":""Κέντρο Θεσσαλονίκης"",""_updatedDate"":""2026-03-16T09:53:33.272Z"",""key"":""city_center_office_pickup"",""extraFee"":25,""sortOrder"":20,""address"":""Θεσσαλονίκη, Κέντρο"",""locationType"":""pickup"",""active"":true}","{""description"":""Παραλαβή / παράδοση από το κεντρικό σημείο εξυπηρέτησης."",""_id"":""76292b47-aa70-4389-8f31-b37aed9d374b"",""_owner"":""4139a8c1-c961-498e-9512-465437a7bf6c"",""_createdDate"":""2026-03-16T07:43:52.892Z"",""mapUrl"":"""",""publicVisible"":true,""label"":""Κέντρο Θεσσαλονίκης"",""_updatedDate"":""2026-03-16T10:51:45.307Z"",""key"":""city_center_office"",""extraFee"":25,""sortOrder"":20,""address"":""Θεσσαλονίκη, Κέντρο"",""locationType"":""pickup"",""active"":true}","ckatz1995@gmail.com","Nik nik",2026-03-16T10:51:45Z,2027-03-16T10:51:45Z
,"c854ae0d-62f9-4ba4-ac9f-f130b95afcfe",2026-03-16T16:34:35Z,2026-03-16T16:34:35Z,"48ba7aa5-ed2b-43d2-bdd7-6596e6ec75a8","pricing.fleetVehicle","02a4bf5d-2644-4c5b-ab43-def409aaa60f","pricing.updateFleetVehicle","Ενημέρωση όχημα στόλου ΝΗΧ1234 - Pandaa (A)","{""plate"":""ΝΗΧ1234"",""categoryId"":"""",""categoryDisplayTitle"":""A"",""model"":""Panda"",""_id"":""02a4bf5d-2644-4c5b-ab43-def409aaa60f"",""_owner"":""48ba7aa5-ed2b-43d2-bdd7-6596e6ec75a8"",""_createdDate"":""2026-03-16T16:33:46.057Z"",""categoryTitle"":"""",""_updatedDate"":""2026-03-16T16:33:46.057Z"",""status"":""available"",""category"":""A"",""notes"":"""",""active"":true}","{""plate"":""ΝΗΧ1234"",""categoryId"":"""",""categoryDisplayTitle"":""A"",""model"":""Pandaa"",""_id"":""02a4bf5d-2644-4c5b-ab43-def409aaa60f"",""_owner"":""48ba7aa5-ed2b-43d2-bdd7-6596e6ec75a8"",""_createdDate"":""2026-03-16T16:33:46.057Z"",""categoryTitle"":"""",""_updatedDate"":""2026-03-16T16:34:35.636Z"",""status"":""available"",""category"":""A"",""notes"":"""",""active"":true}","ckatz1995@gmail.com","Nik nik",2026-03-16T16:34:35Z,2027-03-16T16:34:35Z
,"c93c5d90-85e0-4d8d-bf7b-54aaa4671a05",2026-05-26T14:00:01Z,2026-05-26T14:00:01Z,"b65b0bee-7708-4373-a451-8de3234b11fd","staffAuth","ckatz1995@gmail.com","loginSuccess","Backroom login",,,"ckatz1995@gmail.com","Nik nik",2026-05-26T14:00:01Z,2027-05-26T14:00:01Z
,"c97e4978-fc30-4556-8dbe-3ee5f297ba62",2026-03-19T18:02:03Z,2026-03-19T18:02:03Z,"48ba7aa5-ed2b-43d2-bdd7-6596e6ec75a8","staffAuth","ckatz1995@gmail.com","logout","Backroom logout",,,"ckatz1995@gmail.com","Nik nik",2026-03-19T18:02:03Z,2027-03-19T18:02:03Z
,"cbcd2a7b-a352-40c7-beac-36f49b749623",2026-03-22T10:00:21Z,2026-03-22T10:00:21Z,"4139a8c1-c961-498e-9512-465437a7bf6c","pricing.pickupLocation","ktel_thessaloniki_dropoff","pricing.update","Ενημέρωση τοποθεσία ΚΤΕΛ Θεσσαλονίκης","{""description"":""Παραλαβή / παράδοση στον σταθμό ΚΤΕΛ."",""_id"":""1514a8fc-8690-4f29-b8de-415cf514bb74"",""_owner"":""4139a8c1-c961-498e-9512-465437a7bf6c"",""_createdDate"":""2026-03-22T09:59:56.022Z"",""mapUrl"":"""",""publicVisible"":true,""label"":""ΚΤΕΛ Θεσσαλονίκης Copy"",""_updatedDate"":""2026-03-22T09:59:56.022Z"",""key"":""ktel_thessaloniki_copy"",""extraFee"":20,""sortOrder"":40,""address"":""Σταθμός ΚΤΕΛ Μακεδονία, Θεσσαλονίκη"",""locationType"":""dropoff"",""active"":true}","{""description"":""Παραλαβή / παράδοση στον σταθμό ΚΤΕΛ."",""_id"":""1514a8fc-8690-4f29-b8de-415cf514bb74"",""_owner"":""4139a8c1-c961-498e-9512-465437a7bf6c"",""_createdDate"":""2026-03-22T09:59:56.022Z"",""mapUrl"":"""",""publicVisible"":true,""label"":""ΚΤΕΛ Θεσσαλονίκης"",""_updatedDate"":""2026-03-22T10:00:21.727Z"",""key"":""ktel_thessaloniki_dropoff"",""extraFee"":20,""sortOrder"":40,""address"":""Σταθμός ΚΤΕΛ Μακεδονία, Θεσσαλονίκη"",""locationType"":""dropoff"",""active"":true}","ckatz1995@gmail.com","Nik nik",2026-03-22T10:00:21Z,2027-03-22T10:00:21Z
,"cbe1cfc5-bfae-4d9b-98b1-9314b127e3a8",2026-03-15T17:45:43Z,2026-03-15T17:45:43Z,"4139a8c1-c961-498e-9512-465437a7bf6c","staffAuth","ckatz1995@gmail.com","loginSuccess","Backroom login",,,"ckatz1995@gmail.com","Nik nik",2026-03-15T17:45:43Z,2027-03-15T17:45:43Z
,"cd5b3fa3-4b83-44cb-907e-fba710283da0",2026-03-24T13:34:12Z,2026-03-24T13:34:12Z,"48ba7aa5-ed2b-43d2-bdd7-6596e6ec75a8","staffAuth","ckatz1995@gmail.com","loginSuccess","Backroom login",,,"ckatz1995@gmail.com","Nik nik",2026-03-24T13:34:11Z,2027-03-24T13:34:11Z
,"ce00211b-317e-4def-a3c0-0625e11e81ab",2026-03-17T11:35:47Z,2026-03-17T11:35:47Z,"48ba7aa5-ed2b-43d2-bdd7-6596e6ec75a8","session","ckatz1995@gmail.com","session.revokeOthers","Ο χρήστης ανακάλεσε 3 άλλο/ά active session(s)",,,"ckatz1995@gmail.com","Nik nik",2026-03-17T11:35:46Z,2027-03-17T11:35:46Z
,"ceb7e498-17b8-44c3-9e63-bc51073e9305",2026-03-24T13:34:09Z,2026-03-24T13:34:09Z,"48ba7aa5-ed2b-43d2-bdd7-6596e6ec75a8","staffAuth","ckatz1995@gmail.com","loginSuccess","Backroom login",,,"ckatz1995@gmail.com","Nik nik",2026-03-24T13:34:09Z,2027-03-24T13:34:09Z
,"d05afc18-1538-4dba-b631-e84bbbee3cfc",2026-03-16T10:35:35Z,2026-03-16T10:35:35Z,"4139a8c1-c961-498e-9512-465437a7bf6c","pricing.vehicleCategory","46362b25-3bbb-4d22-826d-48ae404e5e85","pricing.updateVehicleCategory","Ενημέρωση κατηγορία οχήματος A - A - Hyundai i10","{""image"":""wix:image://v1/284e08_dba46e75421b4789b78bd10e69f22a9d~mv2.png/088A11CEDC3F1467E725D3F0D6933E6990925E36D6CF380D0B651AFB39B0D59A_edited_edited_edited.png#originWidth=1611&originHeight=929"",""description"":"""",""_id"":""46362b25-3bbb-4d22-826d-48ae404e5e85"",""_owner"":""284e089f-48c1-4969-b018-a9add65901a8"",""_createdDate"":""2026-02-23T11:18:30.231Z"",""fuelType"":""Βενζίνη"",""price"":15,""doors"":""5"",""publicVisible"":true,""_updatedDate"":""2026-03-15T22:14:52.884Z"",""engineCc"":1000,""status"":""Available"",""sortOrder"":9999,""badge"":"""",""category"":""A"",""title"":""A - Hyundai i10"",""seats"":""4"",""transmission"":""Χειροκίνητο"",""airCondition"":true,""luggage"":""1"",""luggage1"":1,""active"":true}","{""image"":""wix:image://v1/284e08_dba46e75421b4789b78bd10e69f22a9d~mv2.png/088A11CEDC3F1467E725D3F0D6933E6990925E36D6CF380D0B651AFB39B0D59A_edited_edited_edited.png#originWidth=1611&originHeight=929"",""description"":"""",""_id"":""46362b25-3bbb-4d22-826d-48ae404e5e85"",""_owner"":""284e089f-48c1-4969-b018-a9add65901a8"",""_createdDate"":""2026-02-23T11:18:30.231Z"",""fuelType"":""Βενζίνη"",""price"":15,""doors"":""5"",""publicVisible"":true,""_updatedDate"":""2026-03-16T10:35:35.033Z"",""engineCc"":1000,""status"":""Available"",""sortOrder"":1,""badge"":"""",""category"":""A"",""title"":""A - Hyundai i10"",""seats"":""4"",""transmission"":""Χειροκίνητο"",""airCondition"":true,""luggage"":""1"",""luggage1"":1,""active"":true}","ckatz1995@gmail.com","Nik nik",2026-03-16T10:35:35Z,2027-03-16T10:35:35Z
,"d05c7992-e2e2-47fc-8882-03b03dc47338",2026-03-15T13:49:10Z,2026-03-15T13:49:10Z,"4139a8c1-c961-498e-9512-465437a7bf6c","user","admin@diamondrentacar.gr","passwordChange","Ο χρήστης άλλαξε το password του",,,"admin@diamondrentacar.gr","Site Admin",2026-03-15T13:49:10Z,2027-03-15T13:49:10Z
,"d1b06851-cfd5-483b-9da8-0ca73d6e51db",2026-04-08T08:35:01Z,2026-04-08T08:35:01Z,"48ba7aa5-ed2b-43d2-bdd7-6596e6ec75a8","staffAuth","ckatz1995@gmail.com","loginSuccess","Backroom login",,,"ckatz1995@gmail.com","Nik nik",2026-04-08T08:35:01Z,2027-04-08T08:35:01Z
,"d208fb7a-8536-4a2f-9fe4-91b558a25a28",2026-03-15T15:18:54Z,2026-03-15T15:18:54Z,"284e089f-48c1-4969-b018-a9add65901a8","staffAuth","ckatz1995@gmail.com","loginSuccess","Backroom login",,,"ckatz1995@gmail.com","Nik nik",2026-03-15T15:18:54Z,2027-03-15T15:18:54Z
,"d22957b7-fe56-42cf-8fdc-0da45c23599e",2026-03-15T17:45:41Z,2026-03-15T17:45:41Z,"4139a8c1-c961-498e-9512-465437a7bf6c","staffAuth","ckatz1995@gmail.com","loginSuccess","Backroom login",,,"ckatz1995@gmail.com","Nik nik",2026-03-15T17:45:41Z,2027-03-15T17:45:41Z
,"d23c8057-1323-4780-b11e-af89e39ae811",2026-03-17T12:28:20Z,2026-03-17T12:28:20Z,"48ba7aa5-ed2b-43d2-bdd7-6596e6ec75a8","pricing.pickupLocation","port_thessaloniki","pricing.update","Ενημέρωση τοποθεσία Λιμάνι Θεσσαλονίκης","{""description"":"""",""_id"":""cf72043c-8104-4b28-9853-29863c8de94d"",""_owner"":""4139a8c1-c961-498e-9512-465437a7bf6c"",""_createdDate"":""2026-03-16T07:41:24.090Z"",""mapUrl"":"""",""publicVisible"":true,""label"":""Λιμάνι Θεσσαλονίκης"",""_updatedDate"":""2026-03-17T12:27:18.418Z"",""key"":""port_thessaloniki"",""extraFee"":40,""sortOrder"":6,""address"":""Λιμάνι Θεσσαλονίκης"",""locationType"":""both"",""active"":true}","{""description"":"""",""_id"":""cf72043c-8104-4b28-9853-29863c8de94d"",""_owner"":""4139a8c1-c961-498e-9512-465437a7bf6c"",""_createdDate"":""2026-03-16T07:41:24.090Z"",""mapUrl"":"""",""publicVisible"":true,""label"":""Λιμάνι Θεσσαλονίκης"",""_updatedDate"":""2026-03-17T12:28:20.254Z"",""key"":""port_thessaloniki"",""extraFee"":40,""sortOrder"":60,""address"":""Λιμάνι Θεσσαλονίκης"",""locationType"":""both"",""active"":true}","ckatz1995@gmail.com","Nik nik",2026-03-17T12:28:20Z,2027-03-17T12:28:20Z
,"d2d2f48c-d4a9-4419-952a-16a03ce66cb7",2026-03-30T12:27:35Z,2026-03-30T12:27:35Z,"48ba7aa5-ed2b-43d2-bdd7-6596e6ec75a8","staffAuth","ckatz1995@hotmail.com","loginFailed","Unknown or inactive user",,,"ckatz1995@hotmail.com","ckatz1995@hotmail.com",2026-03-30T12:27:35Z,2027-03-30T12:27:35Z
,"d3da388c-4b1d-49ed-a168-a78038d1b7d9",2026-05-14T14:56:06Z,2026-05-14T14:56:06Z,"ee6f533c-5006-4b8c-abb8-a82ea80908bf","staffAuth","ckatz1995@gmail.com","loginSuccess","Backroom login",,,"ckatz1995@gmail.com","Nik nik",2026-05-14T14:56:06Z,2027-05-14T14:56:06Z
,"d626ca35-1313-4e0a-9c25-cc0a19f4aae5",2026-03-15T14:13:49Z,2026-03-15T14:13:49Z,"4139a8c1-c961-498e-9512-465437a7bf6c","user","admin@diamondrentacar.gr","user.reinvite","Εκδόθηκε νέο προσωρινό password / re-onboard","{""roleKey"":""admin"",""active"":true}","{""roleKey"":""admin"",""active"":true}","admin@diamondrentacar.gr","Site Admin",2026-03-15T14:13:49Z,2027-03-15T14:13:49Z
,"d6e8d412-62af-4754-9cd2-9619a14c140b",2026-03-16T14:53:39Z,2026-03-16T14:53:39Z,"48ba7aa5-ed2b-43d2-bdd7-6596e6ec75a8","pricing.businessSettings","a5128991-cf12-4a62-bcde-64e77309b454","pricing.saveBusinessSettings","Ενημέρωση business settings","{""nightEndHour"":8,""defaultDeposit"":0,""companyPhone"":""+30 2310 000 000"",""companyAddress"":""Θεσσαλονίκη, Ελλάδα"",""_id"":""a5128991-cf12-4a62-bcde-64e77309b454"",""insuranceTermsBody"":""Η βασική κάλυψη αφορά την τυπική συμμετοχή του ενοικιαστή σύμφωνα με τους όρους της εταιρίας. Οι επιπλέον καλύψεις μειώνουν ή περιορίζουν την ευθύνη ανάλογα με το πρόγραμμα που θα επιλεγεί. Πριν από την τελική παράδοση του οχήματος, η ομάδα μας επιβεβαιώνει ξανά τις καλύψεις, τις εξαιρέσεις και το ύψος της συμμετοχής. Δεν καλύπτονται περιστατικά που προκύπτουν από παραβίαση του ΚΟΚ, οδήγηση υπό επήρεια, μη εξουσιοδοτημένο οδηγό, απώλεια κλειδιών ή εγγράφων και χρήση του οχήματος εκτός των συμφωνημένων όρων. Οι πληροφορίες της σελίδας έχουν ενημερωτικό χαρακτήρα και υπερισχύουν οι τελικοί όροι που επιβεβαιώνονται από την εταιρία πριν την παραλαβή."",""_owner"":""284e089f-48c1-4969-b018-a9add65901a8"",""_createdDate"":""2026-03-15T14:21:47.499Z"",""insuranceTermsIntro"":""Οι ασφαλιστικές επιλογές και οι σχετικοί όροι παρουσιάζονται με απλό τρόπο πριν από την ολοκλήρωση της κράτησης."",""insuranceDetailsTitle"":""Λεπτομέρειες ασφαλιστικών επιλογών"",""insuranceDetailsIntro"":""Παρακάτω βλέπεις συνοπτικά τις επιλογές κάλυψης που χρησιμοποιούνται στο front booking flow."",""insuranceDetailsBody"":""Το CDW αποτελεί τη βασική κάλυψη χωρίς επιπλέον ημερήσια χρέωση. Το SCDW μειώνει περαιτέρω την οικονομική έκθεση του οδηγού, ενώ το FULL παρέχει την πιο ενισχυμένη επιλογή προστασίας που εμφανίζεται στο backroom και στο booking flow. Για κάθε κράτηση, το τελικό πρόγραμμα ασφάλισης, οι χρεώσεις και οι εξαιρέσεις επιβεβαιώνονται από την ομάδα μας πριν από την παράδοση."",""nightStartHour"":22,""_updatedDate"":""2026-03-16T14:53:27.876Z"",""companyName"":""DIAMOND Rent A Car"",""insuranceTermsTitle"":""Όροι και λεπτομέρειες ασφαλειών"",""companyCity"":""Thessaloniki"",""currency"":""EUR"",""footerNote"":""Επαγγελματική εμπειρία ενοικίασης οχήματος με καθαρή ροή κράτησης, ξεκάθαρη τιμολόγηση και προσωπική επιβεβαίωση."",""title"":""Default business settings"",""companyEmail"":""info@diamondrentacar.gr"",""companyTagline"":""Ενοικίαση οχημάτων στη Θεσσαλονίκη με καθαρή διαδικασία και γρήγορη επιβεβαίωση."",""vatRate"":24,""active"":true}","{""nightEndHour"":8,""defaultDeposit"":0,""companyPhone"":""+30 2310 000 000"",""companyAddress"":""Θεσσαλονίκη, Ελλάδα"",""_id"":""a5128991-cf12-4a62-bcde-64e77309b454"",""insuranceTermsBody"":""Η βασική κάλυψη αφορά την τυπική συμμετοχή του ενοικιαστή σύμφωνα με τους όρους της εταιρίας. Οι επιπλέον καλύψεις μειώνουν ή περιορίζουν την ευθύνη ανάλογα με το πρόγραμμα που θα επιλεγεί. Πριν από την τελική παράδοση του οχήματος, η ομάδα μας επιβεβαιώνει ξανά τις καλύψεις, τις εξαιρέσεις και το ύψος της συμμετοχής. Δεν καλύπτονται περιστατικά που προκύπτουν από παραβίαση του ΚΟΚ, οδήγηση υπό επήρεια, μη εξουσιοδοτημένο οδηγό, απώλεια κλειδιών ή εγγράφων και χρήση του οχήματος εκτός των συμφωνημένων όρων. Οι πληροφορίες της σελίδας έχουν ενημερωτικό χαρακτήρα και υπερισχύουν οι τελικοί όροι που επιβεβαιώνονται από την εταιρία πριν την παραλαβή."",""_owner"":""284e089f-48c1-4969-b018-a9add65901a8"",""_createdDate"":""2026-03-15T14:21:47.499Z"",""insuranceTermsIntro"":""Οι ασφαλιστικές επιλογές και οι σχετικοί όροι παρουσιάζονται με απλό τρόπο πριν από την ολοκλήρωση της κράτησης."",""insuranceDetailsTitle"":""Λεπτομέρειες ασφαλιστικών επιλογών"",""insuranceDetailsIntro"":""Παρακάτω βλέπεις συνοπτικά τις επιλογές κάλυψης που χρησιμοποιούνται στο front booking flow."",""insuranceDetailsBody"":""Το CDW αποτελεί τη βασική κάλυψη χωρίς επιπλέον ημερήσια χρέωση. Το SCDW μειώνει περαιτέρω την οικονομική έκθεση του οδηγού, ενώ το FULL παρέχει την πιο ενισχυμένη επιλογή προστασίας που εμφανίζεται στο backroom και στο booking flow. Για κάθε κράτηση, το τελικό πρόγραμμα ασφάλισης, οι χρεώσεις και οι εξαιρέσεις επιβεβαιώνονται από την ομάδα μας πριν από την παράδοση."",""nightStartHour"":22,""_updatedDate"":""2026-03-16T14:53:39.738Z"",""companyName"":""DIAMOND Rent A Car"",""insuranceTermsTitle"":""Όροι και λεπτομέρειες ασφαλειών"",""companyCity"":""Thessaloniki"",""currency"":""EUR"",""footerNote"":""Επαγγελματική εμπειρία ενοικίασης οχήματος με καθαρή ροή κράτησης, ξεκάθαρη τιμολόγηση και προσωπική επιβεβαίωση."",""title"":""Default business settings"",""companyEmail"":""info@diamondrentacar.gr"",""companyTagline"":""Ενοικίαση οχημάτων στη Θεσσαλονίκη με καθαρή διαδικασία και γρήγορη επιβεβαίωση."",""vatRate"":24,""active"":true}","ckatz1995@gmail.com","Nik nik",2026-03-16T14:53:39Z,2027-03-16T14:53:39Z
,"d6ed3cdf-1338-4bda-97dd-9026e3cf281d",2026-03-16T09:05:16Z,2026-03-16T09:05:16Z,"284e089f-48c1-4969-b018-a9add65901a8","staffAuth","test@test.gr","loginSuccess","Backroom login",,,"test@test.gr","Test test",2026-03-16T09:05:16Z,2027-03-16T09:05:16Z
,"d7bebb5c-944f-48ce-b9df-5cee96033770",2026-03-16T10:38:30Z,2026-03-16T10:38:30Z,"4139a8c1-c961-498e-9512-465437a7bf6c","pricing.categoryRateRule","low","pricing.insert","Νέος rate rule B LOW 3 ΜΕΡΕΣ",,"{""key"":""low"",""label"":""B LOW 3 ΜΕΡΕΣ"",""description"":"""",""categoryCode"":""B"",""vehicleCategoryId"":""81e5ca63-92d3-4a82-ac49-987dfb6d4b9e"",""seasonKey"":""low_season"",""minDays"":1,""maxDays"":3,""pricePerDay"":20,""sortOrder"":9999,""active"":true,""publicVisible"":true,""_id"":""6e990db6-abed-4d48-8a27-516372803f37"",""_owner"":""4139a8c1-c961-498e-9512-465437a7bf6c"",""_createdDate"":""2026-03-16T10:38:29.846Z"",""_updatedDate"":""2026-03-16T10:38:29.846Z""}","ckatz1995@gmail.com","Nik nik",2026-03-16T10:38:29Z,2027-03-16T10:38:29Z
,"d878403a-0ad4-40fd-8bf8-992b80e37dcd",2026-03-18T07:35:22Z,2026-03-18T07:35:22Z,"48ba7aa5-ed2b-43d2-bdd7-6596e6ec75a8","pricing.businessSettings","a5128991-cf12-4a62-bcde-64e77309b454","pricing.saveBusinessSettings","Ενημέρωση business settings","{""vehiclesPageModelsSource"":""fleet"",""rentalTermsIntro"":""Στην παρακάτω σελίδα συγκεντρώνονται βασικοί όροι, προϋποθέσεις και πολιτικές της ενοικίασης με μορφή εύκολη για ανάγνωση και ενημέρωση από το backroom."",""nightEndHour"":8,""bookingCanceledTriggerId"":"""",""defaultDeposit"":0,""companyPhone"":""+30 2310 000 000"",""companyAddress"":""Θεσσαλονίκη, Ελλάδα"",""_id"":""a5128991-cf12-4a62-bcde-64e77309b454"",""insuranceTermsBody"":""Η βασική κάλυψη αφορά την τυπική συμμετοχή του ενοικιαστή σύμφωνα με τους όρους της εταιρίας. Οι επιπλέον καλύψεις μειώνουν ή περιορίζουν την ευθύνη ανάλογα με το πρόγραμμα που θα επιλεγεί. Πριν από την τελική παράδοση του οχήματος, η ομάδα μας επιβεβαιώνει ξανά τις καλύψεις, τις εξαιρέσεις και το ύψος της συμμετοχής. Δεν καλύπτονται περιστατικά που προκύπτουν από παραβίαση του ΚΟΚ, οδήγηση υπό επήρεια, μη εξουσιοδοτημένο οδηγό, απώλεια κλειδιών ή εγγράφων και χρήση του οχήματος εκτός των συμφωνημένων όρων. Οι πληροφορίες της σελίδας έχουν ενημερωτικό χαρακτήρα και υπερισχύουν οι τελικοί όροι που επιβεβαιώνονται από την εταιρία πριν την παραλαβή."",""_owner"":""284e089f-48c1-4969-b018-a9add65901a8"",""_createdDate"":""2026-03-15T14:21:47.499Z"",""insuranceTermsIntro"":""Οι ασφαλιστικές επιλογές και οι σχετικοί όροι παρουσιάζονται με απλό τρόπο πριν από την ολοκλήρωση της κράτησης."",""insuranceDetailsTitle"":""Λεπτομέρειες ασφαλιστικών επιλογών"",""insuranceDetailsIntro"":""Παρακάτω βλέπεις συνοπτικά τις επιλογές κάλυψης που χρησιμοποιούνται στο front booking flow."",""insuranceDetailsBody"":""Το CDW αποτελεί τη βασική κάλυψη χωρίς επιπλέον ημερήσια χρέωση. Το SCDW μειώνει περαιτέρω την οικονομική έκθεση του οδηγού, ενώ το FULL παρέχει την πιο ενισχυμένη επιλογή προστασίας που εμφανίζεται στο backroom και στο booking flow. Για κάθε κράτηση, το τελικό πρόγραμμα ασφάλισης, οι χρεώσεις και οι εξαιρέσεις επιβεβαιώνονται από την ομάδα μας πριν από την παράδοση."",""rentalPrivacyBody"":""Τα προσωπικά δεδομένα χρησιμοποιούνται αποκλειστικά για την εξυπηρέτηση της κράτησης, την επικοινωνία με τον πελάτη και την εκπλήρωση νομικών ή φορολογικών υποχρεώσεων της εταιρίας. Για ειδικά αιτήματα, διορθώσεις στοιχείων ή απορίες σχετικά με την επεξεργασία δεδομένων, ο πελάτης μπορεί να επικοινωνεί με την εταιρία στα διαθέσιμα στοιχεία επικοινωνίας."",""nightStartHour"":22,""_updatedDate"":""2026-03-18T07:35:05.996Z"",""allowOverbooking"":true,""companyName"":""DIAMOND Rent A Car"",""insuranceTermsTitle"":""Όροι και λεπτομέρειες ασφαλειών"",""rentalTermsTitle"":""Όροι ενοικίασης και πολιτικές"",""companyCity"":""Thessaloniki"",""bookingConfirmedTriggerId"":"""",""currency"":""EUR"",""footerNote"":""Επαγγελματική εμπειρία ενοικίασης οχήματος με καθαρή ροή κράτησης, ξεκάθαρη τιμολόγηση και προσωπική επιβεβαίωση."",""title"":""Default business settings"",""companyEmail"":""info@diamondrentacar.gr"",""companyTagline"":""Ενοικίαση οχημάτων στη Θεσσαλονίκη με καθαρή διαδικασία και γρήγορη επιβεβαίωση."",""rentalTermsBody"":""Η ενοικίαση ολοκληρώνεται μόνο μετά από επιβεβαίωση της διαθεσιμότητας από την εταιρία και έλεγχο των στοιχείων του οδηγού. Η εταιρία διατηρεί το δικαίωμα να προτείνει ισοδύναμο όχημα ίδιας ή ανώτερης κατηγορίας όταν αυτό απαιτηθεί από λειτουργικούς λόγους, χωρίς πρόσθετη χρέωση για τον πελάτη."",""vatRate"":24,""rentalRequirementsBody"":""Ο κύριος οδηγός οφείλει να διαθέτει ισχύουσα άδεια οδήγησης, ταυτότητα ή διαβατήριο και κάρτα ή άλλο μέσο πληρωμής αποδεκτό από την εταιρία. Ελάχιστη ηλικία, έτη κατοχής διπλώματος, εγγύηση και τυχόν επασφάλιστρα εξαρτώνται από την κατηγορία οχήματος και την τελική επιβεβαίωση της κράτησης."",""vehiclesPageDisplayMode"":""categories"",""enableTriggeredEmails"":false,""rentalPoliciesBody"":""Η πολιτική καυσίμου, οι ώρες παράδοσης και παραλαβής, οι χρεώσεις εκτός ωραρίου, οι ακυρώσεις, οι καθυστερήσεις και οι όροι επέκτασης της μίσθωσης επιβεβαιώνονται πριν την παράδοση. Τυχόν ζημιές, πρόστιμα, απώλειες εξοπλισμού ή χρήση του οχήματος κατά παράβαση των συμφωνημένων όρων βαρύνουν τον ενοικιαστή σύμφωνα με την τελική σύμβαση."",""active"":true}","{""vehiclesPageModelsSource"":""fleet"",""rentalTermsIntro"":""Στην παρακάτω σελίδα συγκεντρώνονται βασικοί όροι, προϋποθέσεις και πολιτικές της ενοικίασης με μορφή εύκολη για ανάγνωση και ενημέρωση από το backroom."",""nightEndHour"":8,""bookingCanceledTriggerId"":"""",""defaultDeposit"":0,""companyPhone"":""+30 2310 000 000"",""companyAddress"":""Θεσσαλονίκη, Ελλάδα"",""_id"":""a5128991-cf12-4a62-bcde-64e77309b454"",""insuranceTermsBody"":""Η βασική κάλυψη αφορά την τυπική συμμετοχή του ενοικιαστή σύμφωνα με τους όρους της εταιρίας. Οι επιπλέον καλύψεις μειώνουν ή περιορίζουν την ευθύνη ανάλογα με το πρόγραμμα που θα επιλεγεί. Πριν από την τελική παράδοση του οχήματος, η ομάδα μας επιβεβαιώνει ξανά τις καλύψεις, τις εξαιρέσεις και το ύψος της συμμετοχής. Δεν καλύπτονται περιστατικά που προκύπτουν από παραβίαση του ΚΟΚ, οδήγηση υπό επήρεια, μη εξουσιοδοτημένο οδηγό, απώλεια κλειδιών ή εγγράφων και χρήση του οχήματος εκτός των συμφωνημένων όρων. Οι πληροφορίες της σελίδας έχουν ενημερωτικό χαρακτήρα και υπερισχύουν οι τελικοί όροι που επιβεβαιώνονται από την εταιρία πριν την παραλαβή."",""_owner"":""284e089f-48c1-4969-b018-a9add65901a8"",""_createdDate"":""2026-03-15T14:21:47.499Z"",""insuranceTermsIntro"":""Οι ασφαλιστικές επιλογές και οι σχετικοί όροι παρουσιάζονται με απλό τρόπο πριν από την ολοκλήρωση της κράτησης."",""insuranceDetailsTitle"":""Λεπτομέρειες ασφαλιστικών επιλογών"",""insuranceDetailsIntro"":""Παρακάτω βλέπεις συνοπτικά τις επιλογές κάλυψης που χρησιμοποιούνται στο front booking flow."",""insuranceDetailsBody"":""Το CDW αποτελεί τη βασική κάλυψη χωρίς επιπλέον ημερήσια χρέωση. Το SCDW μειώνει περαιτέρω την οικονομική έκθεση του οδηγού, ενώ το FULL παρέχει την πιο ενισχυμένη επιλογή προστασίας που εμφανίζεται στο backroom και στο booking flow. Για κάθε κράτηση, το τελικό πρόγραμμα ασφάλισης, οι χρεώσεις και οι εξαιρέσεις επιβεβαιώνονται από την ομάδα μας πριν από την παράδοση."",""rentalPrivacyBody"":""Τα προσωπικά δεδομένα χρησιμοποιούνται αποκλειστικά για την εξυπηρέτηση της κράτησης, την επικοινωνία με τον πελάτη και την εκπλήρωση νομικών ή φορολογικών υποχρεώσεων της εταιρίας. Για ειδικά αιτήματα, διορθώσεις στοιχείων ή απορίες σχετικά με την επεξεργασία δεδομένων, ο πελάτης μπορεί να επικοινωνεί με την εταιρία στα διαθέσιμα στοιχεία επικοινωνίας."",""nightStartHour"":22,""_updatedDate"":""2026-03-18T07:35:22.806Z"",""allowOverbooking"":true,""companyName"":""DIAMOND Rent A Car"",""insuranceTermsTitle"":""Όροι και λεπτομέρειες ασφαλειών"",""rentalTermsTitle"":""Όροι ενοικίασης και πολιτικές"",""companyCity"":""Thessaloniki"",""bookingConfirmedTriggerId"":"""",""currency"":""EUR"",""footerNote"":""Επαγγελματική εμπειρία ενοικίασης οχήματος με καθαρή ροή κράτησης, ξεκάθαρη τιμολόγηση και προσωπική επιβεβαίωση."",""title"":""Default business settings"",""companyEmail"":""info@diamondrentacar.gr"",""companyTagline"":""Ενοικίαση οχημάτων στη Θεσσαλονίκη με καθαρή διαδικασία και γρήγορη επιβεβαίωση."",""rentalTermsBody"":""Η ενοικίαση ολοκληρώνεται μόνο μετά από επιβεβαίωση της διαθεσιμότητας από την εταιρία και έλεγχο των στοιχείων του οδηγού. Η εταιρία διατηρεί το δικαίωμα να προτείνει ισοδύναμο όχημα ίδιας ή ανώτερης κατηγορίας όταν αυτό απαιτηθεί από λειτουργικούς λόγους, χωρίς πρόσθετη χρέωση για τον πελάτη."",""vatRate"":24,""rentalRequirementsBody"":""Ο κύριος οδηγός οφείλει να διαθέτει ισχύουσα άδεια οδήγησης, ταυτότητα ή διαβατήριο και κάρτα ή άλλο μέσο πληρωμής αποδεκτό από την εταιρία. Ελάχιστη ηλικία, έτη κατοχής διπλώματος, εγγύηση και τυχόν επασφάλιστρα εξαρτώνται από την κατηγορία οχήματος και την τελική επιβεβαίωση της κράτησης."",""vehiclesPageDisplayMode"":""categories"",""enableTriggeredEmails"":false,""rentalPoliciesBody"":""Η πολιτική καυσίμου, οι ώρες παράδοσης και παραλαβής, οι χρεώσεις εκτός ωραρίου, οι ακυρώσεις, οι καθυστερήσεις και οι όροι επέκτασης της μίσθωσης επιβεβαιώνονται πριν την παράδοση. Τυχόν ζημιές, πρόστιμα, απώλειες εξοπλισμού ή χρήση του οχήματος κατά παράβαση των συμφωνημένων όρων βαρύνουν τον ενοικιαστή σύμφωνα με την τελική σύμβαση."",""active"":true}","ckatz1995@gmail.com","Nik nik",2026-03-18T07:35:22Z,2027-03-18T07:35:22Z
,"d9f9507f-f4e2-4331-b4fe-c810b8fb358a",2026-03-17T12:27:50Z,2026-03-17T12:27:50Z,"48ba7aa5-ed2b-43d2-bdd7-6596e6ec75a8","pricing.pickupLocation","city_center_office","pricing.update","Ενημέρωση τοποθεσία Κέντρο Θεσσαλονίκης","{""description"":""Παραλαβή / παράδοση από το κεντρικό σημείο εξυπηρέτησης."",""_id"":""ebb125a2-bdae-489c-87e1-5bc86581d185"",""_owner"":""4139a8c1-c961-498e-9512-465437a7bf6c"",""_createdDate"":""2026-03-16T07:42:43.237Z"",""mapUrl"":"""",""publicVisible"":true,""label"":""Κέντρο Θεσσαλονίκης"",""_updatedDate"":""2026-03-17T12:26:34.316Z"",""key"":""city_center_office"",""extraFee"":25,""sortOrder"":3,""address"":""Θεσσαλονίκη, Κέντρο"",""locationType"":""dropoff"",""active"":true}","{""description"":""Παραλαβή / παράδοση από το κεντρικό σημείο εξυπηρέτησης."",""_id"":""ebb125a2-bdae-489c-87e1-5bc86581d185"",""_owner"":""4139a8c1-c961-498e-9512-465437a7bf6c"",""_createdDate"":""2026-03-16T07:42:43.237Z"",""mapUrl"":"""",""publicVisible"":true,""label"":""Κέντρο Θεσσαλονίκης"",""_updatedDate"":""2026-03-17T12:27:49.961Z"",""key"":""city_center_office"",""extraFee"":25,""sortOrder"":30,""address"":""Θεσσαλονίκη, Κέντρο"",""locationType"":""dropoff"",""active"":true}","ckatz1995@gmail.com","Nik nik",2026-03-17T12:27:50Z,2027-03-17T12:27:50Z
,"da43a37e-f20d-492e-aec0-f41eb7f6cbb8",2026-03-16T07:43:18Z,2026-03-16T07:43:18Z,"4139a8c1-c961-498e-9512-465437a7bf6c","pricing.pickupLocation","city_center_office_copy","pricing.update","Ενημέρωση τοποθεσία Κέντρο Θεσσαλονίκης Copy","{""description"":""Παραλαβή / παράδοση από το κεντρικό σημείο εξυπηρέτησης."",""_id"":""ebb125a2-bdae-489c-87e1-5bc86581d185"",""_owner"":""4139a8c1-c961-498e-9512-465437a7bf6c"",""_createdDate"":""2026-03-16T07:42:43.237Z"",""mapUrl"":"""",""publicVisible"":true,""label"":""Κέντρο Θεσσαλονίκης Copy"",""_updatedDate"":""2026-03-16T07:42:43.237Z"",""key"":""city_center_office_copy"",""extraFee"":20,""sortOrder"":20,""address"":""Θεσσαλονίκη, Κέντρο"",""locationType"":""pickup"",""active"":true}","{""description"":""Παραλαβή / παράδοση από το κεντρικό σημείο εξυπηρέτησης."",""_id"":""ebb125a2-bdae-489c-87e1-5bc86581d185"",""_owner"":""4139a8c1-c961-498e-9512-465437a7bf6c"",""_createdDate"":""2026-03-16T07:42:43.237Z"",""mapUrl"":"""",""publicVisible"":true,""label"":""Κέντρο Θεσσαλονίκης Copy"",""_updatedDate"":""2026-03-16T07:43:18.292Z"",""key"":""city_center_office_copy"",""extraFee"":15,""sortOrder"":20,""address"":""Θεσσαλονίκη, Κέντρο"",""locationType"":""pickup"",""active"":true}","ckatz1995@gmail.com","Nik nik",2026-03-16T07:43:18Z,2027-03-16T07:43:18Z
,"daa38a9d-0849-4c58-ae11-dcc868779eb8",2026-03-17T12:26:28Z,2026-03-17T12:26:28Z,"48ba7aa5-ed2b-43d2-bdd7-6596e6ec75a8","pricing.pickupLocation","city_center_office","pricing.update","Ενημέρωση τοποθεσία Κέντρο Θεσσαλονίκης","{""description"":""Παραλαβή / παράδοση από το κεντρικό σημείο εξυπηρέτησης."",""_id"":""76292b47-aa70-4389-8f31-b37aed9d374b"",""_owner"":""4139a8c1-c961-498e-9512-465437a7bf6c"",""_createdDate"":""2026-03-16T07:43:52.892Z"",""mapUrl"":"""",""publicVisible"":true,""label"":""Κέντρο Θεσσαλονίκης"",""_updatedDate"":""2026-03-16T10:51:45.307Z"",""key"":""city_center_office"",""extraFee"":25,""sortOrder"":20,""address"":""Θεσσαλονίκη, Κέντρο"",""locationType"":""pickup"",""active"":true}","{""description"":""Παραλαβή / παράδοση από το κεντρικό σημείο εξυπηρέτησης."",""_id"":""76292b47-aa70-4389-8f31-b37aed9d374b"",""_owner"":""4139a8c1-c961-498e-9512-465437a7bf6c"",""_createdDate"":""2026-03-16T07:43:52.892Z"",""mapUrl"":"""",""publicVisible"":true,""label"":""Κέντρο Θεσσαλονίκης"",""_updatedDate"":""2026-03-17T12:26:27.301Z"",""key"":""city_center_office"",""extraFee"":25,""sortOrder"":2,""address"":""Θεσσαλονίκη, Κέντρο"",""locationType"":""pickup"",""active"":true}","ckatz1995@gmail.com","Nik nik",2026-03-17T12:26:27Z,2027-03-17T12:26:27Z
,"dba3c565-567c-4d57-ad6d-d9cd1909efd4",2026-04-04T12:59:27Z,2026-04-04T12:59:27Z,"4139a8c1-c961-498e-9512-465437a7bf6c","pricing.businessSettings","a5128991-cf12-4a62-bcde-64e77309b454","pricing.saveBusinessSettings","Ενημέρωση business settings","{""stationSettings"":{""ath"":{""vehiclesPageModelsSource"":""fleet"",""rentalTermsIntro"":""Στην παρακάτω σελίδα συγκεντρώνονται βασικοί όροι, προϋποθέσεις και πολιτικές της ενοικίασης με μορφή εύκολη για ανάγνωση και ενημέρωση από το backroom."",""nightEndHour"":8,""stationProfiles"":[{""key"":""default"",""label"":""Κεντρικός σταθμός"",""description"":""""},{""key"":""ath"",""label"":""ATH Athens"",""description"":""""}],""bookingCanceledTriggerId"":"""",""defaultDeposit"":0,""operatingHoursLabel"":""08:00 - 22:00"",""companyPhone"":""+30 2310 000 000"",""companyAddress"":""Θεσσαλονίκη, Ελλάδα"",""insuranceTermsBody"":""Η βασική κάλυψη αφορά την τυπική συμμετοχή του ενοικιαστή σύμφωνα με τους όρους της εταιρίας. Οι επιπλέον καλύψεις μειώνουν ή περιορίζουν την ευθύνη ανάλογα με το πρόγραμμα που θα επιλεγεί. Πριν από την τελική παράδοση του οχήματος, η ομάδα μας επιβεβαιώνει ξανά τις καλύψεις, τις εξαιρέσεις και το ύψος της συμμετοχής. Δεν καλύπτονται περιστατικά που προκύπτουν από παραβίαση του ΚΟΚ, οδήγηση υπό επήρεια, μη εξουσιοδοτημένο οδηγό, απώλεια κλειδιών ή εγγράφων και χρήση του οχήματος εκτός των συμφωνημένων όρων. Οι πληροφορίες της σελίδας έχουν ενημερωτικό χαρακτήρα και υπερισχύουν οι τελικοί όροι που επιβεβαιώνονται από την εταιρία πριν την παραλαβή."",""insuranceTermsIntro"":""Οι ασφαλιστικές επιλογές και οι σχετικοί όροι παρουσιάζονται με απλό τρόπο πριν από την ολοκλήρωση της κράτησης."",""insuranceDetailsTitle"":""Λεπτομέρειες ασφαλιστικών επιλογών"",""insuranceDetailsIntro"":""Παρακάτω βλέπεις συνοπτικά τις επιλογές κάλυψης που χρησιμοποιούνται στο front booking flow."",""insuranceDetailsBody"":""Το CDW αποτελεί τη βασική κάλυψη χωρίς επιπλέον ημερήσια χρέωση. Το SCDW μειώνει περαιτέρω την οικονομική έκθεση του οδηγού, ενώ το FULL παρέχει την πιο ενισχυμένη επιλογή προστασίας που εμφανίζεται στο backroom και στο booking flow. Για κάθε κράτηση, το τελικό πρόγραμμα ασφάλισης, οι χρεώσεις και οι εξαιρέσεις επιβεβαιώνονται από την ομάδα μας πριν από την παράδοση."",""rentalPrivacyBody"":""Τα προσωπικά δεδομένα χρησιμοποιούνται αποκλειστικά για την εξυπηρέτηση της κράτησης, την επικοινωνία με τον πελάτη και την εκπλήρωση νομικών ή φορολογικών υποχρεώσεων της εταιρίας. Για ειδικά αιτήματα, διορθώσεις στοιχείων ή απορίες σχετικά με την επεξεργασία δεδομένων, ο πελάτης μπορεί να επικοινωνεί με την εταιρία στα διαθέσιμα στοιχεία επικοινωνίας."",""nightStartHour"":22,""allowOverbooking"":true,""companyName"":""DIAMOND Rent A Car"",""insuranceTermsTitle"":""Όροι και λεπτομέρειες ασφαλειών"",""rentalTermsTitle"":""Όροι ενοικίασης και πολιτικές"",""companyCity"":""Thessaloniki"",""bookingConfirmedTriggerId"":"""",""currency"":""EUR"",""footerNote"":""Επαγγελματική εμπειρία ενοικίασης οχήματος με καθαρή ροή κράτησης, ξεκάθαρη τιμολόγηση και προσωπική επιβεβαίωση."",""title"":""Business settings"",""companyEmail"":""info@diamondrentacar.gr"",""companyTagline"":""Ενοικίαση οχημάτων στη Θεσσαλονίκη με καθαρή διαδικασία και γρήγορη επιβεβαίωση."",""rentalTermsBody"":""Η ενοικίαση ολοκληρώνεται μόνο μετά από επιβεβαίωση της διαθεσιμότητας από την εταιρία και έλεγχο των στοιχείων του οδηγού. Η εταιρία διατηρεί το δικαίωμα να προτείνει ισοδύναμο όχημα ίδιας ή ανώτερης κατηγορίας όταν αυτό απαιτηθεί από λειτουργικούς λόγους, χωρίς πρόσθετη χρέωση για τον πελάτη."",""vatRate"":24,""rentalRequirementsBody"":""Ο κύριος οδηγός οφείλει να διαθέτει ισχύουσα άδεια οδήγησης, ταυτότητα ή διαβατήριο και κάρτα ή άλλο μέσο πληρωμής αποδεκτό από την εταιρία. Ελάχιστη ηλικία, έτη κατοχής διπλώματος, εγγύηση και τυχόν επασφάλιστρα εξαρτώνται από την κατηγορία οχήματος και την τελική επιβεβαίωση της κράτησης."",""vehiclesPageDisplayMode"":""categories"",""enableTriggeredEmails"":false,""rentalPoliciesBody"":""Η πολιτική καυσίμου, οι ώρες παράδοσης και παραλαβής, οι χρεώσεις εκτός ωραρίου, οι ακυρώσεις, οι καθυστερήσεις και οι όροι επέκτασης της μίσθωσης επιβεβαιώνονται πριν την παράδοση. Τυχόν ζημιές, πρόστιμα, απώλειες εξοπλισμού ή χρήση του οχήματος κατά παράβαση των συμφωνημένων όρων βαρύνουν τον ενοικιαστή σύμφωνα με την τελική σύμβαση."",""active"":true,""afterHoursNotice"":""Για εξυπηρέτηση εκτός ωραρίου ισχύουν επιπλέον χρεώσεις.""},""default"":{""vehiclesPageModelsSource"":""fleet"",""rentalTermsIntro"":""Στην παρακάτω σελίδα συγκεντρώνονται βασικοί όροι, προϋποθέσεις και πολιτικές της ενοικίασης με μορφή εύκολη για ανάγνωση και ενημέρωση από το backroom."",""nightEndHour"":8,""stationProfiles"":[{""key"":""a"",""label"":""a"",""description"":""""},{""key"":""ath"",""label"":""ATH Athens"",""description"":""""},{""key"":""default"",""label"":""SKG Thessaloniki"",""description"":""""}],""bookingCanceledTriggerId"":"""",""defaultDeposit"":0,""operatingHoursLabel"":""08:00 - 22:00"",""companyPhone"":""+30 2310 000 000"",""companyAddress"":""Θεσσαλονίκη, Ελλάδα"",""insuranceTermsBody"":""Η βασική κάλυψη αφορά την τυπική συμμετοχή του ενοικιαστή σύμφωνα με τους όρους της εταιρίας. Οι επιπλέον καλύψεις μειώνουν ή περιορίζουν την ευθύνη ανάλογα με το πρόγραμμα που θα επιλεγεί. Πριν από την τελική παράδοση του οχήματος, η ομάδα μας επιβεβαιώνει ξανά τις καλύψεις, τις εξαιρέσεις και το ύψος της συμμετοχής. Δεν καλύπτονται περιστατικά που προκύπτουν από παραβίαση του ΚΟΚ, οδήγηση υπό επήρεια, μη εξουσιοδοτημένο οδηγό, απώλεια κλειδιών ή εγγράφων και χρήση του οχήματος εκτός των συμφωνημένων όρων. Οι πληροφορίες της σελίδας έχουν ενημερωτικό χαρακτήρα και υπερισχύουν οι τελικοί όροι που επιβεβαιώνονται από την εταιρία πριν την παραλαβή."",""insuranceTermsIntro"":""Οι ασφαλιστικές επιλογές και οι σχετικοί όροι παρουσιάζονται με απλό τρόπο πριν από την ολοκλήρωση της κράτησης."",""insuranceDetailsTitle"":""Λεπτομέρειες ασφαλιστικών επιλογών"",""insuranceDetailsIntro"":""Παρακάτω βλέπεις συνοπτικά τις επιλογές κάλυψης που χρησιμοποιούνται στο front booking flow."",""insuranceDetailsBody"":""Το CDW αποτελεί τη βασική κάλυψη χωρίς επιπλέον ημερήσια χρέωση. Το SCDW μειώνει περαιτέρω την οικονομική έκθεση του οδηγού, ενώ το FULL παρέχει την πιο ενισχυμένη επιλογή προστασίας που εμφανίζεται στο backroom και στο booking flow. Για κάθε κράτηση, το τελικό πρόγραμμα ασφάλισης, οι χρεώσεις και οι εξαιρέσεις επιβεβαιώνονται από την ομάδα μας πριν από την παράδοση."",""rentalPrivacyBody"":""Τα προσωπικά δεδομένα χρησιμοποιούνται αποκλειστικά για την εξυπηρέτηση της κράτησης, την επικοινωνία με τον πελάτη και την εκπλήρωση νομικών ή φορολογικών υποχρεώσεων της εταιρίας. Για ειδικά αιτήματα, διορθώσεις στοιχείων ή απορίες σχετικά με την επεξεργασία δεδομένων, ο πελάτης μπορεί να επικοινωνεί με την εταιρία στα διαθέσιμα στοιχεία επικοινωνίας."",""nightStartHour"":22,""allowOverbooking"":true,""companyName"":""DIAMOND Rent A Car"",""insuranceTermsTitle"":""Όροι και λεπτομέρειες ασφαλειών"",""rentalTermsTitle"":""Όροι ενοικίασης και πολιτικές"",""companyCity"":""Thessaloniki"",""bookingConfirmedTriggerId"":"""",""currency"":""EUR"",""footerNote"":""Επαγγελματική εμπειρία ενοικίασης οχήματος με καθαρή ροή κράτησης, ξεκάθαρη τιμολόγηση και προσωπική επιβεβαίωση."",""title"":""Business settings"",""companyEmail"":""info@diamondrentacar.gr"",""companyTagline"":""Ενοικίαση οχημάτων στη Θεσσαλονίκη με καθαρή διαδικασία και γρήγορη επιβεβαίωση."",""rentalTermsBody"":""Η ενοικίαση ολοκληρώνεται μόνο μετά από επιβεβαίωση της διαθεσιμότητας από την εταιρία και έλεγχο των στοιχείων του οδηγού. Η εταιρία διατηρεί το δικαίωμα να προτείνει ισοδύναμο όχημα ίδιας ή ανώτερης κατηγορίας όταν αυτό απαιτηθεί από λειτουργικούς λόγους, χωρίς πρόσθετη χρέωση για τον πελάτη."",""vatRate"":24,""rentalRequirementsBody"":""Ο κύριος οδηγός οφείλει να διαθέτει ισχύουσα άδεια οδήγησης, ταυτότητα ή διαβατήριο και κάρτα ή άλλο μέσο πληρωμής αποδεκτό από την εταιρία. Ελάχιστη ηλικία, έτη κατοχής διπλώματος, εγγύηση και τυχόν επασφάλιστρα εξαρτώνται από την κατηγορία οχήματος και την τελική επιβεβαίωση της κράτησης."",""vehiclesPageDisplayMode"":""categories"",""enableTriggeredEmails"":false,""rentalPoliciesBody"":""Η πολιτική καυσίμου, οι ώρες παράδοσης και παραλαβής, οι χρεώσεις εκτός ωραρίου, οι ακυρώσεις, οι καθυστερήσεις και οι όροι επέκτασης της μίσθωσης επιβεβαιώνονται πριν την παράδοση. Τυχόν ζημιές, πρόστιμα, απώλειες εξοπλισμού ή χρήση του οχήματος κατά παράβαση των συμφωνημένων όρων βαρύνουν τον ενοικιαστή σύμφωνα με την τελική σύμβαση."",""active"":true,""afterHoursNotice"":""Για εξυπηρέτηση εκτός ωραρίου ισχύουν επιπλέον χρεώσεις.""}},""vehiclesPageModelsSource"":""fleet"",""rentalTermsIntro"":""Στην παρακάτω σελίδα συγκεντρώνονται βασικοί όροι, προϋποθέσεις και πολιτικές της ενοικίασης με μορφή εύκολη για ανάγνωση και ενημέρωση από το backroom."",""nightEndHour"":8,""stationProfiles"":[{""key"":""a"",""label"":""a"",""description"":""""},{""key"":""ath"",""label"":""ATH Athens"",""description"":""""},{""key"":""default"",""label"":""SKG Thessaloniki"",""description"":""""}],""bookingCanceledTriggerId"":"""",""defaultDeposit"":0,""operatingHoursLabel"":""08:00 - 22:00"",""companyPhone"":""+30 2310 000 000"",""companyAddress"":""Θεσσαλονίκη, Ελλάδα"",""_id"":""a5128991-cf12-4a62-bcde-64e77309b454"",""insuranceTermsBody"":""Η βασική κάλυψη αφορά την τυπική συμμετοχή του ενοικιαστή σύμφωνα με τους όρους της εταιρίας. Οι επιπλέον καλύψεις μειώνουν ή περιορίζουν την ευθύνη ανάλογα με το πρόγραμμα που θα επιλεγεί. Πριν από την τελική παράδοση του οχήματος, η ομάδα μας επιβεβαιώνει ξανά τις καλύψεις, τις εξαιρέσεις και το ύψος της συμμετοχής. Δεν καλύπτονται περιστατικά που προκύπτουν από παραβίαση του ΚΟΚ, οδήγηση υπό επήρεια, μη εξουσιοδοτημένο οδηγό, απώλεια κλειδιών ή εγγράφων και χρήση του οχήματος εκτός των συμφωνημένων όρων. Οι πληροφορίες της σελίδας έχουν ενημερωτικό χαρακτήρα και υπερισχύουν οι τελικοί όροι που επιβεβαιώνονται από την εταιρία πριν την παραλαβή."",""_owner"":""284e089f-48c1-4969-b018-a9add65901a8"",""_createdDate"":""2026-03-15T14:21:47.499Z"",""insuranceTermsIntro"":""Οι ασφαλιστικές επιλογές και οι σχετικοί όροι παρουσιάζονται με απλό τρόπο πριν από την ολοκλήρωση της κράτησης."",""insuranceDetailsTitle"":""Λεπτομέρειες ασφαλιστικών επιλογών"",""insuranceDetailsIntro"":""Παρακάτω βλέπεις συνοπτικά τις επιλογές κάλυψης που χρησιμοποιούνται στο front booking flow."",""insuranceDetailsBody"":""Το CDW αποτελεί τη βασική κάλυψη χωρίς επιπλέον ημερήσια χρέωση. Το SCDW μειώνει περαιτέρω την οικονομική έκθεση του οδηγού, ενώ το FULL παρέχει την πιο ενισχυμένη επιλογή προστασίας που εμφανίζεται στο backroom και στο booking flow. Για κάθε κράτηση, το τελικό πρόγραμμα ασφάλισης, οι χρεώσεις και οι εξαιρέσεις επιβεβαιώνονται από την ομάδα μας πριν από την παράδοση."",""rentalPrivacyBody"":""Τα προσωπικά δεδομένα χρησιμοποιούνται αποκλειστικά για την εξυπηρέτηση της κράτησης, την επικοινωνία με τον πελάτη και την εκπλήρωση νομικών ή φορολογικών υποχρεώσεων της εταιρίας. Για ειδικά αιτήματα, διορθώσεις στοιχείων ή απορίες σχετικά με την επεξεργασία δεδομένων, ο πελάτης μπορεί να επικοινωνεί με την εταιρία στα διαθέσιμα στοιχεία επικοινωνίας."",""nightStartHour"":22,""_updatedDate"":""2026-04-04T12:56:56.291Z"",""allowOverbooking"":true,""companyName"":""DIAMOND Rent A Car"",""insuranceTermsTitle"":""Όροι και λεπτομέρειες ασφαλειών"",""rentalTermsTitle"":""Όροι ενοικίασης και πολιτικές"",""companyCity"":""Thessaloniki"",""bookingConfirmedTriggerId"":"""",""currency"":""EUR"",""footerNote"":""Επαγγελματική εμπειρία ενοικίασης οχήματος με καθαρή ροή κράτησης, ξεκάθαρη τιμολόγηση και προσωπική επιβεβαίωση."",""title"":""Business settings"",""companyEmail"":""info@diamondrentacar.gr"",""companyTagline"":""Ενοικίαση οχημάτων στη Θεσσαλονίκη με καθαρή διαδικασία και γρήγορη επιβεβαίωση."",""rentalTermsBody"":""Η ενοικίαση ολοκληρώνεται μόνο μετά από επιβεβαίωση της διαθεσιμότητας από την εταιρία και έλεγχο των στοιχείων του οδηγού. Η εταιρία διατηρεί το δικαίωμα να προτείνει ισοδύναμο όχημα ίδιας ή ανώτερης κατηγορίας όταν αυτό απαιτηθεί από λειτουργικούς λόγους, χωρίς πρόσθετη χρέωση για τον πελάτη."",""vatRate"":24,""rentalRequirementsBody"":""Ο κύριος οδηγός οφείλει να διαθέτει ισχύουσα άδεια οδήγησης, ταυτότητα ή διαβατήριο και κάρτα ή άλλο μέσο πληρωμής αποδεκτό από την εταιρία. Ελάχιστη ηλικία, έτη κατοχής διπλώματος, εγγύηση και τυχόν επασφάλιστρα εξαρτώνται από την κατηγορία οχήματος και την τελική επιβεβαίωση της κράτησης."",""vehiclesPageDisplayMode"":""categories"",""enableTriggeredEmails"":false,""rentalPoliciesBody"":""Η πολιτική καυσίμου, οι ώρες παράδοσης και παραλαβής, οι χρεώσεις εκτός ωραρίου, οι ακυρώσεις, οι καθυστερήσεις και οι όροι επέκτασης της μίσθωσης επιβεβαιώνονται πριν την παράδοση. Τυχόν ζημιές, πρόστιμα, απώλειες εξοπλισμού ή χρήση του οχήματος κατά παράβαση των συμφωνημένων όρων βαρύνουν τον ενοικιαστή σύμφωνα με την τελική σύμβαση."",""active"":true,""afterHoursNotice"":""Για εξυπηρέτηση εκτός ωραρίου ισχύουν επιπλέον χρεώσεις.""}","{""stationSettings"":{""ath"":{""vehiclesPageModelsSource"":""fleet"",""rentalTermsIntro"":""Στην παρακάτω σελίδα συγκεντρώνονται βασικοί όροι, προϋποθέσεις και πολιτικές της ενοικίασης με μορφή εύκολη για ανάγνωση και ενημέρωση από το backroom."",""nightEndHour"":8,""stationProfiles"":[{""key"":""default"",""label"":""Κεντρικός σταθμός"",""description"":""""},{""key"":""ath"",""label"":""ATH Athens"",""description"":""""}],""bookingCanceledTriggerId"":"""",""defaultDeposit"":0,""operatingHoursLabel"":""08:00 - 22:00"",""companyPhone"":""+30 2310 000 000"",""companyAddress"":""Θεσσαλονίκη, Ελλάδα"",""insuranceTermsBody"":""Η βασική κάλυψη αφορά την τυπική συμμετοχή του ενοικιαστή σύμφωνα με τους όρους της εταιρίας. Οι επιπλέον καλύψεις μειώνουν ή περιορίζουν την ευθύνη ανάλογα με το πρόγραμμα που θα επιλεγεί. Πριν από την τελική παράδοση του οχήματος, η ομάδα μας επιβεβαιώνει ξανά τις καλύψεις, τις εξαιρέσεις και το ύψος της συμμετοχής. Δεν καλύπτονται περιστατικά που προκύπτουν από παραβίαση του ΚΟΚ, οδήγηση υπό επήρεια, μη εξουσιοδοτημένο οδηγό, απώλεια κλειδιών ή εγγράφων και χρήση του οχήματος εκτός των συμφωνημένων όρων. Οι πληροφορίες της σελίδας έχουν ενημερωτικό χαρακτήρα και υπερισχύουν οι τελικοί όροι που επιβεβαιώνονται από την εταιρία πριν την παραλαβή."",""insuranceTermsIntro"":""Οι ασφαλιστικές επιλογές και οι σχετικοί όροι παρουσιάζονται με απλό τρόπο πριν από την ολοκλήρωση της κράτησης."",""insuranceDetailsTitle"":""Λεπτομέρειες ασφαλιστικών επιλογών"",""insuranceDetailsIntro"":""Παρακάτω βλέπεις συνοπτικά τις επιλογές κάλυψης που χρησιμοποιούνται στο front booking flow."",""insuranceDetailsBody"":""Το CDW αποτελεί τη βασική κάλυψη χωρίς επιπλέον ημερήσια χρέωση. Το SCDW μειώνει περαιτέρω την οικονομική έκθεση του οδηγού, ενώ το FULL παρέχει την πιο ενισχυμένη επιλογή προστασίας που εμφανίζεται στο backroom και στο booking flow. Για κάθε κράτηση, το τελικό πρόγραμμα ασφάλισης, οι χρεώσεις και οι εξαιρέσεις επιβεβαιώνονται από την ομάδα μας πριν από την παράδοση."",""rentalPrivacyBody"":""Τα προσωπικά δεδομένα χρησιμοποιούνται αποκλειστικά για την εξυπηρέτηση της κράτησης, την επικοινωνία με τον πελάτη και την εκπλήρωση νομικών ή φορολογικών υποχρεώσεων της εταιρίας. Για ειδικά αιτήματα, διορθώσεις στοιχείων ή απορίες σχετικά με την επεξεργασία δεδομένων, ο πελάτης μπορεί να επικοινωνεί με την εταιρία στα διαθέσιμα στοιχεία επικοινωνίας."",""nightStartHour"":22,""allowOverbooking"":true,""companyName"":""DIAMOND Rent A Car"",""insuranceTermsTitle"":""Όροι και λεπτομέρειες ασφαλειών"",""rentalTermsTitle"":""Όροι ενοικίασης και πολιτικές"",""companyCity"":""Thessaloniki"",""bookingConfirmedTriggerId"":"""",""currency"":""EUR"",""footerNote"":""Επαγγελματική εμπειρία ενοικίασης οχήματος με καθαρή ροή κράτησης, ξεκάθαρη τιμολόγηση και προσωπική επιβεβαίωση."",""title"":""Business settings"",""companyEmail"":""info@diamondrentacar.gr"",""companyTagline"":""Ενοικίαση οχημάτων στη Θεσσαλονίκη με καθαρή διαδικασία και γρήγορη επιβεβαίωση."",""rentalTermsBody"":""Η ενοικίαση ολοκληρώνεται μόνο μετά από επιβεβαίωση της διαθεσιμότητας από την εταιρία και έλεγχο των στοιχείων του οδηγού. Η εταιρία διατηρεί το δικαίωμα να προτείνει ισοδύναμο όχημα ίδιας ή ανώτερης κατηγορίας όταν αυτό απαιτηθεί από λειτουργικούς λόγους, χωρίς πρόσθετη χρέωση για τον πελάτη."",""vatRate"":24,""rentalRequirementsBody"":""Ο κύριος οδηγός οφείλει να διαθέτει ισχύουσα άδεια οδήγησης, ταυτότητα ή διαβατήριο και κάρτα ή άλλο μέσο πληρωμής αποδεκτό από την εταιρία. Ελάχιστη ηλικία, έτη κατοχής διπλώματος, εγγύηση και τυχόν επασφάλιστρα εξαρτώνται από την κατηγορία οχήματος και την τελική επιβεβαίωση της κράτησης."",""vehiclesPageDisplayMode"":""categories"",""enableTriggeredEmails"":false,""rentalPoliciesBody"":""Η πολιτική καυσίμου, οι ώρες παράδοσης και παραλαβής, οι χρεώσεις εκτός ωραρίου, οι ακυρώσεις, οι καθυστερήσεις και οι όροι επέκτασης της μίσθωσης επιβεβαιώνονται πριν την παράδοση. Τυχόν ζημιές, πρόστιμα, απώλειες εξοπλισμού ή χρήση του οχήματος κατά παράβαση των συμφωνημένων όρων βαρύνουν τον ενοικιαστή σύμφωνα με την τελική σύμβαση."",""active"":true,""afterHoursNotice"":""Για εξυπηρέτηση εκτός ωραρίου ισχύουν επιπλέον χρεώσεις.""},""default"":{""vehiclesPageModelsSource"":""fleet"",""rentalTermsIntro"":""Στην παρακάτω σελίδα συγκεντρώνονται βασικοί όροι, προϋποθέσεις και πολιτικές της ενοικίασης με μορφή εύκολη για ανάγνωση και ενημέρωση από το backroom."",""nightEndHour"":8,""stationProfiles"":[{""key"":""ath"",""label"":""ATH Athens"",""description"":""""},{""key"":""default"",""label"":""SKG Thessaloniki"",""description"":""""}],""bookingCanceledTriggerId"":"""",""defaultDeposit"":0,""operatingHoursLabel"":""08:00 - 22:00"",""companyPhone"":""+30 2310 000 000"",""companyAddress"":""Θεσσαλονίκη, Ελλάδα"",""insuranceTermsBody"":""Η βασική κάλυψη αφορά την τυπική συμμετοχή του ενοικιαστή σύμφωνα με τους όρους της εταιρίας. Οι επιπλέον καλύψεις μειώνουν ή περιορίζουν την ευθύνη ανάλογα με το πρόγραμμα που θα επιλεγεί. Πριν από την τελική παράδοση του οχήματος, η ομάδα μας επιβεβαιώνει ξανά τις καλύψεις, τις εξαιρέσεις και το ύψος της συμμετοχής. Δεν καλύπτονται περιστατικά που προκύπτουν από παραβίαση του ΚΟΚ, οδήγηση υπό επήρεια, μη εξουσιοδοτημένο οδηγό, απώλεια κλειδιών ή εγγράφων και χρήση του οχήματος εκτός των συμφωνημένων όρων. Οι πληροφορίες της σελίδας έχουν ενημερωτικό χαρακτήρα και υπερισχύουν οι τελικοί όροι που επιβεβαιώνονται από την εταιρία πριν την παραλαβή."",""insuranceTermsIntro"":""Οι ασφαλιστικές επιλογές και οι σχετικοί όροι παρουσιάζονται με απλό τρόπο πριν από την ολοκλήρωση της κράτησης."",""insuranceDetailsTitle"":""Λεπτομέρειες ασφαλιστικών επιλογών"",""insuranceDetailsIntro"":""Παρακάτω βλέπεις συνοπτικά τις επιλογές κάλυψης που χρησιμοποιούνται στο front booking flow."",""insuranceDetailsBody"":""Το CDW αποτελεί τη βασική κάλυψη χωρίς επιπλέον ημερήσια χρέωση. Το SCDW μειώνει περαιτέρω την οικονομική έκθεση του οδηγού, ενώ το FULL παρέχει την πιο ενισχυμένη επιλογή προστασίας που εμφανίζεται στο backroom και στο booking flow. Για κάθε κράτηση, το τελικό πρόγραμμα ασφάλισης, οι χρεώσεις και οι εξαιρέσεις επιβεβαιώνονται από την ομάδα μας πριν από την παράδοση."",""rentalPrivacyBody"":""Τα προσωπικά δεδομένα χρησιμοποιούνται αποκλειστικά για την εξυπηρέτηση της κράτησης, την επικοινωνία με τον πελάτη και την εκπλήρωση νομικών ή φορολογικών υποχρεώσεων της εταιρίας. Για ειδικά αιτήματα, διορθώσεις στοιχείων ή απορίες σχετικά με την επεξεργασία δεδομένων, ο πελάτης μπορεί να επικοινωνεί με την εταιρία στα διαθέσιμα στοιχεία επικοινωνίας."",""nightStartHour"":22,""allowOverbooking"":true,""companyName"":""DIAMOND Rent A Car"",""insuranceTermsTitle"":""Όροι και λεπτομέρειες ασφαλειών"",""rentalTermsTitle"":""Όροι ενοικίασης και πολιτικές"",""companyCity"":""Thessaloniki"",""bookingConfirmedTriggerId"":"""",""currency"":""EUR"",""footerNote"":""Επαγγελματική εμπειρία ενοικίασης οχήματος με καθαρή ροή κράτησης, ξεκάθαρη τιμολόγηση και προσωπική επιβεβαίωση."",""title"":""Business settings"",""companyEmail"":""info@diamondrentacar.gr"",""companyTagline"":""Ενοικίαση οχημάτων στη Θεσσαλονίκη με καθαρή διαδικασία και γρήγορη επιβεβαίωση."",""rentalTermsBody"":""Η ενοικίαση ολοκληρώνεται μόνο μετά από επιβεβαίωση της διαθεσιμότητας από την εταιρία και έλεγχο των στοιχείων του οδηγού. Η εταιρία διατηρεί το δικαίωμα να προτείνει ισοδύναμο όχημα ίδιας ή ανώτερης κατηγορίας όταν αυτό απαιτηθεί από λειτουργικούς λόγους, χωρίς πρόσθετη χρέωση για τον πελάτη."",""vatRate"":24,""rentalRequirementsBody"":""Ο κύριος οδηγός οφείλει να διαθέτει ισχύουσα άδεια οδήγησης, ταυτότητα ή διαβατήριο και κάρτα ή άλλο μέσο πληρωμής αποδεκτό από την εταιρία. Ελάχιστη ηλικία, έτη κατοχής διπλώματος, εγγύηση και τυχόν επασφάλιστρα εξαρτώνται από την κατηγορία οχήματος και την τελική επιβεβαίωση της κράτησης."",""vehiclesPageDisplayMode"":""categories"",""enableTriggeredEmails"":false,""rentalPoliciesBody"":""Η πολιτική καυσίμου, οι ώρες παράδοσης και παραλαβής, οι χρεώσεις εκτός ωραρίου, οι ακυρώσεις, οι καθυστερήσεις και οι όροι επέκτασης της μίσθωσης επιβεβαιώνονται πριν την παράδοση. Τυχόν ζημιές, πρόστιμα, απώλειες εξοπλισμού ή χρήση του οχήματος κατά παράβαση των συμφωνημένων όρων βαρύνουν τον ενοικιαστή σύμφωνα με την τελική σύμβαση."",""active"":true,""afterHoursNotice"":""Για εξυπηρέτηση εκτός ωραρίου ισχύουν επιπλέον χρεώσεις.""}},""vehiclesPageModelsSource"":""fleet"",""rentalTermsIntro"":""Στην παρακάτω σελίδα συγκεντρώνονται βασικοί όροι, προϋποθέσεις και πολιτικές της ενοικίασης με μορφή εύκολη για ανάγνωση και ενημέρωση από το backroom."",""nightEndHour"":8,""stationProfiles"":[{""key"":""ath"",""label"":""ATH Athens"",""description"":""""},{""key"":""default"",""label"":""SKG Thessaloniki"",""description"":""""}],""bookingCanceledTriggerId"":"""",""defaultDeposit"":0,""operatingHoursLabel"":""08:00 - 22:00"",""companyPhone"":""+30 2310 000 000"",""companyAddress"":""Θεσσαλονίκη, Ελλάδα"",""_id"":""a5128991-cf12-4a62-bcde-64e77309b454"",""insuranceTermsBody"":""Η βασική κάλυψη αφορά την τυπική συμμετοχή του ενοικιαστή σύμφωνα με τους όρους της εταιρίας. Οι επιπλέον καλύψεις μειώνουν ή περιορίζουν την ευθύνη ανάλογα με το πρόγραμμα που θα επιλεγεί. Πριν από την τελική παράδοση του οχήματος, η ομάδα μας επιβεβαιώνει ξανά τις καλύψεις, τις εξαιρέσεις και το ύψος της συμμετοχής. Δεν καλύπτονται περιστατικά που προκύπτουν από παραβίαση του ΚΟΚ, οδήγηση υπό επήρεια, μη εξουσιοδοτημένο οδηγό, απώλεια κλειδιών ή εγγράφων και χρήση του οχήματος εκτός των συμφωνημένων όρων. Οι πληροφορίες της σελίδας έχουν ενημερωτικό χαρακτήρα και υπερισχύουν οι τελικοί όροι που επιβεβαιώνονται από την εταιρία πριν την παραλαβή."",""_owner"":""284e089f-48c1-4969-b018-a9add65901a8"",""_createdDate"":""2026-03-15T14:21:47.499Z"",""insuranceTermsIntro"":""Οι ασφαλιστικές επιλογές και οι σχετικοί όροι παρουσιάζονται με απλό τρόπο πριν από την ολοκλήρωση της κράτησης."",""insuranceDetailsTitle"":""Λεπτομέρειες ασφαλιστικών επιλογών"",""insuranceDetailsIntro"":""Παρακάτω βλέπεις συνοπτικά τις επιλογές κάλυψης που χρησιμοποιούνται στο front booking flow."",""insuranceDetailsBody"":""Το CDW αποτελεί τη βασική κάλυψη χωρίς επιπλέον ημερήσια χρέωση. Το SCDW μειώνει περαιτέρω την οικονομική έκθεση του οδηγού, ενώ το FULL παρέχει την πιο ενισχυμένη επιλογή προστασίας που εμφανίζεται στο backroom και στο booking flow. Για κάθε κράτηση, το τελικό πρόγραμμα ασφάλισης, οι χρεώσεις και οι εξαιρέσεις επιβεβαιώνονται από την ομάδα μας πριν από την παράδοση."",""rentalPrivacyBody"":""Τα προσωπικά δεδομένα χρησιμοποιούνται αποκλειστικά για την εξυπηρέτηση της κράτησης, την επικοινωνία με τον πελάτη και την εκπλήρωση νομικών ή φορολογικών υποχρεώσεων της εταιρίας. Για ειδικά αιτήματα, διορθώσεις στοιχείων ή απορίες σχετικά με την επεξεργασία δεδομένων, ο πελάτης μπορεί να επικοινωνεί με την εταιρία στα διαθέσιμα στοιχεία επικοινωνίας."",""nightStartHour"":22,""_updatedDate"":""2026-04-04T12:59:27.415Z"",""allowOverbooking"":true,""companyName"":""DIAMOND Rent A Car"",""insuranceTermsTitle"":""Όροι και λεπτομέρειες ασφαλειών"",""rentalTermsTitle"":""Όροι ενοικίασης και πολιτικές"",""companyCity"":""Thessaloniki"",""bookingConfirmedTriggerId"":"""",""currency"":""EUR"",""footerNote"":""Επαγγελματική εμπειρία ενοικίασης οχήματος με καθαρή ροή κράτησης, ξεκάθαρη τιμολόγηση και προσωπική επιβεβαίωση."",""title"":""Business settings"",""companyEmail"":""info@diamondrentacar.gr"",""companyTagline"":""Ενοικίαση οχημάτων στη Θεσσαλονίκη με καθαρή διαδικασία και γρήγορη επιβεβαίωση."",""rentalTermsBody"":""Η ενοικίαση ολοκληρώνεται μόνο μετά από επιβεβαίωση της διαθεσιμότητας από την εταιρία και έλεγχο των στοιχείων του οδηγού. Η εταιρία διατηρεί το δικαίωμα να προτείνει ισοδύναμο όχημα ίδιας ή ανώτερης κατηγορίας όταν αυτό απαιτηθεί από λειτουργικούς λόγους, χωρίς πρόσθετη χρέωση για τον πελάτη."",""vatRate"":24,""rentalRequirementsBody"":""Ο κύριος οδηγός οφείλει να διαθέτει ισχύουσα άδεια οδήγησης, ταυτότητα ή διαβατήριο και κάρτα ή άλλο μέσο πληρωμής αποδεκτό από την εταιρία. Ελάχιστη ηλικία, έτη κατοχής διπλώματος, εγγύηση και τυχόν επασφάλιστρα εξαρτώνται από την κατηγορία οχήματος και την τελική επιβεβαίωση της κράτησης."",""vehiclesPageDisplayMode"":""categories"",""enableTriggeredEmails"":false,""rentalPoliciesBody"":""Η πολιτική καυσίμου, οι ώρες παράδοσης και παραλαβής, οι χρεώσεις εκτός ωραρίου, οι ακυρώσεις, οι καθυστερήσεις και οι όροι επέκτασης της μίσθωσης επιβεβαιώνονται πριν την παράδοση. Τυχόν ζημιές, πρόστιμα, απώλειες εξοπλισμού ή χρήση του οχήματος κατά παράβαση των συμφωνημένων όρων βαρύνουν τον ενοικιαστή σύμφωνα με την τελική σύμβαση."",""active"":true,""afterHoursNotice"":""Για εξυπηρέτηση εκτός ωραρίου ισχύουν επιπλέον χρεώσεις.""}","ckatz1995@gmail.com","Nik nik",2026-04-04T12:59:27Z,2027-04-04T12:59:27Z
,"dbdf737e-f9f0-4153-bb2f-0fc84d6cce85",2026-03-22T10:02:12Z,2026-03-22T10:02:12Z,"4139a8c1-c961-498e-9512-465437a7bf6c","pricing.pickupLocation","hotel_delivery_pickup","pricing.update","Ενημέρωση τοποθεσία Παράδοση σε ξενοδοχείο","{""description"":""Παράδοση / παραλαβή σε ξενοδοχείο εντός πόλης."",""_id"":""461e4bcb-abb9-415a-a47b-bb61c8011beb"",""_owner"":""284e089f-48c1-4969-b018-a9add65901a8"",""_createdDate"":""2026-03-15T22:56:27.549Z"",""mapUrl"":"""",""publicVisible"":true,""label"":""Παράδοση σε ξενοδοχείο"",""_updatedDate"":""2026-03-22T10:01:09.814Z"",""key"":""hotel_delivery_pickup"",""extraFee"":20,""sortOrder"":50,""address"":""Θεσσαλονίκη"",""locationType"":""pickup"",""active"":true}","{""description"":""Παράδοση / παραλαβή σε ξενοδοχείο εντός πόλης."",""_id"":""461e4bcb-abb9-415a-a47b-bb61c8011beb"",""_owner"":""284e089f-48c1-4969-b018-a9add65901a8"",""_createdDate"":""2026-03-15T22:56:27.549Z"",""mapUrl"":"""",""publicVisible"":true,""label"":""Παράδοση σε ξενοδοχείο"",""_updatedDate"":""2026-03-22T10:02:12.426Z"",""key"":""hotel_delivery_pickup"",""extraFee"":25,""sortOrder"":50,""address"":""Θεσσαλονίκη"",""locationType"":""pickup"",""active"":true}","ckatz1995@gmail.com","Nik nik",2026-03-22T10:02:12Z,2027-03-22T10:02:12Z
,"dc543b4b-c5c9-4281-99d7-13bf4d15a26d",2026-03-16T15:50:50Z,2026-03-16T15:50:50Z,"48ba7aa5-ed2b-43d2-bdd7-6596e6ec75a8","pricing.fleetVehicle","05442477-ea25-431f-933a-050e5cad67b1","pricing.insertFleetVehicle","Νέο όχημα στόλου NHX1234 - Up (A)",,"{""plate"":""NHX1234"",""model"":""Up"",""category"":""A"",""categoryId"":"""",""categoryDisplayTitle"":""A"",""categoryTitle"":"""",""status"":""available"",""active"":true,""notes"":"""",""_id"":""05442477-ea25-431f-933a-050e5cad67b1"",""_owner"":""48ba7aa5-ed2b-43d2-bdd7-6596e6ec75a8"",""_createdDate"":""2026-03-16T15:50:50.140Z"",""_updatedDate"":""2026-03-16T15:50:50.140Z""}","ckatz1995@gmail.com","Nik nik",2026-03-16T15:50:50Z,2027-03-16T15:50:50Z
,"dc84a9b5-433a-4470-aeb5-f3f282a817b5",2026-03-22T10:04:36Z,2026-03-22T10:04:36Z,"4139a8c1-c961-498e-9512-465437a7bf6c","pricing.PickupLocations","city_center_office_pickup","pricing.delete","Διαγραφή pricing item Κέντρο Θεσσαλονίκης (0 row(s))","{""description"":""Παραλαβή / παράδοση από το κεντρικό σημείο εξυπηρέτησης."",""_id"":""fe8e4bc4-9b1b-4dba-9369-d83ac7a68271"",""_owner"":""284e089f-48c1-4969-b018-a9add65901a8"",""_createdDate"":""2026-03-15T22:56:27.551Z"",""mapUrl"":"""",""publicVisible"":true,""label"":""Κέντρο Θεσσαλονίκης"",""_updatedDate"":""2026-03-22T10:04:25.577Z"",""key"":""city_center_office_pickup"",""extraFee"":25,""sortOrder"":20,""address"":""Θεσσαλονίκη, Κέντρο"",""locationType"":""pickup"",""active"":true}",,"ckatz1995@gmail.com","Nik nik",2026-03-22T10:04:36Z,2027-03-22T10:04:36Z
,"dc992f8b-6f73-4b43-856c-af77d7ceb4da",2026-03-16T07:41:24Z,2026-03-16T07:41:24Z,"4139a8c1-c961-498e-9512-465437a7bf6c","pricing.pickupLocation","port_thessaloniki","pricing.insert","Νέα τοποθεσία Λιμάνι Θεσσαλονίκης",,"{""key"":""port_thessaloniki"",""label"":""Λιμάνι Θεσσαλονίκης"",""description"":"""",""locationType"":""both"",""address"":""Λιμάνι Θεσσαλονίκης"",""mapUrl"":"""",""extraFee"":40,""sortOrder"":9999,""active"":true,""publicVisible"":true,""_id"":""cf72043c-8104-4b28-9853-29863c8de94d"",""_owner"":""4139a8c1-c961-498e-9512-465437a7bf6c"",""_createdDate"":""2026-03-16T07:41:24.090Z"",""_updatedDate"":""2026-03-16T07:41:24.090Z""}","ckatz1995@gmail.com","Nik nik",2026-03-16T07:41:24Z,2027-03-16T07:41:24Z
,"dcdee0da-ccf5-4976-8a9a-c802ea1f2840",2026-05-13T16:51:47Z,2026-05-13T16:51:47Z,"5452d538-bc0c-44f8-a281-0acb3452d262","staffAuth","ckatz1995@gmail.com","loginSuccess","Backroom login",,,"ckatz1995@gmail.com","Nik nik",2026-05-13T16:51:47Z,2027-05-13T16:51:47Z
,"de9a13b3-f4ab-4637-8b03-2fdb531f7670",2026-04-04T12:58:01Z,2026-04-04T12:58:01Z,"4139a8c1-c961-498e-9512-465437a7bf6c","pricing.pickupLocation","hotel_delivery_pickup","pricing.update","Ενημέρωση τοποθεσία Παράδοση σε ξενοδοχείο","{""stationKey"":""a"",""description"":""Παράδοση / παραλαβή σε ξενοδοχείο εντός πόλης."",""_id"":""461e4bcb-abb9-415a-a47b-bb61c8011beb"",""_owner"":""284e089f-48c1-4969-b018-a9add65901a8"",""_createdDate"":""2026-03-15T22:56:27.549Z"",""mapUrl"":"""",""publicVisible"":true,""label"":""Παράδοση σε ξενοδοχείο"",""_updatedDate"":""2026-04-04T12:30:43.690Z"",""stationLabel"":""a"",""key"":""hotel_delivery_pickup"",""extraFee"":25,""sortOrder"":50,""address"":""Θεσσαλονίκη"",""locationType"":""pickup"",""active"":true}","{""stationKey"":""default"",""description"":""Παράδοση / παραλαβή σε ξενοδοχείο εντός πόλης."",""_id"":""461e4bcb-abb9-415a-a47b-bb61c8011beb"",""_owner"":""284e089f-48c1-4969-b018-a9add65901a8"",""_createdDate"":""2026-03-15T22:56:27.549Z"",""mapUrl"":"""",""publicVisible"":true,""label"":""Παράδοση σε ξενοδοχείο"",""_updatedDate"":""2026-04-04T12:58:00.845Z"",""stationLabel"":""SKG Thessaloniki"",""key"":""hotel_delivery_pickup"",""extraFee"":25,""sortOrder"":50,""address"":""Θεσσαλονίκη"",""locationType"":""pickup"",""active"":true}","ckatz1995@gmail.com","Nik nik",2026-04-04T12:58:01Z,2027-04-04T12:58:01Z
,"ded1c90e-6646-44a1-af79-8956c4665140",2026-03-18T08:27:22Z,2026-03-18T08:27:22Z,"48ba7aa5-ed2b-43d2-bdd7-6596e6ec75a8","pricing.businessSettings","a5128991-cf12-4a62-bcde-64e77309b454","pricing.saveBusinessSettings","Ενημέρωση business settings","{""vehiclesPageModelsSource"":""fleet"",""rentalTermsIntro"":""Στην παρακάτω σελίδα συγκεντρώνονται βασικοί όροι, προϋποθέσεις και πολιτικές της ενοικίασης με μορφή εύκολη για ανάγνωση και ενημέρωση από το backroom."",""nightEndHour"":8,""bookingCanceledTriggerId"":"""",""defaultDeposit"":0,""companyPhone"":""+30 2310 000 000"",""companyAddress"":""Θεσσαλονίκη, Ελλάδα"",""_id"":""a5128991-cf12-4a62-bcde-64e77309b454"",""insuranceTermsBody"":""Η βασική κάλυψη αφορά την τυπική συμμετοχή του ενοικιαστή σύμφωνα με τους όρους της εταιρίας. Οι επιπλέον καλύψεις μειώνουν ή περιορίζουν την ευθύνη ανάλογα με το πρόγραμμα που θα επιλεγεί. Πριν από την τελική παράδοση του οχήματος, η ομάδα μας επιβεβαιώνει ξανά τις καλύψεις, τις εξαιρέσεις και το ύψος της συμμετοχής. Δεν καλύπτονται περιστατικά που προκύπτουν από παραβίαση του ΚΟΚ, οδήγηση υπό επήρεια, μη εξουσιοδοτημένο οδηγό, απώλεια κλειδιών ή εγγράφων και χρήση του οχήματος εκτός των συμφωνημένων όρων. Οι πληροφορίες της σελίδας έχουν ενημερωτικό χαρακτήρα και υπερισχύουν οι τελικοί όροι που επιβεβαιώνονται από την εταιρία πριν την παραλαβή."",""_owner"":""284e089f-48c1-4969-b018-a9add65901a8"",""_createdDate"":""2026-03-15T14:21:47.499Z"",""insuranceTermsIntro"":""Οι ασφαλιστικές επιλογές και οι σχετικοί όροι παρουσιάζονται με απλό τρόπο πριν από την ολοκλήρωση της κράτησης."",""insuranceDetailsTitle"":""Λεπτομέρειες ασφαλιστικών επιλογών"",""insuranceDetailsIntro"":""Παρακάτω βλέπεις συνοπτικά τις επιλογές κάλυψης που χρησιμοποιούνται στο front booking flow."",""insuranceDetailsBody"":""Το CDW αποτελεί τη βασική κάλυψη χωρίς επιπλέον ημερήσια χρέωση. Το SCDW μειώνει περαιτέρω την οικονομική έκθεση του οδηγού, ενώ το FULL παρέχει την πιο ενισχυμένη επιλογή προστασίας που εμφανίζεται στο backroom και στο booking flow. Για κάθε κράτηση, το τελικό πρόγραμμα ασφάλισης, οι χρεώσεις και οι εξαιρέσεις επιβεβαιώνονται από την ομάδα μας πριν από την παράδοση."",""rentalPrivacyBody"":""Τα προσωπικά δεδομένα χρησιμοποιούνται αποκλειστικά για την εξυπηρέτηση της κράτησης, την επικοινωνία με τον πελάτη και την εκπλήρωση νομικών ή φορολογικών υποχρεώσεων της εταιρίας. Για ειδικά αιτήματα, διορθώσεις στοιχείων ή απορίες σχετικά με την επεξεργασία δεδομένων, ο πελάτης μπορεί να επικοινωνεί με την εταιρία στα διαθέσιμα στοιχεία επικοινωνίας."",""nightStartHour"":22,""_updatedDate"":""2026-03-18T07:35:22.806Z"",""allowOverbooking"":true,""companyName"":""DIAMOND Rent A Car"",""insuranceTermsTitle"":""Όροι και λεπτομέρειες ασφαλειών"",""rentalTermsTitle"":""Όροι ενοικίασης και πολιτικές"",""companyCity"":""Thessaloniki"",""bookingConfirmedTriggerId"":"""",""currency"":""EUR"",""footerNote"":""Επαγγελματική εμπειρία ενοικίασης οχήματος με καθαρή ροή κράτησης, ξεκάθαρη τιμολόγηση και προσωπική επιβεβαίωση."",""title"":""Default business settings"",""companyEmail"":""info@diamondrentacar.gr"",""companyTagline"":""Ενοικίαση οχημάτων στη Θεσσαλονίκη με καθαρή διαδικασία και γρήγορη επιβεβαίωση."",""rentalTermsBody"":""Η ενοικίαση ολοκληρώνεται μόνο μετά από επιβεβαίωση της διαθεσιμότητας από την εταιρία και έλεγχο των στοιχείων του οδηγού. Η εταιρία διατηρεί το δικαίωμα να προτείνει ισοδύναμο όχημα ίδιας ή ανώτερης κατηγορίας όταν αυτό απαιτηθεί από λειτουργικούς λόγους, χωρίς πρόσθετη χρέωση για τον πελάτη."",""vatRate"":24,""rentalRequirementsBody"":""Ο κύριος οδηγός οφείλει να διαθέτει ισχύουσα άδεια οδήγησης, ταυτότητα ή διαβατήριο και κάρτα ή άλλο μέσο πληρωμής αποδεκτό από την εταιρία. Ελάχιστη ηλικία, έτη κατοχής διπλώματος, εγγύηση και τυχόν επασφάλιστρα εξαρτώνται από την κατηγορία οχήματος και την τελική επιβεβαίωση της κράτησης."",""vehiclesPageDisplayMode"":""categories"",""enableTriggeredEmails"":false,""rentalPoliciesBody"":""Η πολιτική καυσίμου, οι ώρες παράδοσης και παραλαβής, οι χρεώσεις εκτός ωραρίου, οι ακυρώσεις, οι καθυστερήσεις και οι όροι επέκτασης της μίσθωσης επιβεβαιώνονται πριν την παράδοση. Τυχόν ζημιές, πρόστιμα, απώλειες εξοπλισμού ή χρήση του οχήματος κατά παράβαση των συμφωνημένων όρων βαρύνουν τον ενοικιαστή σύμφωνα με την τελική σύμβαση."",""active"":true}","{""vehiclesPageModelsSource"":""fleet"",""rentalTermsIntro"":""Στην παρακάτω σελίδα συγκεντρώνονται βασικοί όροι, προϋποθέσεις και πολιτικές της ενοικίασης με μορφή εύκολη για ανάγνωση και ενημέρωση από το backroom."",""nightEndHour"":8,""bookingCanceledTriggerId"":"""",""defaultDeposit"":0,""companyPhone"":""+30 2310 000 000"",""companyAddress"":""Θεσσαλονίκη, Ελλάδα"",""_id"":""a5128991-cf12-4a62-bcde-64e77309b454"",""insuranceTermsBody"":""Η βασική κάλυψη αφορά την τυπική συμμετοχή του ενοικιαστή σύμφωνα με τους όρους της εταιρίας. Οι επιπλέον καλύψεις μειώνουν ή περιορίζουν την ευθύνη ανάλογα με το πρόγραμμα που θα επιλεγεί. Πριν από την τελική παράδοση του οχήματος, η ομάδα μας επιβεβαιώνει ξανά τις καλύψεις, τις εξαιρέσεις και το ύψος της συμμετοχής. Δεν καλύπτονται περιστατικά που προκύπτουν από παραβίαση του ΚΟΚ, οδήγηση υπό επήρεια, μη εξουσιοδοτημένο οδηγό, απώλεια κλειδιών ή εγγράφων και χρήση του οχήματος εκτός των συμφωνημένων όρων. Οι πληροφορίες της σελίδας έχουν ενημερωτικό χαρακτήρα και υπερισχύουν οι τελικοί όροι που επιβεβαιώνονται από την εταιρία πριν την παραλαβή."",""_owner"":""284e089f-48c1-4969-b018-a9add65901a8"",""_createdDate"":""2026-03-15T14:21:47.499Z"",""insuranceTermsIntro"":""Οι ασφαλιστικές επιλογές και οι σχετικοί όροι παρουσιάζονται με απλό τρόπο πριν από την ολοκλήρωση της κράτησης."",""insuranceDetailsTitle"":""Λεπτομέρειες ασφαλιστικών επιλογών"",""insuranceDetailsIntro"":""Παρακάτω βλέπεις συνοπτικά τις επιλογές κάλυψης που χρησιμοποιούνται στο front booking flow."",""insuranceDetailsBody"":""Το CDW αποτελεί τη βασική κάλυψη χωρίς επιπλέον ημερήσια χρέωση. Το SCDW μειώνει περαιτέρω την οικονομική έκθεση του οδηγού, ενώ το FULL παρέχει την πιο ενισχυμένη επιλογή προστασίας που εμφανίζεται στο backroom και στο booking flow. Για κάθε κράτηση, το τελικό πρόγραμμα ασφάλισης, οι χρεώσεις και οι εξαιρέσεις επιβεβαιώνονται από την ομάδα μας πριν από την παράδοση."",""rentalPrivacyBody"":""Τα προσωπικά δεδομένα χρησιμοποιούνται αποκλειστικά για την εξυπηρέτηση της κράτησης, την επικοινωνία με τον πελάτη και την εκπλήρωση νομικών ή φορολογικών υποχρεώσεων της εταιρίας. Για ειδικά αιτήματα, διορθώσεις στοιχείων ή απορίες σχετικά με την επεξεργασία δεδομένων, ο πελάτης μπορεί να επικοινωνεί με την εταιρία στα διαθέσιμα στοιχεία επικοινωνίας."",""nightStartHour"":22,""_updatedDate"":""2026-03-18T08:27:22.541Z"",""allowOverbooking"":true,""companyName"":""DIAMOND Rent A Car"",""insuranceTermsTitle"":""Όροι και λεπτομέρειες ασφαλειών"",""rentalTermsTitle"":""Όροι ενοικίασης και πολιτικές"",""companyCity"":""Thessaloniki"",""bookingConfirmedTriggerId"":"""",""currency"":""EUR"",""footerNote"":""Επαγγελματική εμπειρία ενοικίασης οχήματος με καθαρή ροή κράτησης, ξεκάθαρη τιμολόγηση και προσωπική επιβεβαίωση."",""title"":""Default business settings"",""companyEmail"":""info@diamondrentacar.gr"",""companyTagline"":""Ενοικίαση οχημάτων στη Θεσσαλονίκη με καθαρή διαδικασία και γρήγορη επιβεβαίωση."",""rentalTermsBody"":""Η ενοικίαση ολοκληρώνεται μόνο μετά από επιβεβαίωση της διαθεσιμότητας από την εταιρία και έλεγχο των στοιχείων του οδηγού. Η εταιρία διατηρεί το δικαίωμα να προτείνει ισοδύναμο όχημα ίδιας ή ανώτερης κατηγορίας όταν αυτό απαιτηθεί από λειτουργικούς λόγους, χωρίς πρόσθετη χρέωση για τον πελάτη."",""vatRate"":24,""rentalRequirementsBody"":""Ο κύριος οδηγός οφείλει να διαθέτει ισχύουσα άδεια οδήγησης, ταυτότητα ή διαβατήριο και κάρτα ή άλλο μέσο πληρωμής αποδεκτό από την εταιρία. Ελάχιστη ηλικία, έτη κατοχής διπλώματος, εγγύηση και τυχόν επασφάλιστρα εξαρτώνται από την κατηγορία οχήματος και την τελική επιβεβαίωση της κράτησης."",""vehiclesPageDisplayMode"":""models"",""enableTriggeredEmails"":false,""rentalPoliciesBody"":""Η πολιτική καυσίμου, οι ώρες παράδοσης και παραλαβής, οι χρεώσεις εκτός ωραρίου, οι ακυρώσεις, οι καθυστερήσεις και οι όροι επέκτασης της μίσθωσης επιβεβαιώνονται πριν την παράδοση. Τυχόν ζημιές, πρόστιμα, απώλειες εξοπλισμού ή χρήση του οχήματος κατά παράβαση των συμφωνημένων όρων βαρύνουν τον ενοικιαστή σύμφωνα με την τελική σύμβαση."",""active"":true}","ckatz1995@gmail.com","Nik nik",2026-03-18T08:27:22Z,2027-03-18T08:27:22Z
,"dee6b037-1058-413c-9b5e-f8cf1ce25d37",2026-04-05T12:28:18Z,2026-04-05T12:28:18Z,"5452d538-bc0c-44f8-a281-0acb3452d262","pricing.businessSettings","a5128991-cf12-4a62-bcde-64e77309b454","pricing.saveBusinessSettings","Ενημέρωση business settings","{""stationSettings"":{""ath"":{""vehiclesPageModelsSource"":""fleet"",""rentalTermsIntro"":""Στην παρακάτω σελίδα συγκεντρώνονται βασικοί όροι, προϋποθέσεις και πολιτικές της ενοικίασης με μορφή εύκολη για ανάγνωση και ενημέρωση από το backroom."",""nightEndHour"":8,""stationProfiles"":[{""key"":""default"",""label"":""Κεντρικός σταθμός"",""description"":""""},{""key"":""ath"",""label"":""ATH Athens"",""description"":""""}],""bookingCanceledTriggerId"":"""",""defaultDeposit"":0,""operatingHoursLabel"":""08:00 - 22:00"",""companyPhone"":""+30 2310 000 000"",""companyAddress"":""Θεσσαλονίκη, Ελλάδα"",""insuranceTermsBody"":""Η βασική κάλυψη αφορά την τυπική συμμετοχή του ενοικιαστή σύμφωνα με τους όρους της εταιρίας. Οι επιπλέον καλύψεις μειώνουν ή περιορίζουν την ευθύνη ανάλογα με το πρόγραμμα που θα επιλεγεί. Πριν από την τελική παράδοση του οχήματος, η ομάδα μας επιβεβαιώνει ξανά τις καλύψεις, τις εξαιρέσεις και το ύψος της συμμετοχής. Δεν καλύπτονται περιστατικά που προκύπτουν από παραβίαση του ΚΟΚ, οδήγηση υπό επήρεια, μη εξουσιοδοτημένο οδηγό, απώλεια κλειδιών ή εγγράφων και χρήση του οχήματος εκτός των συμφωνημένων όρων. Οι πληροφορίες της σελίδας έχουν ενημερωτικό χαρακτήρα και υπερισχύουν οι τελικοί όροι που επιβεβαιώνονται από την εταιρία πριν την παραλαβή."",""insuranceTermsIntro"":""Οι ασφαλιστικές επιλογές και οι σχετικοί όροι παρουσιάζονται με απλό τρόπο πριν από την ολοκλήρωση της κράτησης."",""insuranceDetailsTitle"":""Λεπτομέρειες ασφαλιστικών επιλογών"",""insuranceDetailsIntro"":""Παρακάτω βλέπεις συνοπτικά τις επιλογές κάλυψης που χρησιμοποιούνται στο front booking flow."",""insuranceDetailsBody"":""Το CDW αποτελεί τη βασική κάλυψη χωρίς επιπλέον ημερήσια χρέωση. Το SCDW μειώνει περαιτέρω την οικονομική έκθεση του οδηγού, ενώ το FULL παρέχει την πιο ενισχυμένη επιλογή προστασίας που εμφανίζεται στο backroom και στο booking flow. Για κάθε κράτηση, το τελικό πρόγραμμα ασφάλισης, οι χρεώσεις και οι εξαιρέσεις επιβεβαιώνονται από την ομάδα μας πριν από την παράδοση."",""rentalPrivacyBody"":""Τα προσωπικά δεδομένα χρησιμοποιούνται αποκλειστικά για την εξυπηρέτηση της κράτησης, την επικοινωνία με τον πελάτη και την εκπλήρωση νομικών ή φορολογικών υποχρεώσεων της εταιρίας. Για ειδικά αιτήματα, διορθώσεις στοιχείων ή απορίες σχετικά με την επεξεργασία δεδομένων, ο πελάτης μπορεί να επικοινωνεί με την εταιρία στα διαθέσιμα στοιχεία επικοινωνίας."",""nightStartHour"":22,""allowOverbooking"":true,""companyName"":""DIAMOND Rent A Car"",""insuranceTermsTitle"":""Όροι και λεπτομέρειες ασφαλειών"",""rentalTermsTitle"":""Όροι ενοικίασης και πολιτικές"",""companyCity"":""Thessaloniki"",""bookingConfirmedTriggerId"":"""",""currency"":""EUR"",""footerNote"":""Επαγγελματική εμπειρία ενοικίασης οχήματος με καθαρή ροή κράτησης, ξεκάθαρη τιμολόγηση και προσωπική επιβεβαίωση."",""title"":""Business settings"",""companyEmail"":""info@diamondrentacar.gr"",""companyTagline"":""Ενοικίαση οχημάτων στη Θεσσαλονίκη με καθαρή διαδικασία και γρήγορη επιβεβαίωση."",""rentalTermsBody"":""Η ενοικίαση ολοκληρώνεται μόνο μετά από επιβεβαίωση της διαθεσιμότητας από την εταιρία και έλεγχο των στοιχείων του οδηγού. Η εταιρία διατηρεί το δικαίωμα να προτείνει ισοδύναμο όχημα ίδιας ή ανώτερης κατηγορίας όταν αυτό απαιτηθεί από λειτουργικούς λόγους, χωρίς πρόσθετη χρέωση για τον πελάτη."",""vatRate"":24,""rentalRequirementsBody"":""Ο κύριος οδηγός οφείλει να διαθέτει ισχύουσα άδεια οδήγησης, ταυτότητα ή διαβατήριο και κάρτα ή άλλο μέσο πληρωμής αποδεκτό από την εταιρία. Ελάχιστη ηλικία, έτη κατοχής διπλώματος, εγγύηση και τυχόν επασφάλιστρα εξαρτώνται από την κατηγορία οχήματος και την τελική επιβεβαίωση της κράτησης."",""vehiclesPageDisplayMode"":""categories"",""enableTriggeredEmails"":false,""rentalPoliciesBody"":""Η πολιτική καυσίμου, οι ώρες παράδοσης και παραλαβής, οι χρεώσεις εκτός ωραρίου, οι ακυρώσεις, οι καθυστερήσεις και οι όροι επέκτασης της μίσθωσης επιβεβαιώνονται πριν την παράδοση. Τυχόν ζημιές, πρόστιμα, απώλειες εξοπλισμού ή χρήση του οχήματος κατά παράβαση των συμφωνημένων όρων βαρύνουν τον ενοικιαστή σύμφωνα με την τελική σύμβαση."",""active"":true,""afterHoursNotice"":""Για εξυπηρέτηση εκτός ωραρίου ισχύουν επιπλέον χρεώσεις.""},""default"":{""vehiclesPageModelsSource"":""fleet"",""rentalTermsIntro"":""Στην παρακάτω σελίδα συγκεντρώνονται βασικοί όροι, προϋποθέσεις και πολιτικές της ενοικίασης με μορφή εύκολη για ανάγνωση και ενημέρωση από το backroom."",""nightEndHour"":8,""stationProfiles"":[{""key"":""ath"",""label"":""ATH Athens"",""description"":""""},{""key"":""default"",""label"":""SKG Thessaloniki"",""description"":""""}],""bookingCanceledTriggerId"":"""",""defaultDeposit"":0,""operatingHoursLabel"":""08:00 - 22:00"",""companyPhone"":""+30 2310 000 000"",""companyAddress"":""Θεσσαλονίκη, Ελλάδα"",""insuranceTermsBody"":""Η βασική κάλυψη αφορά την τυπική συμμετοχή του ενοικιαστή σύμφωνα με τους όρους της εταιρίας. Οι επιπλέον καλύψεις μειώνουν ή περιορίζουν την ευθύνη ανάλογα με το πρόγραμμα που θα επιλεγεί. Πριν από την τελική παράδοση του οχήματος, η ομάδα μας επιβεβαιώνει ξανά τις καλύψεις, τις εξαιρέσεις και το ύψος της συμμετοχής. Δεν καλύπτονται περιστατικά που προκύπτουν από παραβίαση του ΚΟΚ, οδήγηση υπό επήρεια, μη εξουσιοδοτημένο οδηγό, απώλεια κλειδιών ή εγγράφων και χρήση του οχήματος εκτός των συμφωνημένων όρων. Οι πληροφορίες της σελίδας έχουν ενημερωτικό χαρακτήρα και υπερισχύουν οι τελικοί όροι που επιβεβαιώνονται από την εταιρία πριν την παραλαβή."",""insuranceTermsIntro"":""Οι ασφαλιστικές επιλογές και οι σχετικοί όροι παρουσιάζονται με απλό τρόπο πριν από την ολοκλήρωση της κράτησης."",""insuranceDetailsTitle"":""Λεπτομέρειες ασφαλιστικών επιλογών"",""insuranceDetailsIntro"":""Παρακάτω βλέπεις συνοπτικά τις επιλογές κάλυψης που χρησιμοποιούνται στο front booking flow."",""insuranceDetailsBody"":""Το CDW αποτελεί τη βασική κάλυψη χωρίς επιπλέον ημερήσια χρέωση. Το SCDW μειώνει περαιτέρω την οικονομική έκθεση του οδηγού, ενώ το FULL παρέχει την πιο ενισχυμένη επιλογή προστασίας που εμφανίζεται στο backroom και στο booking flow. Για κάθε κράτηση, το τελικό πρόγραμμα ασφάλισης, οι χρεώσεις και οι εξαιρέσεις επιβεβαιώνονται από την ομάδα μας πριν από την παράδοση."",""rentalPrivacyBody"":""Τα προσωπικά δεδομένα χρησιμοποιούνται αποκλειστικά για την εξυπηρέτηση της κράτησης, την επικοινωνία με τον πελάτη και την εκπλήρωση νομικών ή φορολογικών υποχρεώσεων της εταιρίας. Για ειδικά αιτήματα, διορθώσεις στοιχείων ή απορίες σχετικά με την επεξεργασία δεδομένων, ο πελάτης μπορεί να επικοινωνεί με την εταιρία στα διαθέσιμα στοιχεία επικοινωνίας."",""nightStartHour"":22,""allowOverbooking"":true,""companyName"":""DIAMOND Rent A Car"",""insuranceTermsTitle"":""Όροι και λεπτομέρειες ασφαλειών"",""rentalTermsTitle"":""Όροι ενοικίασης και πολιτικές"",""companyCity"":""Thessaloniki"",""bookingConfirmedTriggerId"":"""",""currency"":""EUR"",""footerNote"":""Επαγγελματική εμπειρία ενοικίασης οχήματος με καθαρή ροή κράτησης, ξεκάθαρη τιμολόγηση και προσωπική επιβεβαίωση."",""title"":""Business settings"",""companyEmail"":""info@diamondrentacar.gr"",""companyTagline"":""Ενοικίαση οχημάτων στη Θεσσαλονίκη με καθαρή διαδικασία και γρήγορη επιβεβαίωση."",""rentalTermsBody"":""Η ενοικίαση ολοκληρώνεται μόνο μετά από επιβεβαίωση της διαθεσιμότητας από την εταιρία και έλεγχο των στοιχείων του οδηγού. Η εταιρία διατηρεί το δικαίωμα να προτείνει ισοδύναμο όχημα ίδιας ή ανώτερης κατηγορίας όταν αυτό απαιτηθεί από λειτουργικούς λόγους, χωρίς πρόσθετη χρέωση για τον πελάτη."",""vatRate"":24,""rentalRequirementsBody"":""Ο κύριος οδηγός οφείλει να διαθέτει ισχύουσα άδεια οδήγησης, ταυτότητα ή διαβατήριο και κάρτα ή άλλο μέσο πληρωμής αποδεκτό από την εταιρία. Ελάχιστη ηλικία, έτη κατοχής διπλώματος, εγγύηση και τυχόν επασφάλιστρα εξαρτώνται από την κατηγορία οχήματος και την τελική επιβεβαίωση της κράτησης."",""vehiclesPageDisplayMode"":""categories"",""enableTriggeredEmails"":false,""rentalPoliciesBody"":""Η πολιτική καυσίμου, οι ώρες παράδοσης και παραλαβής, οι χρεώσεις εκτός ωραρίου, οι ακυρώσεις, οι καθυστερήσεις και οι όροι επέκτασης της μίσθωσης επιβεβαιώνονται πριν την παράδοση. Τυχόν ζημιές, πρόστιμα, απώλειες εξοπλισμού ή χρήση του οχήματος κατά παράβαση των συμφωνημένων όρων βαρύνουν τον ενοικιαστή σύμφωνα με την τελική σύμβαση."",""active"":true,""afterHoursNotice"":""Για εξυπηρέτηση εκτός ωραρίου ισχύουν επιπλέον χρεώσεις.""}},""vehiclesPageModelsSource"":""fleet"",""rentalTermsIntro"":""Στην παρακάτω σελίδα συγκεντρώνονται βασικοί όροι, προϋποθέσεις και πολιτικές της ενοικίασης με μορφή εύκολη για ανάγνωση και ενημέρωση από το backroom."",""nightEndHour"":8,""stationProfiles"":[{""key"":""ath"",""label"":""ATH Athens"",""description"":""""},{""key"":""default"",""label"":""SKG Thessaloniki"",""description"":""""}],""bookingCanceledTriggerId"":"""",""defaultDeposit"":0,""operatingHoursLabel"":""08:00 - 22:00"",""companyPhone"":""+30 2310 000 000"",""companyAddress"":""Θεσσαλονίκη, Ελλάδα"",""_id"":""a5128991-cf12-4a62-bcde-64e77309b454"",""insuranceTermsBody"":""Η βασική κάλυψη αφορά την τυπική συμμετοχή του ενοικιαστή σύμφωνα με τους όρους της εταιρίας. Οι επιπλέον καλύψεις μειώνουν ή περιορίζουν την ευθύνη ανάλογα με το πρόγραμμα που θα επιλεγεί. Πριν από την τελική παράδοση του οχήματος, η ομάδα μας επιβεβαιώνει ξανά τις καλύψεις, τις εξαιρέσεις και το ύψος της συμμετοχής. Δεν καλύπτονται περιστατικά που προκύπτουν από παραβίαση του ΚΟΚ, οδήγηση υπό επήρεια, μη εξουσιοδοτημένο οδηγό, απώλεια κλειδιών ή εγγράφων και χρήση του οχήματος εκτός των συμφωνημένων όρων. Οι πληροφορίες της σελίδας έχουν ενημερωτικό χαρακτήρα και υπερισχύουν οι τελικοί όροι που επιβεβαιώνονται από την εταιρία πριν την παραλαβή."",""_owner"":""284e089f-48c1-4969-b018-a9add65901a8"",""_createdDate"":""2026-03-15T14:21:47.499Z"",""insuranceTermsIntro"":""Οι ασφαλιστικές επιλογές και οι σχετικοί όροι παρουσιάζονται με απλό τρόπο πριν από την ολοκλήρωση της κράτησης."",""insuranceDetailsTitle"":""Λεπτομέρειες ασφαλιστικών επιλογών"",""insuranceDetailsIntro"":""Παρακάτω βλέπεις συνοπτικά τις επιλογές κάλυψης που χρησιμοποιούνται στο front booking flow."",""insuranceDetailsBody"":""Το CDW αποτελεί τη βασική κάλυψη χωρίς επιπλέον ημερήσια χρέωση. Το SCDW μειώνει περαιτέρω την οικονομική έκθεση του οδηγού, ενώ το FULL παρέχει την πιο ενισχυμένη επιλογή προστασίας που εμφανίζεται στο backroom και στο booking flow. Για κάθε κράτηση, το τελικό πρόγραμμα ασφάλισης, οι χρεώσεις και οι εξαιρέσεις επιβεβαιώνονται από την ομάδα μας πριν από την παράδοση."",""rentalPrivacyBody"":""Τα προσωπικά δεδομένα χρησιμοποιούνται αποκλειστικά για την εξυπηρέτηση της κράτησης, την επικοινωνία με τον πελάτη και την εκπλήρωση νομικών ή φορολογικών υποχρεώσεων της εταιρίας. Για ειδικά αιτήματα, διορθώσεις στοιχείων ή απορίες σχετικά με την επεξεργασία δεδομένων, ο πελάτης μπορεί να επικοινωνεί με την εταιρία στα διαθέσιμα στοιχεία επικοινωνίας."",""nightStartHour"":22,""_updatedDate"":""2026-04-04T16:24:02.042Z"",""allowOverbooking"":true,""companyName"":""DIAMOND Rent A Car"",""insuranceTermsTitle"":""Όροι και λεπτομέρειες ασφαλειών"",""rentalTermsTitle"":""Όροι ενοικίασης και πολιτικές"",""companyCity"":""Thessaloniki"",""bookingConfirmedTriggerId"":"""",""currency"":""EUR"",""footerNote"":""Επαγγελματική εμπειρία ενοικίασης οχήματος με καθαρή ροή κράτησης, ξεκάθαρη τιμολόγηση και προσωπική επιβεβαίωση."",""title"":""Business settings"",""companyEmail"":""info@diamondrentacar.gr"",""companyTagline"":""Ενοικίαση οχημάτων στη Θεσσαλονίκη με καθαρή διαδικασία και γρήγορη επιβεβαίωση."",""rentalTermsBody"":""Η ενοικίαση ολοκληρώνεται μόνο μετά από επιβεβαίωση της διαθεσιμότητας από την εταιρία και έλεγχο των στοιχείων του οδηγού. Η εταιρία διατηρεί το δικαίωμα να προτείνει ισοδύναμο όχημα ίδιας ή ανώτερης κατηγορίας όταν αυτό απαιτηθεί από λειτουργικούς λόγους, χωρίς πρόσθετη χρέωση για τον πελάτη."",""vatRate"":24,""rentalRequirementsBody"":""Ο κύριος οδηγός οφείλει να διαθέτει ισχύουσα άδεια οδήγησης, ταυτότητα ή διαβατήριο και κάρτα ή άλλο μέσο πληρωμής αποδεκτό από την εταιρία. Ελάχιστη ηλικία, έτη κατοχής διπλώματος, εγγύηση και τυχόν επασφάλιστρα εξαρτώνται από την κατηγορία οχήματος και την τελική επιβεβαίωση της κράτησης."",""vehiclesPageDisplayMode"":""categories"",""enableTriggeredEmails"":false,""rentalPoliciesBody"":""Η πολιτική καυσίμου, οι ώρες παράδοσης και παραλαβής, οι χρεώσεις εκτός ωραρίου, οι ακυρώσεις, οι καθυστερήσεις και οι όροι επέκτασης της μίσθωσης επιβεβαιώνονται πριν την παράδοση. Τυχόν ζημιές, πρόστιμα, απώλειες εξοπλισμού ή χρήση του οχήματος κατά παράβαση των συμφωνημένων όρων βαρύνουν τον ενοικιαστή σύμφωνα με την τελική σύμβαση."",""active"":true,""afterHoursNotice"":""Για εξυπηρέτηση εκτός ωραρίου ισχύουν επιπλέον χρεώσεις.""}","{""stationSettings"":{""ath"":{""vehiclesPageModelsSource"":""fleet"",""rentalTermsIntro"":""Στην παρακάτω σελίδα συγκεντρώνονται βασικοί όροι, προϋποθέσεις και πολιτικές της ενοικίασης με μορφή εύκολη για ανάγνωση και ενημέρωση από το backroom."",""nightEndHour"":8,""stationProfiles"":[{""key"":""default"",""label"":""Κεντρικός σταθμός"",""description"":""""},{""key"":""ath"",""label"":""ATH Athens"",""description"":""""}],""bookingCanceledTriggerId"":"""",""defaultDeposit"":0,""operatingHoursLabel"":""08:00 - 22:00"",""companyPhone"":""+30 2310 000 000"",""companyAddress"":""Θεσσαλονίκη, Ελλάδα"",""insuranceTermsBody"":""Η βασική κάλυψη αφορά την τυπική συμμετοχή του ενοικιαστή σύμφωνα με τους όρους της εταιρίας. Οι επιπλέον καλύψεις μειώνουν ή περιορίζουν την ευθύνη ανάλογα με το πρόγραμμα που θα επιλεγεί. Πριν από την τελική παράδοση του οχήματος, η ομάδα μας επιβεβαιώνει ξανά τις καλύψεις, τις εξαιρέσεις και το ύψος της συμμετοχής. Δεν καλύπτονται περιστατικά που προκύπτουν από παραβίαση του ΚΟΚ, οδήγηση υπό επήρεια, μη εξουσιοδοτημένο οδηγό, απώλεια κλειδιών ή εγγράφων και χρήση του οχήματος εκτός των συμφωνημένων όρων. Οι πληροφορίες της σελίδας έχουν ενημερωτικό χαρακτήρα και υπερισχύουν οι τελικοί όροι που επιβεβαιώνονται από την εταιρία πριν την παραλαβή."",""insuranceTermsIntro"":""Οι ασφαλιστικές επιλογές και οι σχετικοί όροι παρουσιάζονται με απλό τρόπο πριν από την ολοκλήρωση της κράτησης."",""insuranceDetailsTitle"":""Λεπτομέρειες ασφαλιστικών επιλογών"",""insuranceDetailsIntro"":""Παρακάτω βλέπεις συνοπτικά τις επιλογές κάλυψης που χρησιμοποιούνται στο front booking flow."",""insuranceDetailsBody"":""Το CDW αποτελεί τη βασική κάλυψη χωρίς επιπλέον ημερήσια χρέωση. Το SCDW μειώνει περαιτέρω την οικονομική έκθεση του οδηγού, ενώ το FULL παρέχει την πιο ενισχυμένη επιλογή προστασίας που εμφανίζεται στο backroom και στο booking flow. Για κάθε κράτηση, το τελικό πρόγραμμα ασφάλισης, οι χρεώσεις και οι εξαιρέσεις επιβεβαιώνονται από την ομάδα μας πριν από την παράδοση."",""rentalPrivacyBody"":""Τα προσωπικά δεδομένα χρησιμοποιούνται αποκλειστικά για την εξυπηρέτηση της κράτησης, την επικοινωνία με τον πελάτη και την εκπλήρωση νομικών ή φορολογικών υποχρεώσεων της εταιρίας. Για ειδικά αιτήματα, διορθώσεις στοιχείων ή απορίες σχετικά με την επεξεργασία δεδομένων, ο πελάτης μπορεί να επικοινωνεί με την εταιρία στα διαθέσιμα στοιχεία επικοινωνίας."",""nightStartHour"":22,""allowOverbooking"":true,""companyName"":""DIAMOND Rent A Car"",""insuranceTermsTitle"":""Όροι και λεπτομέρειες ασφαλειών"",""rentalTermsTitle"":""Όροι ενοικίασης και πολιτικές"",""companyCity"":""Thessaloniki"",""bookingConfirmedTriggerId"":"""",""currency"":""EUR"",""footerNote"":""Επαγγελματική εμπειρία ενοικίασης οχήματος με καθαρή ροή κράτησης, ξεκάθαρη τιμολόγηση και προσωπική επιβεβαίωση."",""title"":""Business settings"",""companyEmail"":""info@diamondrentacar.gr"",""companyTagline"":""Ενοικίαση οχημάτων στη Θεσσαλονίκη με καθαρή διαδικασία και γρήγορη επιβεβαίωση."",""rentalTermsBody"":""Η ενοικίαση ολοκληρώνεται μόνο μετά από επιβεβαίωση της διαθεσιμότητας από την εταιρία και έλεγχο των στοιχείων του οδηγού. Η εταιρία διατηρεί το δικαίωμα να προτείνει ισοδύναμο όχημα ίδιας ή ανώτερης κατηγορίας όταν αυτό απαιτηθεί από λειτουργικούς λόγους, χωρίς πρόσθετη χρέωση για τον πελάτη."",""vatRate"":24,""rentalRequirementsBody"":""Ο κύριος οδηγός οφείλει να διαθέτει ισχύουσα άδεια οδήγησης, ταυτότητα ή διαβατήριο και κάρτα ή άλλο μέσο πληρωμής αποδεκτό από την εταιρία. Ελάχιστη ηλικία, έτη κατοχής διπλώματος, εγγύηση και τυχόν επασφάλιστρα εξαρτώνται από την κατηγορία οχήματος και την τελική επιβεβαίωση της κράτησης."",""vehiclesPageDisplayMode"":""categories"",""enableTriggeredEmails"":false,""rentalPoliciesBody"":""Η πολιτική καυσίμου, οι ώρες παράδοσης και παραλαβής, οι χρεώσεις εκτός ωραρίου, οι ακυρώσεις, οι καθυστερήσεις και οι όροι επέκτασης της μίσθωσης επιβεβαιώνονται πριν την παράδοση. Τυχόν ζημιές, πρόστιμα, απώλειες εξοπλισμού ή χρήση του οχήματος κατά παράβαση των συμφωνημένων όρων βαρύνουν τον ενοικιαστή σύμφωνα με την τελική σύμβαση."",""active"":true,""afterHoursNotice"":""Για εξυπηρέτηση εκτός ωραρίου ισχύουν επιπλέον χρεώσεις.""},""skg"":{""vehiclesPageModelsSource"":""fleet"",""rentalTermsIntro"":""Στην παρακάτω σελίδα συγκεντρώνονται βασικοί όροι, προϋποθέσεις και πολιτικές της ενοικίασης με μορφή εύκολη για ανάγνωση και ενημέρωση από το backroom."",""nightEndHour"":8,""stationProfiles"":[{""city"":"""",""description"":"""",""label"":""ATH Athens"",""key"":""ath"",""sortOrder"":9999,""address"":"""",""active"":true},{""city"":"""",""description"":"""",""label"":""SKG Thessaloniki"",""key"":""skg"",""sortOrder"":9999,""address"":"""",""active"":true}],""bookingCanceledTriggerId"":"""",""defaultDeposit"":0,""operatingHoursLabel"":""08:00 - 22:00"",""companyPhone"":""+30 2310 000 000"",""companyAddress"":""Θεσσαλονίκη, Ελλάδα"",""insuranceTermsBody"":""Η βασική κάλυψη αφορά την τυπική συμμετοχή του ενοικιαστή σύμφωνα με τους όρους της εταιρίας. Οι επιπλέον καλύψεις μειώνουν ή περιορίζουν την ευθύνη ανάλογα με το πρόγραμμα που θα επιλεγεί. Πριν από την τελική παράδοση του οχήματος, η ομάδα μας επιβεβαιώνει ξανά τις καλύψεις, τις εξαιρέσεις και το ύψος της συμμετοχής. Δεν καλύπτονται περιστατικά που προκύπτουν από παραβίαση του ΚΟΚ, οδήγηση υπό επήρεια, μη εξουσιοδοτημένο οδηγό, απώλεια κλειδιών ή εγγράφων και χρήση του οχήματος εκτός των συμφωνημένων όρων. Οι πληροφορίες της σελίδας έχουν ενημερωτικό χαρακτήρα και υπερισχύουν οι τελικοί όροι που επιβεβαιώνονται από την εταιρία πριν την παραλαβή."",""insuranceTermsIntro"":""Οι ασφαλιστικές επιλογές και οι σχετικοί όροι παρουσιάζονται με απλό τρόπο πριν από την ολοκλήρωση της κράτησης."",""insuranceDetailsTitle"":""Λεπτομέρειες ασφαλιστικών επιλογών"",""insuranceDetailsIntro"":""Παρακάτω βλέπεις συνοπτικά τις επιλογές κάλυψης που χρησιμοποιούνται στο front booking flow."",""insuranceDetailsBody"":""Το CDW αποτελεί τη βασική κάλυψη χωρίς επιπλέον ημερήσια χρέωση. Το SCDW μειώνει περαιτέρω την οικονομική έκθεση του οδηγού, ενώ το FULL παρέχει την πιο ενισχυμένη επιλογή προστασίας που εμφανίζεται στο backroom και στο booking flow. Για κάθε κράτηση, το τελικό πρόγραμμα ασφάλισης, οι χρεώσεις και οι εξαιρέσεις επιβεβαιώνονται από την ομάδα μας πριν από την παράδοση."",""rentalPrivacyBody"":""Τα προσωπικά δεδομένα χρησιμοποιούνται αποκλειστικά για την εξυπηρέτηση της κράτησης, την επικοινωνία με τον πελάτη και την εκπλήρωση νομικών ή φορολογικών υποχρεώσεων της εταιρίας. Για ειδικά αιτήματα, διορθώσεις στοιχείων ή απορίες σχετικά με την επεξεργασία δεδομένων, ο πελάτης μπορεί να επικοινωνεί με την εταιρία στα διαθέσιμα στοιχεία επικοινωνίας."",""nightStartHour"":22,""allowOverbooking"":true,""companyName"":""DIAMOND Rent A Car"",""insuranceTermsTitle"":""Όροι και λεπτομέρειες ασφαλειών"",""rentalTermsTitle"":""Όροι ενοικίασης και πολιτικές"",""companyCity"":""Thessaloniki"",""bookingConfirmedTriggerId"":"""",""currency"":""EUR"",""footerNote"":""Επαγγελματική εμπειρία ενοικίασης οχήματος με καθαρή ροή κράτησης, ξεκάθαρη τιμολόγηση και προσωπική επιβεβαίωση."",""title"":""Business settings"",""companyEmail"":""info@diamondrentacar.gr"",""companyTagline"":""Ενοικίαση οχημάτων στη Θεσσαλονίκη με καθαρή διαδικασία και γρήγορη επιβεβαίωση."",""rentalTermsBody"":""Η ενοικίαση ολοκληρώνεται μόνο μετά από επιβεβαίωση της διαθεσιμότητας από την εταιρία και έλεγχο των στοιχείων του οδηγού. Η εταιρία διατηρεί το δικαίωμα να προτείνει ισοδύναμο όχημα ίδιας ή ανώτερης κατηγορίας όταν αυτό απαιτηθεί από λειτουργικούς λόγους, χωρίς πρόσθετη χρέωση για τον πελάτη."",""vatRate"":24,""rentalRequirementsBody"":""Ο κύριος οδηγός οφείλει να διαθέτει ισχύουσα άδεια οδήγησης, ταυτότητα ή διαβατήριο και κάρτα ή άλλο μέσο πληρωμής αποδεκτό από την εταιρία. Ελάχιστη ηλικία, έτη κατοχής διπλώματος, εγγύηση και τυχόν επασφάλιστρα εξαρτώνται από την κατηγορία οχήματος και την τελική επιβεβαίωση της κράτησης."",""vehiclesPageDisplayMode"":""categories"",""enableTriggeredEmails"":false,""rentalPoliciesBody"":""Η πολιτική καυσίμου, οι ώρες παράδοσης και παραλαβής, οι χρεώσεις εκτός ωραρίου, οι ακυρώσεις, οι καθυστερήσεις και οι όροι επέκτασης της μίσθωσης επιβεβαιώνονται πριν την παράδοση. Τυχόν ζημιές, πρόστιμα, απώλειες εξοπλισμού ή χρήση του οχήματος κατά παράβαση των συμφωνημένων όρων βαρύνουν τον ενοικιαστή σύμφωνα με την τελική σύμβαση."",""active"":true,""afterHoursNotice"":""Για εξυπηρέτηση εκτός ωραρίου ισχύουν επιπλέον χρεώσεις.""}},""vehiclesPageModelsSource"":""fleet"",""rentalTermsIntro"":""Στην παρακάτω σελίδα συγκεντρώνονται βασικοί όροι, προϋποθέσεις και πολιτικές της ενοικίασης με μορφή εύκολη για ανάγνωση και ενημέρωση από το backroom."",""nightEndHour"":8,""stationProfiles"":[{""city"":"""",""description"":"""",""label"":""ATH Athens"",""key"":""ath"",""sortOrder"":9999,""address"":"""",""active"":true},{""city"":"""",""description"":"""",""label"":""SKG Thessaloniki"",""key"":""skg"",""sortOrder"":9999,""address"":"""",""active"":true}],""bookingCanceledTriggerId"":"""",""defaultDeposit"":0,""operatingHoursLabel"":""08:00 - 22:00"",""companyPhone"":""+30 2310 000 000"",""companyAddress"":""Θεσσαλονίκη, Ελλάδα"",""_id"":""a5128991-cf12-4a62-bcde-64e77309b454"",""insuranceTermsBody"":""Η βασική κάλυψη αφορά την τυπική συμμετοχή του ενοικιαστή σύμφωνα με τους όρους της εταιρίας. Οι επιπλέον καλύψεις μειώνουν ή περιορίζουν την ευθύνη ανάλογα με το πρόγραμμα που θα επιλεγεί. Πριν από την τελική παράδοση του οχήματος, η ομάδα μας επιβεβαιώνει ξανά τις καλύψεις, τις εξαιρέσεις και το ύψος της συμμετοχής. Δεν καλύπτονται περιστατικά που προκύπτουν από παραβίαση του ΚΟΚ, οδήγηση υπό επήρεια, μη εξουσιοδοτημένο οδηγό, απώλεια κλειδιών ή εγγράφων και χρήση του οχήματος εκτός των συμφωνημένων όρων. Οι πληροφορίες της σελίδας έχουν ενημερωτικό χαρακτήρα και υπερισχύουν οι τελικοί όροι που επιβεβαιώνονται από την εταιρία πριν την παραλαβή."",""_owner"":""284e089f-48c1-4969-b018-a9add65901a8"",""_createdDate"":""2026-03-15T14:21:47.499Z"",""insuranceTermsIntro"":""Οι ασφαλιστικές επιλογές και οι σχετικοί όροι παρουσιάζονται με απλό τρόπο πριν από την ολοκλήρωση της κράτησης."",""insuranceDetailsTitle"":""Λεπτομέρειες ασφαλιστικών επιλογών"",""insuranceDetailsIntro"":""Παρακάτω βλέπεις συνοπτικά τις επιλογές κάλυψης που χρησιμοποιούνται στο front booking flow."",""insuranceDetailsBody"":""Το CDW αποτελεί τη βασική κάλυψη χωρίς επιπλέον ημερήσια χρέωση. Το SCDW μειώνει περαιτέρω την οικονομική έκθεση του οδηγού, ενώ το FULL παρέχει την πιο ενισχυμένη επιλογή προστασίας που εμφανίζεται στο backroom και στο booking flow. Για κάθε κράτηση, το τελικό πρόγραμμα ασφάλισης, οι χρεώσεις και οι εξαιρέσεις επιβεβαιώνονται από την ομάδα μας πριν από την παράδοση."",""rentalPrivacyBody"":""Τα προσωπικά δεδομένα χρησιμοποιούνται αποκλειστικά για την εξυπηρέτηση της κράτησης, την επικοινωνία με τον πελάτη και την εκπλήρωση νομικών ή φορολογικών υποχρεώσεων της εταιρίας. Για ειδικά αιτήματα, διορθώσεις στοιχείων ή απορίες σχετικά με την επεξεργασία δεδομένων, ο πελάτης μπορεί να επικοινωνεί με την εταιρία στα διαθέσιμα στοιχεία επικοινωνίας."",""nightStartHour"":22,""_updatedDate"":""2026-04-05T12:28:18.099Z"",""allowOverbooking"":true,""companyName"":""DIAMOND Rent A Car"",""insuranceTermsTitle"":""Όροι και λεπτομέρειες ασφαλειών"",""rentalTermsTitle"":""Όροι ενοικίασης και πολιτικές"",""companyCity"":""Thessaloniki"",""bookingConfirmedTriggerId"":"""",""currency"":""EUR"",""footerNote"":""Επαγγελματική εμπειρία ενοικίασης οχήματος με καθαρή ροή κράτησης, ξεκάθαρη τιμολόγηση και προσωπική επιβεβαίωση."",""title"":""Business settings"",""companyEmail"":""info@diamondrentacar.gr"",""companyTagline"":""Ενοικίαση οχημάτων στη Θεσσαλονίκη με καθαρή διαδικασία και γρήγορη επιβεβαίωση."",""rentalTermsBody"":""Η ενοικίαση ολοκληρώνεται μόνο μετά από επιβεβαίωση της διαθεσιμότητας από την εταιρία και έλεγχο των στοιχείων του οδηγού. Η εταιρία διατηρεί το δικαίωμα να προτείνει ισοδύναμο όχημα ίδιας ή ανώτερης κατηγορίας όταν αυτό απαιτηθεί από λειτουργικούς λόγους, χωρίς πρόσθετη χρέωση για τον πελάτη."",""vatRate"":24,""rentalRequirementsBody"":""Ο κύριος οδηγός οφείλει να διαθέτει ισχύουσα άδεια οδήγησης, ταυτότητα ή διαβατήριο και κάρτα ή άλλο μέσο πληρωμής αποδεκτό από την εταιρία. Ελάχιστη ηλικία, έτη κατοχής διπλώματος, εγγύηση και τυχόν επασφάλιστρα εξαρτώνται από την κατηγορία οχήματος και την τελική επιβεβαίωση της κράτησης."",""vehiclesPageDisplayMode"":""categories"",""enableTriggeredEmails"":false,""rentalPoliciesBody"":""Η πολιτική καυσίμου, οι ώρες παράδοσης και παραλαβής, οι χρεώσεις εκτός ωραρίου, οι ακυρώσεις, οι καθυστερήσεις και οι όροι επέκτασης της μίσθωσης επιβεβαιώνονται πριν την παράδοση. Τυχόν ζημιές, πρόστιμα, απώλειες εξοπλισμού ή χρήση του οχήματος κατά παράβαση των συμφωνημένων όρων βαρύνουν τον ενοικιαστή σύμφωνα με την τελική σύμβαση."",""active"":true,""afterHoursNotice"":""Για εξυπηρέτηση εκτός ωραρίου ισχύουν επιπλέον χρεώσεις.""}","ckatz1995@gmail.com","Nik nik",2026-04-05T12:28:18Z,2027-04-05T12:28:18Z
,"df9fc8aa-4537-4436-a776-a99f9750b45f",2026-03-16T15:17:23Z,2026-03-16T15:17:23Z,"48ba7aa5-ed2b-43d2-bdd7-6596e6ec75a8","pricing.businessSettings","a5128991-cf12-4a62-bcde-64e77309b454","pricing.saveBusinessSettings","Ενημέρωση business settings","{""nightEndHour"":8,""defaultDeposit"":0,""companyPhone"":""+30 2310 000 000"",""companyAddress"":""Θεσσαλονίκη, Ελλάδα"",""_id"":""a5128991-cf12-4a62-bcde-64e77309b454"",""insuranceTermsBody"":""Η βασική κάλυψη αφορά την τυπική συμμετοχή του ενοικιαστή σύμφωνα με τους όρους της εταιρίας. Οι επιπλέον καλύψεις μειώνουν ή περιορίζουν την ευθύνη ανάλογα με το πρόγραμμα που θα επιλεγεί. Πριν από την τελική παράδοση του οχήματος, η ομάδα μας επιβεβαιώνει ξανά τις καλύψεις, τις εξαιρέσεις και το ύψος της συμμετοχής. Δεν καλύπτονται περιστατικά που προκύπτουν από παραβίαση του ΚΟΚ, οδήγηση υπό επήρεια, μη εξουσιοδοτημένο οδηγό, απώλεια κλειδιών ή εγγράφων και χρήση του οχήματος εκτός των συμφωνημένων όρων. Οι πληροφορίες της σελίδας έχουν ενημερωτικό χαρακτήρα και υπερισχύουν οι τελικοί όροι που επιβεβαιώνονται από την εταιρία πριν την παραλαβή."",""_owner"":""284e089f-48c1-4969-b018-a9add65901a8"",""_createdDate"":""2026-03-15T14:21:47.499Z"",""insuranceTermsIntro"":""Οι ασφαλιστικές επιλογές και οι σχετικοί όροι παρουσιάζονται με απλό τρόπο πριν από την ολοκλήρωση της κράτησης."",""insuranceDetailsTitle"":""Λεπτομέρειες ασφαλιστικών επιλογών"",""insuranceDetailsIntro"":""Παρακάτω βλέπεις συνοπτικά τις επιλογές κάλυψης που χρησιμοποιούνται στο front booking flow."",""insuranceDetailsBody"":""Το CDW αποτελεί τη βασική κάλυψη χωρίς επιπλέον ημερήσια χρέωση. Το SCDW μειώνει περαιτέρω την οικονομική έκθεση του οδηγού, ενώ το FULL παρέχει την πιο ενισχυμένη επιλογή προστασίας που εμφανίζεται στο backroom και στο booking flow. Για κάθε κράτηση, το τελικό πρόγραμμα ασφάλισης, οι χρεώσεις και οι εξαιρέσεις επιβεβαιώνονται από την ομάδα μας πριν από την παράδοση."",""nightStartHour"":22,""_updatedDate"":""2026-03-16T14:57:12.416Z"",""companyName"":""DIAMOND Rent A Car 1"",""insuranceTermsTitle"":""Όροι και λεπτομέρειες ασφαλειών"",""companyCity"":""Thessaloniki"",""currency"":""EUR"",""footerNote"":""Επαγγελματική εμπειρία ενοικίασης οχήματος με καθαρή ροή κράτησης, ξεκάθαρη τιμολόγηση και προσωπική επιβεβαίωση."",""title"":""Default business settings"",""companyEmail"":""info@diamondrentacar.gr"",""companyTagline"":""Ενοικίαση οχημάτων στη Θεσσαλονίκη με καθαρή διαδικασία και γρήγορη επιβεβαίωση."",""vatRate"":24,""active"":true}","{""nightEndHour"":8,""defaultDeposit"":0,""companyPhone"":""+30 2310 000 000"",""companyAddress"":""Θεσσαλονίκη, Ελλάδα"",""_id"":""a5128991-cf12-4a62-bcde-64e77309b454"",""insuranceTermsBody"":""Η βασική κάλυψη αφορά την τυπική συμμετοχή του ενοικιαστή σύμφωνα με τους όρους της εταιρίας. Οι επιπλέον καλύψεις μειώνουν ή περιορίζουν την ευθύνη ανάλογα με το πρόγραμμα που θα επιλεγεί. Πριν από την τελική παράδοση του οχήματος, η ομάδα μας επιβεβαιώνει ξανά τις καλύψεις, τις εξαιρέσεις και το ύψος της συμμετοχής. Δεν καλύπτονται περιστατικά που προκύπτουν από παραβίαση του ΚΟΚ, οδήγηση υπό επήρεια, μη εξουσιοδοτημένο οδηγό, απώλεια κλειδιών ή εγγράφων και χρήση του οχήματος εκτός των συμφωνημένων όρων. Οι πληροφορίες της σελίδας έχουν ενημερωτικό χαρακτήρα και υπερισχύουν οι τελικοί όροι που επιβεβαιώνονται από την εταιρία πριν την παραλαβή."",""_owner"":""284e089f-48c1-4969-b018-a9add65901a8"",""_createdDate"":""2026-03-15T14:21:47.499Z"",""insuranceTermsIntro"":""Οι ασφαλιστικές επιλογές και οι σχετικοί όροι παρουσιάζονται με απλό τρόπο πριν από την ολοκλήρωση της κράτησης."",""insuranceDetailsTitle"":""Λεπτομέρειες ασφαλιστικών επιλογών"",""insuranceDetailsIntro"":""Παρακάτω βλέπεις συνοπτικά τις επιλογές κάλυψης που χρησιμοποιούνται στο front booking flow."",""insuranceDetailsBody"":""Το CDW αποτελεί τη βασική κάλυψη χωρίς επιπλέον ημερήσια χρέωση. Το SCDW μειώνει περαιτέρω την οικονομική έκθεση του οδηγού, ενώ το FULL παρέχει την πιο ενισχυμένη επιλογή προστασίας που εμφανίζεται στο backroom και στο booking flow. Για κάθε κράτηση, το τελικό πρόγραμμα ασφάλισης, οι χρεώσεις και οι εξαιρέσεις επιβεβαιώνονται από την ομάδα μας πριν από την παράδοση."",""nightStartHour"":22,""_updatedDate"":""2026-03-16T15:17:23.604Z"",""companyName"":""DIAMOND Rent A Car"",""insuranceTermsTitle"":""Όροι και λεπτομέρειες ασφαλειών"",""companyCity"":""Thessaloniki"",""currency"":""EUR"",""footerNote"":""Επαγγελματική εμπειρία ενοικίασης οχήματος με καθαρή ροή κράτησης, ξεκάθαρη τιμολόγηση και προσωπική επιβεβαίωση."",""title"":""Default business settings"",""companyEmail"":""info@diamondrentacar.gr"",""companyTagline"":""Ενοικίαση οχημάτων στη Θεσσαλονίκη με καθαρή διαδικασία και γρήγορη επιβεβαίωση."",""vatRate"":24,""active"":true}","ckatz1995@gmail.com","Nik nik",2026-03-16T15:17:23Z,2027-03-16T15:17:23Z
,"e11cd351-a870-4a8d-a866-29d1cc099e30",2026-03-18T08:28:29Z,2026-03-18T08:28:29Z,"48ba7aa5-ed2b-43d2-bdd7-6596e6ec75a8","pricing.businessSettings","a5128991-cf12-4a62-bcde-64e77309b454","pricing.saveBusinessSettings","Ενημέρωση business settings","{""vehiclesPageModelsSource"":""vehicles"",""rentalTermsIntro"":""Στην παρακάτω σελίδα συγκεντρώνονται βασικοί όροι, προϋποθέσεις και πολιτικές της ενοικίασης με μορφή εύκολη για ανάγνωση και ενημέρωση από το backroom."",""nightEndHour"":8,""bookingCanceledTriggerId"":"""",""defaultDeposit"":0,""companyPhone"":""+30 2310 000 000"",""companyAddress"":""Θεσσαλονίκη, Ελλάδα"",""_id"":""a5128991-cf12-4a62-bcde-64e77309b454"",""insuranceTermsBody"":""Η βασική κάλυψη αφορά την τυπική συμμετοχή του ενοικιαστή σύμφωνα με τους όρους της εταιρίας. Οι επιπλέον καλύψεις μειώνουν ή περιορίζουν την ευθύνη ανάλογα με το πρόγραμμα που θα επιλεγεί. Πριν από την τελική παράδοση του οχήματος, η ομάδα μας επιβεβαιώνει ξανά τις καλύψεις, τις εξαιρέσεις και το ύψος της συμμετοχής. Δεν καλύπτονται περιστατικά που προκύπτουν από παραβίαση του ΚΟΚ, οδήγηση υπό επήρεια, μη εξουσιοδοτημένο οδηγό, απώλεια κλειδιών ή εγγράφων και χρήση του οχήματος εκτός των συμφωνημένων όρων. Οι πληροφορίες της σελίδας έχουν ενημερωτικό χαρακτήρα και υπερισχύουν οι τελικοί όροι που επιβεβαιώνονται από την εταιρία πριν την παραλαβή."",""_owner"":""284e089f-48c1-4969-b018-a9add65901a8"",""_createdDate"":""2026-03-15T14:21:47.499Z"",""insuranceTermsIntro"":""Οι ασφαλιστικές επιλογές και οι σχετικοί όροι παρουσιάζονται με απλό τρόπο πριν από την ολοκλήρωση της κράτησης."",""insuranceDetailsTitle"":""Λεπτομέρειες ασφαλιστικών επιλογών"",""insuranceDetailsIntro"":""Παρακάτω βλέπεις συνοπτικά τις επιλογές κάλυψης που χρησιμοποιούνται στο front booking flow."",""insuranceDetailsBody"":""Το CDW αποτελεί τη βασική κάλυψη χωρίς επιπλέον ημερήσια χρέωση. Το SCDW μειώνει περαιτέρω την οικονομική έκθεση του οδηγού, ενώ το FULL παρέχει την πιο ενισχυμένη επιλογή προστασίας που εμφανίζεται στο backroom και στο booking flow. Για κάθε κράτηση, το τελικό πρόγραμμα ασφάλισης, οι χρεώσεις και οι εξαιρέσεις επιβεβαιώνονται από την ομάδα μας πριν από την παράδοση."",""rentalPrivacyBody"":""Τα προσωπικά δεδομένα χρησιμοποιούνται αποκλειστικά για την εξυπηρέτηση της κράτησης, την επικοινωνία με τον πελάτη και την εκπλήρωση νομικών ή φορολογικών υποχρεώσεων της εταιρίας. Για ειδικά αιτήματα, διορθώσεις στοιχείων ή απορίες σχετικά με την επεξεργασία δεδομένων, ο πελάτης μπορεί να επικοινωνεί με την εταιρία στα διαθέσιμα στοιχεία επικοινωνίας."",""nightStartHour"":22,""_updatedDate"":""2026-03-18T08:27:57.628Z"",""allowOverbooking"":true,""companyName"":""DIAMOND Rent A Car"",""insuranceTermsTitle"":""Όροι και λεπτομέρειες ασφαλειών"",""rentalTermsTitle"":""Όροι ενοικίασης και πολιτικές"",""companyCity"":""Thessaloniki"",""bookingConfirmedTriggerId"":"""",""currency"":""EUR"",""footerNote"":""Επαγγελματική εμπειρία ενοικίασης οχήματος με καθαρή ροή κράτησης, ξεκάθαρη τιμολόγηση και προσωπική επιβεβαίωση."",""title"":""Default business settings"",""companyEmail"":""info@diamondrentacar.gr"",""companyTagline"":""Ενοικίαση οχημάτων στη Θεσσαλονίκη με καθαρή διαδικασία και γρήγορη επιβεβαίωση."",""rentalTermsBody"":""Η ενοικίαση ολοκληρώνεται μόνο μετά από επιβεβαίωση της διαθεσιμότητας από την εταιρία και έλεγχο των στοιχείων του οδηγού. Η εταιρία διατηρεί το δικαίωμα να προτείνει ισοδύναμο όχημα ίδιας ή ανώτερης κατηγορίας όταν αυτό απαιτηθεί από λειτουργικούς λόγους, χωρίς πρόσθετη χρέωση για τον πελάτη."",""vatRate"":24,""rentalRequirementsBody"":""Ο κύριος οδηγός οφείλει να διαθέτει ισχύουσα άδεια οδήγησης, ταυτότητα ή διαβατήριο και κάρτα ή άλλο μέσο πληρωμής αποδεκτό από την εταιρία. Ελάχιστη ηλικία, έτη κατοχής διπλώματος, εγγύηση και τυχόν επασφάλιστρα εξαρτώνται από την κατηγορία οχήματος και την τελική επιβεβαίωση της κράτησης."",""vehiclesPageDisplayMode"":""models"",""enableTriggeredEmails"":false,""rentalPoliciesBody"":""Η πολιτική καυσίμου, οι ώρες παράδοσης και παραλαβής, οι χρεώσεις εκτός ωραρίου, οι ακυρώσεις, οι καθυστερήσεις και οι όροι επέκτασης της μίσθωσης επιβεβαιώνονται πριν την παράδοση. Τυχόν ζημιές, πρόστιμα, απώλειες εξοπλισμού ή χρήση του οχήματος κατά παράβαση των συμφωνημένων όρων βαρύνουν τον ενοικιαστή σύμφωνα με την τελική σύμβαση."",""active"":true}","{""vehiclesPageModelsSource"":""fleet"",""rentalTermsIntro"":""Στην παρακάτω σελίδα συγκεντρώνονται βασικοί όροι, προϋποθέσεις και πολιτικές της ενοικίασης με μορφή εύκολη για ανάγνωση και ενημέρωση από το backroom."",""nightEndHour"":8,""bookingCanceledTriggerId"":"""",""defaultDeposit"":0,""companyPhone"":""+30 2310 000 000"",""companyAddress"":""Θεσσαλονίκη, Ελλάδα"",""_id"":""a5128991-cf12-4a62-bcde-64e77309b454"",""insuranceTermsBody"":""Η βασική κάλυψη αφορά την τυπική συμμετοχή του ενοικιαστή σύμφωνα με τους όρους της εταιρίας. Οι επιπλέον καλύψεις μειώνουν ή περιορίζουν την ευθύνη ανάλογα με το πρόγραμμα που θα επιλεγεί. Πριν από την τελική παράδοση του οχήματος, η ομάδα μας επιβεβαιώνει ξανά τις καλύψεις, τις εξαιρέσεις και το ύψος της συμμετοχής. Δεν καλύπτονται περιστατικά που προκύπτουν από παραβίαση του ΚΟΚ, οδήγηση υπό επήρεια, μη εξουσιοδοτημένο οδηγό, απώλεια κλειδιών ή εγγράφων και χρήση του οχήματος εκτός των συμφωνημένων όρων. Οι πληροφορίες της σελίδας έχουν ενημερωτικό χαρακτήρα και υπερισχύουν οι τελικοί όροι που επιβεβαιώνονται από την εταιρία πριν την παραλαβή."",""_owner"":""284e089f-48c1-4969-b018-a9add65901a8"",""_createdDate"":""2026-03-15T14:21:47.499Z"",""insuranceTermsIntro"":""Οι ασφαλιστικές επιλογές και οι σχετικοί όροι παρουσιάζονται με απλό τρόπο πριν από την ολοκλήρωση της κράτησης."",""insuranceDetailsTitle"":""Λεπτομέρειες ασφαλιστικών επιλογών"",""insuranceDetailsIntro"":""Παρακάτω βλέπεις συνοπτικά τις επιλογές κάλυψης που χρησιμοποιούνται στο front booking flow."",""insuranceDetailsBody"":""Το CDW αποτελεί τη βασική κάλυψη χωρίς επιπλέον ημερήσια χρέωση. Το SCDW μειώνει περαιτέρω την οικονομική έκθεση του οδηγού, ενώ το FULL παρέχει την πιο ενισχυμένη επιλογή προστασίας που εμφανίζεται στο backroom και στο booking flow. Για κάθε κράτηση, το τελικό πρόγραμμα ασφάλισης, οι χρεώσεις και οι εξαιρέσεις επιβεβαιώνονται από την ομάδα μας πριν από την παράδοση."",""rentalPrivacyBody"":""Τα προσωπικά δεδομένα χρησιμοποιούνται αποκλειστικά για την εξυπηρέτηση της κράτησης, την επικοινωνία με τον πελάτη και την εκπλήρωση νομικών ή φορολογικών υποχρεώσεων της εταιρίας. Για ειδικά αιτήματα, διορθώσεις στοιχείων ή απορίες σχετικά με την επεξεργασία δεδομένων, ο πελάτης μπορεί να επικοινωνεί με την εταιρία στα διαθέσιμα στοιχεία επικοινωνίας."",""nightStartHour"":22,""_updatedDate"":""2026-03-18T08:28:29.100Z"",""allowOverbooking"":true,""companyName"":""DIAMOND Rent A Car"",""insuranceTermsTitle"":""Όροι και λεπτομέρειες ασφαλειών"",""rentalTermsTitle"":""Όροι ενοικίασης και πολιτικές"",""companyCity"":""Thessaloniki"",""bookingConfirmedTriggerId"":"""",""currency"":""EUR"",""footerNote"":""Επαγγελματική εμπειρία ενοικίασης οχήματος με καθαρή ροή κράτησης, ξεκάθαρη τιμολόγηση και προσωπική επιβεβαίωση."",""title"":""Default business settings"",""companyEmail"":""info@diamondrentacar.gr"",""companyTagline"":""Ενοικίαση οχημάτων στη Θεσσαλονίκη με καθαρή διαδικασία και γρήγορη επιβεβαίωση."",""rentalTermsBody"":""Η ενοικίαση ολοκληρώνεται μόνο μετά από επιβεβαίωση της διαθεσιμότητας από την εταιρία και έλεγχο των στοιχείων του οδηγού. Η εταιρία διατηρεί το δικαίωμα να προτείνει ισοδύναμο όχημα ίδιας ή ανώτερης κατηγορίας όταν αυτό απαιτηθεί από λειτουργικούς λόγους, χωρίς πρόσθετη χρέωση για τον πελάτη."",""vatRate"":24,""rentalRequirementsBody"":""Ο κύριος οδηγός οφείλει να διαθέτει ισχύουσα άδεια οδήγησης, ταυτότητα ή διαβατήριο και κάρτα ή άλλο μέσο πληρωμής αποδεκτό από την εταιρία. Ελάχιστη ηλικία, έτη κατοχής διπλώματος, εγγύηση και τυχόν επασφάλιστρα εξαρτώνται από την κατηγορία οχήματος και την τελική επιβεβαίωση της κράτησης."",""vehiclesPageDisplayMode"":""models"",""enableTriggeredEmails"":false,""rentalPoliciesBody"":""Η πολιτική καυσίμου, οι ώρες παράδοσης και παραλαβής, οι χρεώσεις εκτός ωραρίου, οι ακυρώσεις, οι καθυστερήσεις και οι όροι επέκτασης της μίσθωσης επιβεβαιώνονται πριν την παράδοση. Τυχόν ζημιές, πρόστιμα, απώλειες εξοπλισμού ή χρήση του οχήματος κατά παράβαση των συμφωνημένων όρων βαρύνουν τον ενοικιαστή σύμφωνα με την τελική σύμβαση."",""active"":true}","ckatz1995@gmail.com","Nik nik",2026-03-18T08:28:29Z,2027-03-18T08:28:29Z
,"e195bbca-1bc7-4075-a0bf-ed9e1600e637",2026-03-17T11:30:41Z,2026-03-17T11:30:41Z,"48ba7aa5-ed2b-43d2-bdd7-6596e6ec75a8","pricing.businessSettings","a5128991-cf12-4a62-bcde-64e77309b454","pricing.saveBusinessSettings","Ενημέρωση business settings","{""rentalTermsIntro"":""Στην παρακάτω σελίδα συγκεντρώνονται βασικοί όροι, προϋποθέσεις και πολιτικές της ενοικίασης με μορφή εύκολη για ανάγνωση και ενημέρωση από το backroom."",""nightEndHour"":8,""bookingCanceledTriggerId"":"""",""defaultDeposit"":0,""companyPhone"":""+30 2310 000 000"",""companyAddress"":""Θεσσαλονίκη, Ελλάδα"",""_id"":""a5128991-cf12-4a62-bcde-64e77309b454"",""insuranceTermsBody"":""Η βασική κάλυψη αφορά την τυπική συμμετοχή του ενοικιαστή σύμφωνα με τους όρους της εταιρίας. Οι επιπλέον καλύψεις μειώνουν ή περιορίζουν την ευθύνη ανάλογα με το πρόγραμμα που θα επιλεγεί. Πριν από την τελική παράδοση του οχήματος, η ομάδα μας επιβεβαιώνει ξανά τις καλύψεις, τις εξαιρέσεις και το ύψος της συμμετοχής. Δεν καλύπτονται περιστατικά που προκύπτουν από παραβίαση του ΚΟΚ, οδήγηση υπό επήρεια, μη εξουσιοδοτημένο οδηγό, απώλεια κλειδιών ή εγγράφων και χρήση του οχήματος εκτός των συμφωνημένων όρων. Οι πληροφορίες της σελίδας έχουν ενημερωτικό χαρακτήρα και υπερισχύουν οι τελικοί όροι που επιβεβαιώνονται από την εταιρία πριν την παραλαβή."",""_owner"":""284e089f-48c1-4969-b018-a9add65901a8"",""_createdDate"":""2026-03-15T14:21:47.499Z"",""insuranceTermsIntro"":""Οι ασφαλιστικές επιλογές και οι σχετικοί όροι παρουσιάζονται με απλό τρόπο πριν από την ολοκλήρωση της κράτησης."",""insuranceDetailsTitle"":""Λεπτομέρειες ασφαλιστικών επιλογών"",""insuranceDetailsIntro"":""Παρακάτω βλέπεις συνοπτικά τις επιλογές κάλυψης που χρησιμοποιούνται στο front booking flow."",""insuranceDetailsBody"":""Το CDW αποτελεί τη βασική κάλυψη χωρίς επιπλέον ημερήσια χρέωση. Το SCDW μειώνει περαιτέρω την οικονομική έκθεση του οδηγού, ενώ το FULL παρέχει την πιο ενισχυμένη επιλογή προστασίας που εμφανίζεται στο backroom και στο booking flow. Για κάθε κράτηση, το τελικό πρόγραμμα ασφάλισης, οι χρεώσεις και οι εξαιρέσεις επιβεβαιώνονται από την ομάδα μας πριν από την παράδοση."",""rentalPrivacyBody"":""Τα προσωπικά δεδομένα χρησιμοποιούνται αποκλειστικά για την εξυπηρέτηση της κράτησης, την επικοινωνία με τον πελάτη και την εκπλήρωση νομικών ή φορολογικών υποχρεώσεων της εταιρίας. Για ειδικά αιτήματα, διορθώσεις στοιχείων ή απορίες σχετικά με την επεξεργασία δεδομένων, ο πελάτης μπορεί να επικοινωνεί με την εταιρία στα διαθέσιμα στοιχεία επικοινωνίας."",""nightStartHour"":22,""_updatedDate"":""2026-03-17T11:30:16.019Z"",""allowOverbooking"":true,""companyName"":""DIAMOND Rent A Car"",""insuranceTermsTitle"":""Όροι και λεπτομέρειες ασφαλειών"",""rentalTermsTitle"":""Όροι ενοικίασης και πολιτικές"",""companyCity"":""Thessaloniki"",""bookingConfirmedTriggerId"":"""",""currency"":""EUR"",""footerNote"":""Επαγγελματική εμπειρία ενοικίασης οχήματος με καθαρή ροή κράτησης, ξεκάθαρη τιμολόγηση και προσωπική επιβεβαίωση."",""title"":""Default business settings"",""companyEmail"":""info@diamondrentacar.gr"",""companyTagline"":""Ενοικίαση οχημάτων στη Θεσσαλονίκη με καθαρή διαδικασία και γρήγορη επιβεβαίωση."",""rentalTermsBody"":""Η ενοικίαση ολοκληρώνεται μόνο μετά από επιβεβαίωση της διαθεσιμότητας από την εταιρία και έλεγχο των στοιχείων του οδηγού. Η εταιρία διατηρεί το δικαίωμα να προτείνει ισοδύναμο όχημα ίδιας ή ανώτερης κατηγορίας όταν αυτό απαιτηθεί από λειτουργικούς λόγους, χωρίς πρόσθετη χρέωση για τον πελάτη."",""vatRate"":24,""rentalRequirementsBody"":""Ο κύριος οδηγός οφείλει να διαθέτει ισχύουσα άδεια οδήγησης, ταυτότητα ή διαβατήριο και κάρτα ή άλλο μέσο πληρωμής αποδεκτό από την εταιρία. Ελάχιστη ηλικία, έτη κατοχής διπλώματος, εγγύηση και τυχόν επασφάλιστρα εξαρτώνται από την κατηγορία οχήματος και την τελική επιβεβαίωση της κράτησης."",""rentalPoliciesBody"":""Η πολιτική καυσίμου, οι ώρες παράδοσης και παραλαβής, οι χρεώσεις εκτός ωραρίου, οι ακυρώσεις, οι καθυστερήσεις και οι όροι επέκτασης της μίσθωσης επιβεβαιώνονται πριν την παράδοση. Τυχόν ζημιές, πρόστιμα, απώλειες εξοπλισμού ή χρήση του οχήματος κατά παράβαση των συμφωνημένων όρων βαρύνουν τον ενοικιαστή σύμφωνα με την τελική σύμβαση."",""active"":true}","{""rentalTermsIntro"":""Στην παρακάτω σελίδα συγκεντρώνονται βασικοί όροι, προϋποθέσεις και πολιτικές της ενοικίασης με μορφή εύκολη για ανάγνωση και ενημέρωση από το backroom."",""nightEndHour"":8,""bookingCanceledTriggerId"":"""",""defaultDeposit"":0,""companyPhone"":""+30 2310 000 000"",""companyAddress"":""Θεσσαλονίκη, Ελλάδα"",""_id"":""a5128991-cf12-4a62-bcde-64e77309b454"",""insuranceTermsBody"":""Η βασική κάλυψη αφορά την τυπική συμμετοχή του ενοικιαστή σύμφωνα με τους όρους της εταιρίας. Οι επιπλέον καλύψεις μειώνουν ή περιορίζουν την ευθύνη ανάλογα με το πρόγραμμα που θα επιλεγεί. Πριν από την τελική παράδοση του οχήματος, η ομάδα μας επιβεβαιώνει ξανά τις καλύψεις, τις εξαιρέσεις και το ύψος της συμμετοχής. Δεν καλύπτονται περιστατικά που προκύπτουν από παραβίαση του ΚΟΚ, οδήγηση υπό επήρεια, μη εξουσιοδοτημένο οδηγό, απώλεια κλειδιών ή εγγράφων και χρήση του οχήματος εκτός των συμφωνημένων όρων. Οι πληροφορίες της σελίδας έχουν ενημερωτικό χαρακτήρα και υπερισχύουν οι τελικοί όροι που επιβεβαιώνονται από την εταιρία πριν την παραλαβή."",""_owner"":""284e089f-48c1-4969-b018-a9add65901a8"",""_createdDate"":""2026-03-15T14:21:47.499Z"",""insuranceTermsIntro"":""Οι ασφαλιστικές επιλογές και οι σχετικοί όροι παρουσιάζονται με απλό τρόπο πριν από την ολοκλήρωση της κράτησης."",""insuranceDetailsTitle"":""Λεπτομέρειες ασφαλιστικών επιλογών"",""insuranceDetailsIntro"":""Παρακάτω βλέπεις συνοπτικά τις επιλογές κάλυψης που χρησιμοποιούνται στο front booking flow."",""insuranceDetailsBody"":""Το CDW αποτελεί τη βασική κάλυψη χωρίς επιπλέον ημερήσια χρέωση. Το SCDW μειώνει περαιτέρω την οικονομική έκθεση του οδηγού, ενώ το FULL παρέχει την πιο ενισχυμένη επιλογή προστασίας που εμφανίζεται στο backroom και στο booking flow. Για κάθε κράτηση, το τελικό πρόγραμμα ασφάλισης, οι χρεώσεις και οι εξαιρέσεις επιβεβαιώνονται από την ομάδα μας πριν από την παράδοση."",""rentalPrivacyBody"":""Τα προσωπικά δεδομένα χρησιμοποιούνται αποκλειστικά για την εξυπηρέτηση της κράτησης, την επικοινωνία με τον πελάτη και την εκπλήρωση νομικών ή φορολογικών υποχρεώσεων της εταιρίας. Για ειδικά αιτήματα, διορθώσεις στοιχείων ή απορίες σχετικά με την επεξεργασία δεδομένων, ο πελάτης μπορεί να επικοινωνεί με την εταιρία στα διαθέσιμα στοιχεία επικοινωνίας."",""nightStartHour"":22,""_updatedDate"":""2026-03-17T11:30:41.535Z"",""allowOverbooking"":true,""companyName"":""DIAMOND Rent A Car"",""insuranceTermsTitle"":""Όροι και λεπτομέρειες ασφαλειών"",""rentalTermsTitle"":""Όροι ενοικίασης και πολιτικές"",""companyCity"":""Thessaloniki"",""bookingConfirmedTriggerId"":"""",""currency"":""EUR"",""footerNote"":""Επαγγελματική εμπειρία ενοικίασης οχήματος με καθαρή ροή κράτησης, ξεκάθαρη τιμολόγηση και προσωπική επιβεβαίωση."",""title"":""Default business settings"",""companyEmail"":""info@diamondrentacar.gr"",""companyTagline"":""Ενοικίαση οχημάτων στη Θεσσαλονίκη με καθαρή διαδικασία και γρήγορη επιβεβαίωση."",""rentalTermsBody"":""Η ενοικίαση ολοκληρώνεται μόνο μετά από επιβεβαίωση της διαθεσιμότητας από την εταιρία και έλεγχο των στοιχείων του οδηγού. Η εταιρία διατηρεί το δικαίωμα να προτείνει ισοδύναμο όχημα ίδιας ή ανώτερης κατηγορίας όταν αυτό απαιτηθεί από λειτουργικούς λόγους, χωρίς πρόσθετη χρέωση για τον πελάτη."",""vatRate"":24,""rentalRequirementsBody"":""Ο κύριος οδηγός οφείλει να διαθέτει ισχύουσα άδεια οδήγησης, ταυτότητα ή διαβατήριο και κάρτα ή άλλο μέσο πληρωμής αποδεκτό από την εταιρία. Ελάχιστη ηλικία, έτη κατοχής διπλώματος, εγγύηση και τυχόν επασφάλιστρα εξαρτώνται από την κατηγορία οχήματος και την τελική επιβεβαίωση της κράτησης."",""rentalPoliciesBody"":""Η πολιτική καυσίμου, οι ώρες παράδοσης και παραλαβής, οι χρεώσεις εκτός ωραρίου, οι ακυρώσεις, οι καθυστερήσεις και οι όροι επέκτασης της μίσθωσης επιβεβαιώνονται πριν την παράδοση. Τυχόν ζημιές, πρόστιμα, απώλειες εξοπλισμού ή χρήση του οχήματος κατά παράβαση των συμφωνημένων όρων βαρύνουν τον ενοικιαστή σύμφωνα με την τελική σύμβαση."",""active"":true}","ckatz1995@gmail.com","Nik nik",2026-03-17T11:30:41Z,2027-03-17T11:30:41Z
,"e364685f-b880-48bf-87ee-5978223f5226",2026-05-24T10:17:32Z,2026-05-24T10:17:32Z,"48ba7aa5-ed2b-43d2-bdd7-6596e6ec75a8","staffAuth","ckatz1995@gmail.com","loginSuccess","Backroom login",,,"ckatz1995@gmail.com","Nik nik",2026-05-24T10:17:32Z,2027-05-24T10:17:32Z
,"e3ad6ad0-edc8-45ce-8ca3-461076e49795",2026-03-17T12:27:58Z,2026-03-17T12:27:58Z,"48ba7aa5-ed2b-43d2-bdd7-6596e6ec75a8","pricing.pickupLocation","city_center_office","pricing.update","Ενημέρωση τοποθεσία Κέντρο Θεσσαλονίκης","{""description"":""Παραλαβή / παράδοση από το κεντρικό σημείο εξυπηρέτησης."",""_id"":""76292b47-aa70-4389-8f31-b37aed9d374b"",""_owner"":""4139a8c1-c961-498e-9512-465437a7bf6c"",""_createdDate"":""2026-03-16T07:43:52.892Z"",""mapUrl"":"""",""publicVisible"":true,""label"":""Κέντρο Θεσσαλονίκης"",""_updatedDate"":""2026-03-17T12:26:27.301Z"",""key"":""city_center_office"",""extraFee"":25,""sortOrder"":2,""address"":""Θεσσαλονίκη, Κέντρο"",""locationType"":""pickup"",""active"":true}","{""description"":""Παραλαβή / παράδοση από το κεντρικό σημείο εξυπηρέτησης."",""_id"":""76292b47-aa70-4389-8f31-b37aed9d374b"",""_owner"":""4139a8c1-c961-498e-9512-465437a7bf6c"",""_createdDate"":""2026-03-16T07:43:52.892Z"",""mapUrl"":"""",""publicVisible"":true,""label"":""Κέντρο Θεσσαλονίκης"",""_updatedDate"":""2026-03-17T12:27:57.931Z"",""key"":""city_center_office"",""extraFee"":25,""sortOrder"":20,""address"":""Θεσσαλονίκη, Κέντρο"",""locationType"":""pickup"",""active"":true}","ckatz1995@gmail.com","Nik nik",2026-03-17T12:27:58Z,2027-03-17T12:27:58Z
,"e4102f61-0677-4523-90ed-2486eafc5382",2026-03-15T16:03:14Z,2026-03-15T16:03:14Z,"4139a8c1-c961-498e-9512-465437a7bf6c","staffAuth","ckatz1995@gmail.com","loginSuccess","Backroom login",,,"ckatz1995@gmail.com","Nik nik",2026-03-15T16:03:14Z,2027-03-15T16:03:14Z
,"e466ac17-72c7-4d7c-84ed-d38de64fe2ac",2026-03-16T15:38:49Z,2026-03-16T15:38:49Z,"48ba7aa5-ed2b-43d2-bdd7-6596e6ec75a8","pricing.extra","thirddriver","pricing.update","Ενημέρωση extra service Τρίτος οδηγός","{""description"":""Ο δεύτερος οδηγός παρέχεται από την εταιρία μας δωρεάν"",""_id"":""58c0ff56-91dd-446a-80c4-10f9b855bb62"",""_owner"":""4139a8c1-c961-498e-9512-465437a7bf6c"",""_createdDate"":""2026-03-15T17:21:24.976Z"",""billingMode"":""perDay"",""price"":5,""publicVisible"":true,""label"":""Τρίτος οδηγός"",""_updatedDate"":""2026-03-16T15:33:24.842Z"",""key"":""thirddriver"",""sortOrder"":4,""title"":""Τρίτος οδηγός"",""active"":true}","{""description"":""Ο δεύτερος οδηγός παρέχεται από την εταιρία μας δωρεάν!"",""_id"":""58c0ff56-91dd-446a-80c4-10f9b855bb62"",""_owner"":""4139a8c1-c961-498e-9512-465437a7bf6c"",""_createdDate"":""2026-03-15T17:21:24.976Z"",""billingMode"":""perDay"",""price"":5,""publicVisible"":true,""label"":""Τρίτος οδηγός"",""_updatedDate"":""2026-03-16T15:38:48.934Z"",""key"":""thirddriver"",""sortOrder"":4,""title"":""Τρίτος οδηγός"",""active"":true}","ckatz1995@gmail.com","Nik nik",2026-03-16T15:38:49Z,2027-03-16T15:38:49Z
,"e65fb3e5-d498-4c38-951a-990ba4d7c7ba",2026-03-15T22:51:09Z,2026-03-15T22:51:09Z,"4139a8c1-c961-498e-9512-465437a7bf6c","pricing.categoryRateRule","a_low_4_7","pricing.update","Ενημέρωση rate rule A Low 4-7","{""minDays"":4,""seasonKey"":""low_season"",""description"":""Κατηγορία A / Low Season / 4-7 ημέρες"",""_id"":""1fbc2084-ed14-40cb-abf9-2b1795fdedeb"",""_owner"":""284e089f-48c1-4969-b018-a9add65901a8"",""_createdDate"":""2026-03-15T22:38:33.715Z"",""publicVisible"":true,""label"":""A Low 4-7"",""_updatedDate"":""2026-03-15T22:49:34.558Z"",""key"":""a_low_4_7"",""pricePerDay"":19,""sortOrder"":20,""maxDays"":7,""vehicleCategoryId"":""46362b25-3bbb-4d22-826d-48ae404e5e85"",""categoryCode"":""A"",""active"":true}","{""minDays"":4,""seasonKey"":""low_season"",""description"":""Κατηγορία A / Low Season / 4-7 ημέρες"",""_id"":""1fbc2084-ed14-40cb-abf9-2b1795fdedeb"",""_owner"":""284e089f-48c1-4969-b018-a9add65901a8"",""_createdDate"":""2026-03-15T22:38:33.715Z"",""publicVisible"":true,""label"":""A Low 4-7"",""_updatedDate"":""2026-03-15T22:51:09.796Z"",""key"":""a_low_4_7"",""pricePerDay"":18,""sortOrder"":20,""maxDays"":7,""vehicleCategoryId"":""46362b25-3bbb-4d22-826d-48ae404e5e85"",""categoryCode"":""A"",""active"":true}","ckatz1995@gmail.com","Nik nik",2026-03-15T22:51:09Z,2027-03-15T22:51:09Z
,"e7368c6a-c173-47eb-a4c9-409863a9462d",2026-03-16T10:56:15Z,2026-03-16T10:56:15Z,"4139a8c1-c961-498e-9512-465437a7bf6c","pricing.pickupLocation","city_center_office","pricing.update","Ενημέρωση τοποθεσία Κέντρο Θεσσαλονίκης 1","{""description"":""Παραλαβή / παράδοση από το κεντρικό σημείο εξυπηρέτησης."",""_id"":""fe8e4bc4-9b1b-4dba-9369-d83ac7a68271"",""_owner"":""284e089f-48c1-4969-b018-a9add65901a8"",""_createdDate"":""2026-03-15T22:56:27.551Z"",""mapUrl"":"""",""publicVisible"":false,""label"":""Κέντρο Θεσσαλονίκης 1"",""_updatedDate"":""2026-03-16T10:55:41.561Z"",""key"":""city_center_office"",""extraFee"":22,""sortOrder"":20,""address"":""Θεσσαλονίκη, Κέντρο"",""locationType"":""both"",""active"":true}","{""description"":""Παραλαβή / παράδοση από το κεντρικό σημείο εξυπηρέτησης."",""_id"":""fe8e4bc4-9b1b-4dba-9369-d83ac7a68271"",""_owner"":""284e089f-48c1-4969-b018-a9add65901a8"",""_createdDate"":""2026-03-15T22:56:27.551Z"",""mapUrl"":"""",""publicVisible"":false,""label"":""Κέντρο Θεσσαλονίκης 1"",""_updatedDate"":""2026-03-16T10:56:14.778Z"",""key"":""city_center_office"",""extraFee"":22,""sortOrder"":20,""address"":""Θεσσαλονίκη, Κέντρο"",""locationType"":""both"",""active"":false}","ckatz1995@gmail.com","Nik nik",2026-03-16T10:56:15Z,2027-03-16T10:56:15Z
,"e774ab42-a684-47e1-bf62-de21c54b05ea",2026-03-16T11:38:11Z,2026-03-16T11:38:11Z,"4139a8c1-c961-498e-9512-465437a7bf6c","pricing.businessSettings","a5128991-cf12-4a62-bcde-64e77309b454","pricing.resetDefaults","Reset business settings στα defaults","{""nightEndHour"":8,""defaultDeposit"":0,""companyPhone"":""+30 2310 000 001"",""companyAddress"":""Θεσσαλονίκη, Ελλάδα"",""_id"":""a5128991-cf12-4a62-bcde-64e77309b454"",""insuranceTermsBody"":""Η βασική κάλυψη αφορά την τυπική συμμετοχή του ενοικιαστή σύμφωνα με τους όρους της εταιρίας. Οι επιπλέον καλύψεις μειώνουν ή περιορίζουν την ευθύνη ανάλογα με το πρόγραμμα που θα επιλεγεί. Πριν από την τελική παράδοση του οχήματος, η ομάδα μας επιβεβαιώνει ξανά τις καλύψεις, τις εξαιρέσεις και το ύψος της συμμετοχής. Δεν καλύπτονται περιστατικά που προκύπτουν από παραβίαση του ΚΟΚ, οδήγηση υπό επήρεια, μη εξουσιοδοτημένο οδηγό, απώλεια κλειδιών ή εγγράφων και χρήση του οχήματος εκτός των συμφωνημένων όρων. Οι πληροφορίες της σελίδας έχουν ενημερωτικό χαρακτήρα και υπερισχύουν οι τελικοί όροι που επιβεβαιώνονται από την εταιρία πριν την παραλαβή."",""_owner"":""284e089f-48c1-4969-b018-a9add65901a8"",""_createdDate"":""2026-03-15T14:21:47.499Z"",""insuranceTermsIntro"":""Οι ασφαλιστικές επιλογές και οι σχετικοί όροι παρουσιάζονται με απλό τρόπο πριν από την ολοκλήρωση της κράτησης."",""insuranceDetailsTitle"":""Λεπτομέρειες ασφαλιστικών επιλογών"",""insuranceDetailsIntro"":""Παρακάτω βλέπεις συνοπτικά τις επιλογές κάλυψης που χρησιμοποιούνται στο front booking flow."",""insuranceDetailsBody"":""Το CDW αποτελεί τη βασική κάλυψη χωρίς επιπλέον ημερήσια χρέωση. Το SCDW μειώνει περαιτέρω την οικονομική έκθεση του οδηγού, ενώ το FULL παρέχει την πιο ενισχυμένη επιλογή προστασίας που εμφανίζεται στο backroom και στο booking flow. Για κάθε κράτηση, το τελικό πρόγραμμα ασφάλισης, οι χρεώσεις και οι εξαιρέσεις επιβεβαιώνονται από την ομάδα μας πριν από την παράδοση."",""nightStartHour"":22,""_updatedDate"":""2026-03-16T11:37:58.807Z"",""companyName"":""DIAMOND Rent A Car 1"",""insuranceTermsTitle"":""Όροι και λεπτομέρειες ασφαλειών"",""companyCity"":""Thessaloniki"",""currency"":""EUR"",""footerNote"":""Επαγγελματική εμπειρία ενοικίασης οχήματος με καθαρή ροή κράτησης, ξεκάθαρη τιμολόγηση και προσωπική επιβεβαίωση."",""title"":""Default business settings"",""companyEmail"":""info@diamondrentacar.gr"",""companyTagline"":""Ενοικίαση οχημάτων στη Θεσσαλονίκη με καθαρή διαδικασία και γρήγορη επιβεβαίωση."",""vatRate"":24,""active"":true}","{""nightEndHour"":8,""defaultDeposit"":0,""companyPhone"":""+30 2310 000 001"",""companyAddress"":""Θεσσαλονίκη, Ελλάδα"",""_id"":""a5128991-cf12-4a62-bcde-64e77309b454"",""insuranceTermsBody"":""Η βασική κάλυψη αφορά την τυπική συμμετοχή του ενοικιαστή σύμφωνα με τους όρους της εταιρίας. Οι επιπλέον καλύψεις μειώνουν ή περιορίζουν την ευθύνη ανάλογα με το πρόγραμμα που θα επιλεγεί. Πριν από την τελική παράδοση του οχήματος, η ομάδα μας επιβεβαιώνει ξανά τις καλύψεις, τις εξαιρέσεις και το ύψος της συμμετοχής. Δεν καλύπτονται περιστατικά που προκύπτουν από παραβίαση του ΚΟΚ, οδήγηση υπό επήρεια, μη εξουσιοδοτημένο οδηγό, απώλεια κλειδιών ή εγγράφων και χρήση του οχήματος εκτός των συμφωνημένων όρων. Οι πληροφορίες της σελίδας έχουν ενημερωτικό χαρακτήρα και υπερισχύουν οι τελικοί όροι που επιβεβαιώνονται από την εταιρία πριν την παραλαβή."",""_owner"":""284e089f-48c1-4969-b018-a9add65901a8"",""_createdDate"":""2026-03-15T14:21:47.499Z"",""insuranceTermsIntro"":""Οι ασφαλιστικές επιλογές και οι σχετικοί όροι παρουσιάζονται με απλό τρόπο πριν από την ολοκλήρωση της κράτησης."",""insuranceDetailsTitle"":""Λεπτομέρειες ασφαλιστικών επιλογών"",""insuranceDetailsIntro"":""Παρακάτω βλέπεις συνοπτικά τις επιλογές κάλυψης που χρησιμοποιούνται στο front booking flow."",""insuranceDetailsBody"":""Το CDW αποτελεί τη βασική κάλυψη χωρίς επιπλέον ημερήσια χρέωση. Το SCDW μειώνει περαιτέρω την οικονομική έκθεση του οδηγού, ενώ το FULL παρέχει την πιο ενισχυμένη επιλογή προστασίας που εμφανίζεται στο backroom και στο booking flow. Για κάθε κράτηση, το τελικό πρόγραμμα ασφάλισης, οι χρεώσεις και οι εξαιρέσεις επιβεβαιώνονται από την ομάδα μας πριν από την παράδοση."",""nightStartHour"":22,""_updatedDate"":""2026-03-16T11:38:11.114Z"",""companyName"":""DIAMOND Rent A Car 1"",""insuranceTermsTitle"":""Όροι και λεπτομέρειες ασφαλειών"",""companyCity"":""Thessaloniki"",""currency"":""EUR"",""footerNote"":""Επαγγελματική εμπειρία ενοικίασης οχήματος με καθαρή ροή κράτησης, ξεκάθαρη τιμολόγηση και προσωπική επιβεβαίωση."",""title"":""Default business settings"",""companyEmail"":""info@diamondrentacar.gr"",""companyTagline"":""Ενοικίαση οχημάτων στη Θεσσαλονίκη με καθαρή διαδικασία και γρήγορη επιβεβαίωση."",""vatRate"":24,""active"":true}","ckatz1995@gmail.com","Nik nik",2026-03-16T11:38:11Z,2027-03-16T11:38:11Z
,"e7d07c26-603c-4a27-9bf9-33d5337b7360",2026-03-16T17:01:20Z,2026-03-16T17:01:20Z,"48ba7aa5-ed2b-43d2-bdd7-6596e6ec75a8","pricing.extra","snow_chains","pricing.update","Ενημέρωση extra service Αλυσίδες Χιονιού","{""description"":""."",""_id"":""d7f5c08f-3975-4744-85b1-a299b3c144a4"",""_owner"":""48ba7aa5-ed2b-43d2-bdd7-6596e6ec75a8"",""_createdDate"":""2026-03-16T15:21:51.480Z"",""billingMode"":""perBooking"",""price"":30,""publicVisible"":true,""label"":""Αλυσίδες Χιονιού"",""_updatedDate"":""2026-03-16T16:13:25.032Z"",""key"":""snow_chains"",""sortOrder"":6,""title"":""Αλυσίδες Χιονιού"",""active"":true}","{""description"":"""",""_id"":""d7f5c08f-3975-4744-85b1-a299b3c144a4"",""_owner"":""48ba7aa5-ed2b-43d2-bdd7-6596e6ec75a8"",""_createdDate"":""2026-03-16T15:21:51.480Z"",""billingMode"":""perBooking"",""price"":30,""publicVisible"":true,""label"":""Αλυσίδες Χιονιού"",""_updatedDate"":""2026-03-16T17:01:20.452Z"",""key"":""snow_chains"",""sortOrder"":6,""title"":""Αλυσίδες Χιονιού"",""active"":true}","ckatz1995@gmail.com","Nik nik",2026-03-16T17:01:20Z,2027-03-16T17:01:20Z
,"e7ed7ff0-d0a3-4451-8879-c3c3ff31da9f",2026-03-29T22:41:28Z,2026-03-29T22:41:28Z,"48ba7aa5-ed2b-43d2-bdd7-6596e6ec75a8","staffAuth","ckatz1995@gmail.com","loginSuccess","Backroom login",,,"ckatz1995@gmail.com","Nik nik",2026-03-29T22:41:28Z,2027-03-29T22:41:28Z
,"e8873fc7-7e0e-44db-b07d-fbf89caa57b3",2026-03-16T15:33:28Z,2026-03-16T15:33:28Z,"48ba7aa5-ed2b-43d2-bdd7-6596e6ec75a8","pricing.extra","thirddriver","pricing.update","Ενημέρωση extra service Τρίτος οδηγός","{""description"":""Ο δεύτερος οδηγός παρέχεται από την εταιρία μας δωρεάν!"",""_id"":""58c0ff56-91dd-446a-80c4-10f9b855bb62"",""_owner"":""4139a8c1-c961-498e-9512-465437a7bf6c"",""_createdDate"":""2026-03-15T17:21:24.976Z"",""billingMode"":""perDay"",""price"":5,""publicVisible"":true,""label"":""Τρίτος οδηγός"",""_updatedDate"":""2026-03-16T15:32:28.837Z"",""key"":""thirddriver"",""sortOrder"":4,""title"":""Τρίτος οδηγός"",""active"":true}","{""description"":""Ο δεύτερος οδηγός παρέχεται από την εταιρία μας δωρεάν"",""_id"":""58c0ff56-91dd-446a-80c4-10f9b855bb62"",""_owner"":""4139a8c1-c961-498e-9512-465437a7bf6c"",""_createdDate"":""2026-03-15T17:21:24.976Z"",""billingMode"":""perDay"",""price"":5,""publicVisible"":true,""label"":""Τρίτος οδηγός"",""_updatedDate"":""2026-03-16T15:33:24.842Z"",""key"":""thirddriver"",""sortOrder"":4,""title"":""Τρίτος οδηγός"",""active"":true}","ckatz1995@gmail.com","Nik nik",2026-03-16T15:33:24Z,2027-03-16T15:33:24Z
,"e928a3f3-a6a3-4888-8e0a-b2cc88eba5fd",2026-03-18T22:22:11Z,2026-03-18T22:22:11Z,"4139a8c1-c961-498e-9512-465437a7bf6c","pricing.businessSettings","a5128991-cf12-4a62-bcde-64e77309b454","pricing.saveBusinessSettings","Ενημέρωση business settings","{""vehiclesPageModelsSource"":""fleet"",""rentalTermsIntro"":""Στην παρακάτω σελίδα συγκεντρώνονται βασικοί όροι, προϋποθέσεις και πολιτικές της ενοικίασης με μορφή εύκολη για ανάγνωση και ενημέρωση από το backroom."",""nightEndHour"":0,""bookingCanceledTriggerId"":"""",""defaultDeposit"":0,""companyPhone"":""+30 2310 000 000"",""companyAddress"":""Θεσσαλονίκη, Ελλάδα"",""_id"":""a5128991-cf12-4a62-bcde-64e77309b454"",""insuranceTermsBody"":""Η βασική κάλυψη αφορά την τυπική συμμετοχή του ενοικιαστή σύμφωνα με τους όρους της εταιρίας. Οι επιπλέον καλύψεις μειώνουν ή περιορίζουν την ευθύνη ανάλογα με το πρόγραμμα που θα επιλεγεί. Πριν από την τελική παράδοση του οχήματος, η ομάδα μας επιβεβαιώνει ξανά τις καλύψεις, τις εξαιρέσεις και το ύψος της συμμετοχής. Δεν καλύπτονται περιστατικά που προκύπτουν από παραβίαση του ΚΟΚ, οδήγηση υπό επήρεια, μη εξουσιοδοτημένο οδηγό, απώλεια κλειδιών ή εγγράφων και χρήση του οχήματος εκτός των συμφωνημένων όρων. Οι πληροφορίες της σελίδας έχουν ενημερωτικό χαρακτήρα και υπερισχύουν οι τελικοί όροι που επιβεβαιώνονται από την εταιρία πριν την παραλαβή."",""_owner"":""284e089f-48c1-4969-b018-a9add65901a8"",""_createdDate"":""2026-03-15T14:21:47.499Z"",""insuranceTermsIntro"":""Οι ασφαλιστικές επιλογές και οι σχετικοί όροι παρουσιάζονται με απλό τρόπο πριν από την ολοκλήρωση της κράτησης."",""insuranceDetailsTitle"":""Λεπτομέρειες ασφαλιστικών επιλογών"",""insuranceDetailsIntro"":""Παρακάτω βλέπεις συνοπτικά τις επιλογές κάλυψης που χρησιμοποιούνται στο front booking flow."",""insuranceDetailsBody"":""Το CDW αποτελεί τη βασική κάλυψη χωρίς επιπλέον ημερήσια χρέωση. Το SCDW μειώνει περαιτέρω την οικονομική έκθεση του οδηγού, ενώ το FULL παρέχει την πιο ενισχυμένη επιλογή προστασίας που εμφανίζεται στο backroom και στο booking flow. Για κάθε κράτηση, το τελικό πρόγραμμα ασφάλισης, οι χρεώσεις και οι εξαιρέσεις επιβεβαιώνονται από την ομάδα μας πριν από την παράδοση."",""rentalPrivacyBody"":""Τα προσωπικά δεδομένα χρησιμοποιούνται αποκλειστικά για την εξυπηρέτηση της κράτησης, την επικοινωνία με τον πελάτη και την εκπλήρωση νομικών ή φορολογικών υποχρεώσεων της εταιρίας. Για ειδικά αιτήματα, διορθώσεις στοιχείων ή απορίες σχετικά με την επεξεργασία δεδομένων, ο πελάτης μπορεί να επικοινωνεί με την εταιρία στα διαθέσιμα στοιχεία επικοινωνίας."",""nightStartHour"":0,""_updatedDate"":""2026-03-18T22:18:38.843Z"",""allowOverbooking"":true,""companyName"":""DIAMOND Rent A Car"",""insuranceTermsTitle"":""Όροι και λεπτομέρειες ασφαλειών"",""rentalTermsTitle"":""Όροι ενοικίασης και πολιτικές"",""companyCity"":""Thessaloniki"",""bookingConfirmedTriggerId"":"""",""currency"":""EUR"",""footerNote"":""Επαγγελματική εμπειρία ενοικίασης οχήματος με καθαρή ροή κράτησης, ξεκάθαρη τιμολόγηση και προσωπική επιβεβαίωση."",""title"":""Business settings"",""companyEmail"":""info@diamondrentacar.gr"",""companyTagline"":""Ενοικίαση οχημάτων στη Θεσσαλονίκη με καθαρή διαδικασία και γρήγορη επιβεβαίωση."",""rentalTermsBody"":""Η ενοικίαση ολοκληρώνεται μόνο μετά από επιβεβαίωση της διαθεσιμότητας από την εταιρία και έλεγχο των στοιχείων του οδηγού. Η εταιρία διατηρεί το δικαίωμα να προτείνει ισοδύναμο όχημα ίδιας ή ανώτερης κατηγορίας όταν αυτό απαιτηθεί από λειτουργικούς λόγους, χωρίς πρόσθετη χρέωση για τον πελάτη."",""vatRate"":10,""rentalRequirementsBody"":""Ο κύριος οδηγός οφείλει να διαθέτει ισχύουσα άδεια οδήγησης, ταυτότητα ή διαβατήριο και κάρτα ή άλλο μέσο πληρωμής αποδεκτό από την εταιρία. Ελάχιστη ηλικία, έτη κατοχής διπλώματος, εγγύηση και τυχόν επασφάλιστρα εξαρτώνται από την κατηγορία οχήματος και την τελική επιβεβαίωση της κράτησης."",""vehiclesPageDisplayMode"":""categories"",""enableTriggeredEmails"":false,""rentalPoliciesBody"":""Η πολιτική καυσίμου, οι ώρες παράδοσης και παραλαβής, οι χρεώσεις εκτός ωραρίου, οι ακυρώσεις, οι καθυστερήσεις και οι όροι επέκτασης της μίσθωσης επιβεβαιώνονται πριν την παράδοση. Τυχόν ζημιές, πρόστιμα, απώλειες εξοπλισμού ή χρήση του οχήματος κατά παράβαση των συμφωνημένων όρων βαρύνουν τον ενοικιαστή σύμφωνα με την τελική σύμβαση."",""active"":true}","{""vehiclesPageModelsSource"":""fleet"",""rentalTermsIntro"":""Στην παρακάτω σελίδα συγκεντρώνονται βασικοί όροι, προϋποθέσεις και πολιτικές της ενοικίασης με μορφή εύκολη για ανάγνωση και ενημέρωση από το backroom."",""nightEndHour"":0,""bookingCanceledTriggerId"":"""",""defaultDeposit"":0,""companyPhone"":""+30 2310 000 000"",""companyAddress"":""Θεσσαλονίκη, Ελλάδα"",""_id"":""a5128991-cf12-4a62-bcde-64e77309b454"",""insuranceTermsBody"":""Η βασική κάλυψη αφορά την τυπική συμμετοχή του ενοικιαστή σύμφωνα με τους όρους της εταιρίας. Οι επιπλέον καλύψεις μειώνουν ή περιορίζουν την ευθύνη ανάλογα με το πρόγραμμα που θα επιλεγεί. Πριν από την τελική παράδοση του οχήματος, η ομάδα μας επιβεβαιώνει ξανά τις καλύψεις, τις εξαιρέσεις και το ύψος της συμμετοχής. Δεν καλύπτονται περιστατικά που προκύπτουν από παραβίαση του ΚΟΚ, οδήγηση υπό επήρεια, μη εξουσιοδοτημένο οδηγό, απώλεια κλειδιών ή εγγράφων και χρήση του οχήματος εκτός των συμφωνημένων όρων. Οι πληροφορίες της σελίδας έχουν ενημερωτικό χαρακτήρα και υπερισχύουν οι τελικοί όροι που επιβεβαιώνονται από την εταιρία πριν την παραλαβή."",""_owner"":""284e089f-48c1-4969-b018-a9add65901a8"",""_createdDate"":""2026-03-15T14:21:47.499Z"",""insuranceTermsIntro"":""Οι ασφαλιστικές επιλογές και οι σχετικοί όροι παρουσιάζονται με απλό τρόπο πριν από την ολοκλήρωση της κράτησης."",""insuranceDetailsTitle"":""Λεπτομέρειες ασφαλιστικών επιλογών"",""insuranceDetailsIntro"":""Παρακάτω βλέπεις συνοπτικά τις επιλογές κάλυψης που χρησιμοποιούνται στο front booking flow."",""insuranceDetailsBody"":""Το CDW αποτελεί τη βασική κάλυψη χωρίς επιπλέον ημερήσια χρέωση. Το SCDW μειώνει περαιτέρω την οικονομική έκθεση του οδηγού, ενώ το FULL παρέχει την πιο ενισχυμένη επιλογή προστασίας που εμφανίζεται στο backroom και στο booking flow. Για κάθε κράτηση, το τελικό πρόγραμμα ασφάλισης, οι χρεώσεις και οι εξαιρέσεις επιβεβαιώνονται από την ομάδα μας πριν από την παράδοση."",""rentalPrivacyBody"":""Τα προσωπικά δεδομένα χρησιμοποιούνται αποκλειστικά για την εξυπηρέτηση της κράτησης, την επικοινωνία με τον πελάτη και την εκπλήρωση νομικών ή φορολογικών υποχρεώσεων της εταιρίας. Για ειδικά αιτήματα, διορθώσεις στοιχείων ή απορίες σχετικά με την επεξεργασία δεδομένων, ο πελάτης μπορεί να επικοινωνεί με την εταιρία στα διαθέσιμα στοιχεία επικοινωνίας."",""nightStartHour"":0,""_updatedDate"":""2026-03-18T22:22:11.423Z"",""allowOverbooking"":true,""companyName"":""DIAMOND Rent A Car"",""insuranceTermsTitle"":""Όροι και λεπτομέρειες ασφαλειών"",""rentalTermsTitle"":""Όροι ενοικίασης και πολιτικές"",""companyCity"":""Thessaloniki"",""bookingConfirmedTriggerId"":"""",""currency"":""EUR"",""footerNote"":""Επαγγελματική εμπειρία ενοικίασης οχήματος με καθαρή ροή κράτησης, ξεκάθαρη τιμολόγηση και προσωπική επιβεβαίωση."",""title"":""Business settings"",""companyEmail"":""info@diamondrentacar.gr"",""companyTagline"":""Ενοικίαση οχημάτων στη Θεσσαλονίκη με καθαρή διαδικασία και γρήγορη επιβεβαίωση."",""rentalTermsBody"":""Η ενοικίαση ολοκληρώνεται μόνο μετά από επιβεβαίωση της διαθεσιμότητας από την εταιρία και έλεγχο των στοιχείων του οδηγού. Η εταιρία διατηρεί το δικαίωμα να προτείνει ισοδύναμο όχημα ίδιας ή ανώτερης κατηγορίας όταν αυτό απαιτηθεί από λειτουργικούς λόγους, χωρίς πρόσθετη χρέωση για τον πελάτη."",""vatRate"":24,""rentalRequirementsBody"":""Ο κύριος οδηγός οφείλει να διαθέτει ισχύουσα άδεια οδήγησης, ταυτότητα ή διαβατήριο και κάρτα ή άλλο μέσο πληρωμής αποδεκτό από την εταιρία. Ελάχιστη ηλικία, έτη κατοχής διπλώματος, εγγύηση και τυχόν επασφάλιστρα εξαρτώνται από την κατηγορία οχήματος και την τελική επιβεβαίωση της κράτησης."",""vehiclesPageDisplayMode"":""categories"",""enableTriggeredEmails"":false,""rentalPoliciesBody"":""Η πολιτική καυσίμου, οι ώρες παράδοσης και παραλαβής, οι χρεώσεις εκτός ωραρίου, οι ακυρώσεις, οι καθυστερήσεις και οι όροι επέκτασης της μίσθωσης επιβεβαιώνονται πριν την παράδοση. Τυχόν ζημιές, πρόστιμα, απώλειες εξοπλισμού ή χρήση του οχήματος κατά παράβαση των συμφωνημένων όρων βαρύνουν τον ενοικιαστή σύμφωνα με την τελική σύμβαση."",""active"":true,""operatingHoursLabel"":""09:00 - 21:00"",""afterHoursNotice"":""Για εξυπηρέτηση εκτός ωραρίου ισχύουν επιπλέον χρεώσεις.""}","ckatz1995@gmail.com","Nik nik",2026-03-18T22:22:11Z,2027-03-18T22:22:11Z
,"e94e2330-d66e-4687-89ea-0af296bce3e7",2026-04-05T13:21:00Z,2026-04-05T13:21:00Z,"48ba7aa5-ed2b-43d2-bdd7-6596e6ec75a8","staffAuth","ckatz1995@gmail.com","loginSuccess","Backroom login",,,"ckatz1995@gmail.com","Nik nik",2026-04-05T13:21:00Z,2027-04-05T13:21:00Z
,"ea157094-f057-446c-b959-eb7d7605263a",2026-03-15T17:21:25Z,2026-03-15T17:21:25Z,"4139a8c1-c961-498e-9512-465437a7bf6c","pricing.extra","seconddriver","pricing.update","Ενημέρωση extra service Δεύτερος οδηγός",,"{""title"":""Δεύτερος οδηγός"",""key"":""seconddriver"",""label"":""Δεύτερος οδηγός"",""description"":"""",""sortOrder"":4,""active"":true,""publicVisible"":true,""price"":7,""billingMode"":""perDay"",""_id"":""58c0ff56-91dd-446a-80c4-10f9b855bb62"",""_owner"":""4139a8c1-c961-498e-9512-465437a7bf6c"",""_createdDate"":""2026-03-15T17:21:24.976Z"",""_updatedDate"":""2026-03-15T17:21:24.976Z""}","ckatz1995@gmail.com","Nik nik",2026-03-15T17:21:25Z,2027-03-15T17:21:25Z
,"ea226aa7-294e-40c6-97d1-f5a56c948549",2026-03-16T09:05:37Z,2026-03-16T09:05:37Z,"4139a8c1-c961-498e-9512-465437a7bf6c","user","d5b30205-e254-409c-959e-96c22056cb62","user.update","Ενημερώθηκε staff user test@test.gr","{""email"":""test@test.gr"",""roleKey"":""admin"",""_id"":""d5b30205-e254-409c-959e-96c22056cb62"",""_owner"":""4139a8c1-c961-498e-9512-465437a7bf6c"",""_createdDate"":""2026-03-15T15:50:06.766Z"",""fullName"":""Test test"",""_updatedDate"":""2026-03-15T15:50:06.766Z"",""deactivatedAt"":null,""memberId"":"""",""notes"":"""",""active"":true}","{""email"":""test@test.gr"",""roleKey"":""desk"",""_id"":""d5b30205-e254-409c-959e-96c22056cb62"",""_owner"":""4139a8c1-c961-498e-9512-465437a7bf6c"",""_createdDate"":""2026-03-15T15:50:06.766Z"",""fullName"":""Test test"",""_updatedDate"":""2026-03-16T09:05:37.135Z"",""deactivatedAt"":null,""memberId"":"""",""notes"":"""",""active"":true}","ckatz1995@gmail.com","Nik nik",2026-03-16T09:05:37Z,2027-03-16T09:05:37Z
,"ea71fd17-a464-4e42-aed7-5fc745f23155",2026-03-26T09:51:01Z,2026-03-26T09:51:01Z,"4139a8c1-c961-498e-9512-465437a7bf6c","staffAuth","ckatz1995@gmail.com","loginSuccess","Backroom login",,,"ckatz1995@gmail.com","Nik nik",2026-03-26T09:51:01Z,2027-03-26T09:51:01Z
,"eae44dd8-6689-487a-a60f-c55c32825310",2026-04-11T06:50:07Z,2026-04-11T06:50:07Z,"48ba7aa5-ed2b-43d2-bdd7-6596e6ec75a8","staffAuth","ckatz1995@gmail.com","loginSuccess","Backroom login",,,"ckatz1995@gmail.com","Nik nik",2026-04-11T06:50:07Z,2027-04-11T06:50:07Z
,"eb9372f4-a83c-4220-b7ab-c41a4275e210",2026-04-01T14:53:38Z,2026-04-01T14:53:38Z,"4139a8c1-c961-498e-9512-465437a7bf6c","staffAuth","ckatz1995@gmail.com","loginSuccess","Backroom login",,,"ckatz1995@gmail.com","Nik nik",2026-04-01T14:53:38Z,2027-04-01T14:53:38Z
,"eb98dddd-82f0-4f77-8f2b-113a8f4990cf",2026-03-15T14:46:01Z,2026-03-15T14:46:01Z,"4139a8c1-c961-498e-9512-465437a7bf6c","user","ckatz1995@gmail.com","passwordSet","Ορίστηκε νέο password από admin",,,"ckatz1995@gmail.com","Nik nik",2026-03-15T14:46:01Z,2027-03-15T14:46:01Z
,"ee9adda6-b844-49c3-9d6a-1b5d37ce1d98",2026-03-17T11:30:16Z,2026-03-17T11:30:16Z,"48ba7aa5-ed2b-43d2-bdd7-6596e6ec75a8","pricing.businessSettings","a5128991-cf12-4a62-bcde-64e77309b454","pricing.saveBusinessSettings","Ενημέρωση business settings","{""rentalTermsIntro"":""Στην παρακάτω σελίδα συγκεντρώνονται βασικοί όροι, προϋποθέσεις και πολιτικές της ενοικίασης με μορφή εύκολη για ανάγνωση και ενημέρωση από το backroom."",""nightEndHour"":8,""bookingCanceledTriggerId"":"""",""defaultDeposit"":0,""companyPhone"":""+30 2310 000 000"",""companyAddress"":""Θεσσαλονίκη, Ελλάδα"",""_id"":""a5128991-cf12-4a62-bcde-64e77309b454"",""insuranceTermsBody"":""Η βασική κάλυψη αφορά την τυπική συμμετοχή του ενοικιαστή σύμφωνα με τους όρους της εταιρίας. Οι επιπλέον καλύψεις μειώνουν ή περιορίζουν την ευθύνη ανάλογα με το πρόγραμμα που θα επιλεγεί. Πριν από την τελική παράδοση του οχήματος, η ομάδα μας επιβεβαιώνει ξανά τις καλύψεις, τις εξαιρέσεις και το ύψος της συμμετοχής. Δεν καλύπτονται περιστατικά που προκύπτουν από παραβίαση του ΚΟΚ, οδήγηση υπό επήρεια, μη εξουσιοδοτημένο οδηγό, απώλεια κλειδιών ή εγγράφων και χρήση του οχήματος εκτός των συμφωνημένων όρων. Οι πληροφορίες της σελίδας έχουν ενημερωτικό χαρακτήρα και υπερισχύουν οι τελικοί όροι που επιβεβαιώνονται από την εταιρία πριν την παραλαβή."",""_owner"":""284e089f-48c1-4969-b018-a9add65901a8"",""_createdDate"":""2026-03-15T14:21:47.499Z"",""insuranceTermsIntro"":""Οι ασφαλιστικές επιλογές και οι σχετικοί όροι παρουσιάζονται με απλό τρόπο πριν από την ολοκλήρωση της κράτησης."",""insuranceDetailsTitle"":""Λεπτομέρειες ασφαλιστικών επιλογών"",""insuranceDetailsIntro"":""Παρακάτω βλέπεις συνοπτικά τις επιλογές κάλυψης που χρησιμοποιούνται στο front booking flow."",""insuranceDetailsBody"":""Το CDW αποτελεί τη βασική κάλυψη χωρίς επιπλέον ημερήσια χρέωση. Το SCDW μειώνει περαιτέρω την οικονομική έκθεση του οδηγού, ενώ το FULL παρέχει την πιο ενισχυμένη επιλογή προστασίας που εμφανίζεται στο backroom και στο booking flow. Για κάθε κράτηση, το τελικό πρόγραμμα ασφάλισης, οι χρεώσεις και οι εξαιρέσεις επιβεβαιώνονται από την ομάδα μας πριν από την παράδοση."",""rentalPrivacyBody"":""Τα προσωπικά δεδομένα χρησιμοποιούνται αποκλειστικά για την εξυπηρέτηση της κράτησης, την επικοινωνία με τον πελάτη και την εκπλήρωση νομικών ή φορολογικών υποχρεώσεων της εταιρίας. Για ειδικά αιτήματα, διορθώσεις στοιχείων ή απορίες σχετικά με την επεξεργασία δεδομένων, ο πελάτης μπορεί να επικοινωνεί με την εταιρία στα διαθέσιμα στοιχεία επικοινωνίας."",""nightStartHour"":22,""_updatedDate"":""2026-03-17T11:18:51.984Z"",""allowOverbooking"":false,""companyName"":""DIAMOND Rent A Car"",""insuranceTermsTitle"":""Όροι και λεπτομέρειες ασφαλειών"",""rentalTermsTitle"":""Όροι ενοικίασης και πολιτικές"",""companyCity"":""Thessaloniki"",""bookingConfirmedTriggerId"":"""",""currency"":""EUR"",""footerNote"":""Επαγγελματική εμπειρία ενοικίασης οχήματος με καθαρή ροή κράτησης, ξεκάθαρη τιμολόγηση και προσωπική επιβεβαίωση."",""title"":""Default business settings"",""companyEmail"":""info@diamondrentacar.gr"",""companyTagline"":""Ενοικίαση οχημάτων στη Θεσσαλονίκη με καθαρή διαδικασία και γρήγορη επιβεβαίωση."",""rentalTermsBody"":""Η ενοικίαση ολοκληρώνεται μόνο μετά από επιβεβαίωση της διαθεσιμότητας από την εταιρία και έλεγχο των στοιχείων του οδηγού. Η εταιρία διατηρεί το δικαίωμα να προτείνει ισοδύναμο όχημα ίδιας ή ανώτερης κατηγορίας όταν αυτό απαιτηθεί από λειτουργικούς λόγους, χωρίς πρόσθετη χρέωση για τον πελάτη."",""vatRate"":24,""rentalRequirementsBody"":""Ο κύριος οδηγός οφείλει να διαθέτει ισχύουσα άδεια οδήγησης, ταυτότητα ή διαβατήριο και κάρτα ή άλλο μέσο πληρωμής αποδεκτό από την εταιρία. Ελάχιστη ηλικία, έτη κατοχής διπλώματος, εγγύηση και τυχόν επασφάλιστρα εξαρτώνται από την κατηγορία οχήματος και την τελική επιβεβαίωση της κράτησης."",""rentalPoliciesBody"":""Η πολιτική καυσίμου, οι ώρες παράδοσης και παραλαβής, οι χρεώσεις εκτός ωραρίου, οι ακυρώσεις, οι καθυστερήσεις και οι όροι επέκτασης της μίσθωσης επιβεβαιώνονται πριν την παράδοση. Τυχόν ζημιές, πρόστιμα, απώλειες εξοπλισμού ή χρήση του οχήματος κατά παράβαση των συμφωνημένων όρων βαρύνουν τον ενοικιαστή σύμφωνα με την τελική σύμβαση."",""active"":true}","{""rentalTermsIntro"":""Στην παρακάτω σελίδα συγκεντρώνονται βασικοί όροι, προϋποθέσεις και πολιτικές της ενοικίασης με μορφή εύκολη για ανάγνωση και ενημέρωση από το backroom."",""nightEndHour"":8,""bookingCanceledTriggerId"":"""",""defaultDeposit"":0,""companyPhone"":""+30 2310 000 000"",""companyAddress"":""Θεσσαλονίκη, Ελλάδα"",""_id"":""a5128991-cf12-4a62-bcde-64e77309b454"",""insuranceTermsBody"":""Η βασική κάλυψη αφορά την τυπική συμμετοχή του ενοικιαστή σύμφωνα με τους όρους της εταιρίας. Οι επιπλέον καλύψεις μειώνουν ή περιορίζουν την ευθύνη ανάλογα με το πρόγραμμα που θα επιλεγεί. Πριν από την τελική παράδοση του οχήματος, η ομάδα μας επιβεβαιώνει ξανά τις καλύψεις, τις εξαιρέσεις και το ύψος της συμμετοχής. Δεν καλύπτονται περιστατικά που προκύπτουν από παραβίαση του ΚΟΚ, οδήγηση υπό επήρεια, μη εξουσιοδοτημένο οδηγό, απώλεια κλειδιών ή εγγράφων και χρήση του οχήματος εκτός των συμφωνημένων όρων. Οι πληροφορίες της σελίδας έχουν ενημερωτικό χαρακτήρα και υπερισχύουν οι τελικοί όροι που επιβεβαιώνονται από την εταιρία πριν την παραλαβή."",""_owner"":""284e089f-48c1-4969-b018-a9add65901a8"",""_createdDate"":""2026-03-15T14:21:47.499Z"",""insuranceTermsIntro"":""Οι ασφαλιστικές επιλογές και οι σχετικοί όροι παρουσιάζονται με απλό τρόπο πριν από την ολοκλήρωση της κράτησης."",""insuranceDetailsTitle"":""Λεπτομέρειες ασφαλιστικών επιλογών"",""insuranceDetailsIntro"":""Παρακάτω βλέπεις συνοπτικά τις επιλογές κάλυψης που χρησιμοποιούνται στο front booking flow."",""insuranceDetailsBody"":""Το CDW αποτελεί τη βασική κάλυψη χωρίς επιπλέον ημερήσια χρέωση. Το SCDW μειώνει περαιτέρω την οικονομική έκθεση του οδηγού, ενώ το FULL παρέχει την πιο ενισχυμένη επιλογή προστασίας που εμφανίζεται στο backroom και στο booking flow. Για κάθε κράτηση, το τελικό πρόγραμμα ασφάλισης, οι χρεώσεις και οι εξαιρέσεις επιβεβαιώνονται από την ομάδα μας πριν από την παράδοση."",""rentalPrivacyBody"":""Τα προσωπικά δεδομένα χρησιμοποιούνται αποκλειστικά για την εξυπηρέτηση της κράτησης, την επικοινωνία με τον πελάτη και την εκπλήρωση νομικών ή φορολογικών υποχρεώσεων της εταιρίας. Για ειδικά αιτήματα, διορθώσεις στοιχείων ή απορίες σχετικά με την επεξεργασία δεδομένων, ο πελάτης μπορεί να επικοινωνεί με την εταιρία στα διαθέσιμα στοιχεία επικοινωνίας."",""nightStartHour"":22,""_updatedDate"":""2026-03-17T11:30:16.019Z"",""allowOverbooking"":true,""companyName"":""DIAMOND Rent A Car"",""insuranceTermsTitle"":""Όροι και λεπτομέρειες ασφαλειών"",""rentalTermsTitle"":""Όροι ενοικίασης και πολιτικές"",""companyCity"":""Thessaloniki"",""bookingConfirmedTriggerId"":"""",""currency"":""EUR"",""footerNote"":""Επαγγελματική εμπειρία ενοικίασης οχήματος με καθαρή ροή κράτησης, ξεκάθαρη τιμολόγηση και προσωπική επιβεβαίωση."",""title"":""Default business settings"",""companyEmail"":""info@diamondrentacar.gr"",""companyTagline"":""Ενοικίαση οχημάτων στη Θεσσαλονίκη με καθαρή διαδικασία και γρήγορη επιβεβαίωση."",""rentalTermsBody"":""Η ενοικίαση ολοκληρώνεται μόνο μετά από επιβεβαίωση της διαθεσιμότητας από την εταιρία και έλεγχο των στοιχείων του οδηγού. Η εταιρία διατηρεί το δικαίωμα να προτείνει ισοδύναμο όχημα ίδιας ή ανώτερης κατηγορίας όταν αυτό απαιτηθεί από λειτουργικούς λόγους, χωρίς πρόσθετη χρέωση για τον πελάτη."",""vatRate"":24,""rentalRequirementsBody"":""Ο κύριος οδηγός οφείλει να διαθέτει ισχύουσα άδεια οδήγησης, ταυτότητα ή διαβατήριο και κάρτα ή άλλο μέσο πληρωμής αποδεκτό από την εταιρία. Ελάχιστη ηλικία, έτη κατοχής διπλώματος, εγγύηση και τυχόν επασφάλιστρα εξαρτώνται από την κατηγορία οχήματος και την τελική επιβεβαίωση της κράτησης."",""rentalPoliciesBody"":""Η πολιτική καυσίμου, οι ώρες παράδοσης και παραλαβής, οι χρεώσεις εκτός ωραρίου, οι ακυρώσεις, οι καθυστερήσεις και οι όροι επέκτασης της μίσθωσης επιβεβαιώνονται πριν την παράδοση. Τυχόν ζημιές, πρόστιμα, απώλειες εξοπλισμού ή χρήση του οχήματος κατά παράβαση των συμφωνημένων όρων βαρύνουν τον ενοικιαστή σύμφωνα με την τελική σύμβαση."",""active"":true}","ckatz1995@gmail.com","Nik nik",2026-03-17T11:30:16Z,2027-03-17T11:30:16Z
,"f02bc6e2-45de-485d-a060-bff800e4b14b",2026-03-19T13:44:49Z,2026-03-19T13:44:49Z,"48ba7aa5-ed2b-43d2-bdd7-6596e6ec75a8","user","d4ed8f23-7878-452d-aea5-b0aff12cff35","user.update","Ενημερώθηκε staff user ckatz1995@gmail.com","{""email"":""ckatz1995@gmail.com"",""roleKey"":""admin"",""_id"":""d4ed8f23-7878-452d-aea5-b0aff12cff35"",""_owner"":""284e089f-48c1-4969-b018-a9add65901a8"",""_createdDate"":""2026-03-15T14:39:39.868Z"",""fullName"":""Nik nik"",""_updatedDate"":""2026-03-15T14:40:18.537Z"",""active"":true}","{""email"":""ckatz1995@gmail.com"",""roleKey"":""admin"",""_id"":""d4ed8f23-7878-452d-aea5-b0aff12cff35"",""_owner"":""284e089f-48c1-4969-b018-a9add65901a8"",""_createdDate"":""2026-03-15T14:39:39.868Z"",""fullName"":""Nik nik"",""_updatedDate"":""2026-03-19T13:44:49.776Z"",""active"":true,""memberId"":"""",""notes"":"""",""deactivatedAt"":null}","ckatz1995@gmail.com","Nik nik",2026-03-19T13:44:49Z,2027-03-19T13:44:49Z
,"f0d60950-62e7-497d-92fd-2e278c28d221",2026-03-17T12:26:54Z,2026-03-17T12:26:54Z,"48ba7aa5-ed2b-43d2-bdd7-6596e6ec75a8","pricing.pickupLocation","city_center_office","pricing.update","Ενημέρωση τοποθεσία Κέντρο Θεσσαλονίκης 1","{""description"":""Παραλαβή / παράδοση από το κεντρικό σημείο εξυπηρέτησης."",""_id"":""fe8e4bc4-9b1b-4dba-9369-d83ac7a68271"",""_owner"":""284e089f-48c1-4969-b018-a9add65901a8"",""_createdDate"":""2026-03-15T22:56:27.551Z"",""mapUrl"":"""",""publicVisible"":false,""label"":""Κέντρο Θεσσαλονίκης 1"",""_updatedDate"":""2026-03-17T12:26:42.683Z"",""key"":""city_center_office"",""extraFee"":22,""sortOrder"":4,""address"":""Θεσσαλονίκη, Κέντρο"",""locationType"":""both"",""active"":false}","{""description"":""Παραλαβή / παράδοση από το κεντρικό σημείο εξυπηρέτησης."",""_id"":""fe8e4bc4-9b1b-4dba-9369-d83ac7a68271"",""_owner"":""284e089f-48c1-4969-b018-a9add65901a8"",""_createdDate"":""2026-03-15T22:56:27.551Z"",""mapUrl"":"""",""publicVisible"":false,""label"":""Κέντρο Θεσσαλονίκης 1"",""_updatedDate"":""2026-03-17T12:26:53.937Z"",""key"":""city_center_office"",""extraFee"":22,""sortOrder"":999,""address"":""Θεσσαλονίκη, Κέντρο"",""locationType"":""both"",""active"":false}","ckatz1995@gmail.com","Nik nik",2026-03-17T12:26:54Z,2027-03-17T12:26:54Z
,"f160ec70-1683-4d56-bb97-e680f0b3d723",2026-03-15T14:41:46Z,2026-03-15T14:41:46Z,"4139a8c1-c961-498e-9512-465437a7bf6c","user","admin@diamondrentacar.gr","passwordSet","Ορίστηκε νέο password από admin",,,"ckatz1995@gmail.com","Nik nik",2026-03-15T14:41:46Z,2027-03-15T14:41:46Z
,"f1ce2f37-8eae-472a-a4fc-aea5ee633b53",2026-03-16T15:53:28Z,2026-03-16T15:53:28Z,"48ba7aa5-ed2b-43d2-bdd7-6596e6ec75a8","pricing.fleetVehicle","05442477-ea25-431f-933a-050e5cad67b1","pricing.updateFleetVehicle","Ενημέρωση όχημα στόλου NHX 1234 - Up (A)","{""plate"":""NHX1234"",""categoryId"":"""",""categoryDisplayTitle"":""A"",""model"":""Up"",""_id"":""05442477-ea25-431f-933a-050e5cad67b1"",""_owner"":""48ba7aa5-ed2b-43d2-bdd7-6596e6ec75a8"",""_createdDate"":""2026-03-16T15:50:50.140Z"",""categoryTitle"":"""",""_updatedDate"":""2026-03-16T15:50:50.140Z"",""status"":""available"",""category"":""A"",""notes"":"""",""active"":true}","{""plate"":""NHX 1234"",""categoryId"":"""",""categoryDisplayTitle"":""A"",""model"":""Up"",""_id"":""05442477-ea25-431f-933a-050e5cad67b1"",""_owner"":""48ba7aa5-ed2b-43d2-bdd7-6596e6ec75a8"",""_createdDate"":""2026-03-16T15:50:50.140Z"",""categoryTitle"":"""",""_updatedDate"":""2026-03-16T15:53:28.182Z"",""status"":""available"",""category"":""A"",""notes"":"""",""active"":true}","ckatz1995@gmail.com","Nik nik",2026-03-16T15:53:28Z,2027-03-16T15:53:28Z
,"f1fa02a7-6642-4b22-9c5a-7dadac046b5e",2026-04-04T10:56:44Z,2026-04-04T10:56:44Z,"4139a8c1-c961-498e-9512-465437a7bf6c","pricing.businessSettings","a5128991-cf12-4a62-bcde-64e77309b454","pricing.saveBusinessSettings","Ενημέρωση business settings","{""vehiclesPageModelsSource"":""fleet"",""rentalTermsIntro"":""Στην παρακάτω σελίδα συγκεντρώνονται βασικοί όροι, προϋποθέσεις και πολιτικές της ενοικίασης με μορφή εύκολη για ανάγνωση και ενημέρωση από το backroom."",""nightEndHour"":8,""bookingCanceledTriggerId"":"""",""defaultDeposit"":0,""operatingHoursLabel"":""08:00 - 22:00"",""companyPhone"":""+30 2310 000 000"",""companyAddress"":""Θεσσαλονίκη, Ελλάδα"",""_id"":""a5128991-cf12-4a62-bcde-64e77309b454"",""insuranceTermsBody"":""Η βασική κάλυψη αφορά την τυπική συμμετοχή του ενοικιαστή σύμφωνα με τους όρους της εταιρίας. Οι επιπλέον καλύψεις μειώνουν ή περιορίζουν την ευθύνη ανάλογα με το πρόγραμμα που θα επιλεγεί. Πριν από την τελική παράδοση του οχήματος, η ομάδα μας επιβεβαιώνει ξανά τις καλύψεις, τις εξαιρέσεις και το ύψος της συμμετοχής. Δεν καλύπτονται περιστατικά που προκύπτουν από παραβίαση του ΚΟΚ, οδήγηση υπό επήρεια, μη εξουσιοδοτημένο οδηγό, απώλεια κλειδιών ή εγγράφων και χρήση του οχήματος εκτός των συμφωνημένων όρων. Οι πληροφορίες της σελίδας έχουν ενημερωτικό χαρακτήρα και υπερισχύουν οι τελικοί όροι που επιβεβαιώνονται από την εταιρία πριν την παραλαβή."",""_owner"":""284e089f-48c1-4969-b018-a9add65901a8"",""_createdDate"":""2026-03-15T14:21:47.499Z"",""insuranceTermsIntro"":""Οι ασφαλιστικές επιλογές και οι σχετικοί όροι παρουσιάζονται με απλό τρόπο πριν από την ολοκλήρωση της κράτησης."",""insuranceDetailsTitle"":""Λεπτομέρειες ασφαλιστικών επιλογών"",""insuranceDetailsIntro"":""Παρακάτω βλέπεις συνοπτικά τις επιλογές κάλυψης που χρησιμοποιούνται στο front booking flow."",""insuranceDetailsBody"":""Το CDW αποτελεί τη βασική κάλυψη χωρίς επιπλέον ημερήσια χρέωση. Το SCDW μειώνει περαιτέρω την οικονομική έκθεση του οδηγού, ενώ το FULL παρέχει την πιο ενισχυμένη επιλογή προστασίας που εμφανίζεται στο backroom και στο booking flow. Για κάθε κράτηση, το τελικό πρόγραμμα ασφάλισης, οι χρεώσεις και οι εξαιρέσεις επιβεβαιώνονται από την ομάδα μας πριν από την παράδοση."",""rentalPrivacyBody"":""Τα προσωπικά δεδομένα χρησιμοποιούνται αποκλειστικά για την εξυπηρέτηση της κράτησης, την επικοινωνία με τον πελάτη και την εκπλήρωση νομικών ή φορολογικών υποχρεώσεων της εταιρίας. Για ειδικά αιτήματα, διορθώσεις στοιχείων ή απορίες σχετικά με την επεξεργασία δεδομένων, ο πελάτης μπορεί να επικοινωνεί με την εταιρία στα διαθέσιμα στοιχεία επικοινωνίας."",""nightStartHour"":22,""_updatedDate"":""2026-04-04T10:35:38.337Z"",""allowOverbooking"":true,""companyName"":""DIAMOND Rent A Car"",""insuranceTermsTitle"":""Όροι και λεπτομέρειες ασφαλειών"",""rentalTermsTitle"":""Όροι ενοικίασης και πολιτικές"",""companyCity"":""Thessaloniki"",""bookingConfirmedTriggerId"":"""",""currency"":""EUR"",""footerNote"":""Επαγγελματική εμπειρία ενοικίασης οχήματος με καθαρή ροή κράτησης, ξεκάθαρη τιμολόγηση και προσωπική επιβεβαίωση."",""title"":""Business settings"",""companyEmail"":""info@diamondrentacar.gr"",""companyTagline"":""Ενοικίαση οχημάτων στη Θεσσαλονίκη με καθαρή διαδικασία και γρήγορη επιβεβαίωση."",""rentalTermsBody"":""Η ενοικίαση ολοκληρώνεται μόνο μετά από επιβεβαίωση της διαθεσιμότητας από την εταιρία και έλεγχο των στοιχείων του οδηγού. Η εταιρία διατηρεί το δικαίωμα να προτείνει ισοδύναμο όχημα ίδιας ή ανώτερης κατηγορίας όταν αυτό απαιτηθεί από λειτουργικούς λόγους, χωρίς πρόσθετη χρέωση για τον πελάτη."",""vatRate"":24,""rentalRequirementsBody"":""Ο κύριος οδηγός οφείλει να διαθέτει ισχύουσα άδεια οδήγησης, ταυτότητα ή διαβατήριο και κάρτα ή άλλο μέσο πληρωμής αποδεκτό από την εταιρία. Ελάχιστη ηλικία, έτη κατοχής διπλώματος, εγγύηση και τυχόν επασφάλιστρα εξαρτώνται από την κατηγορία οχήματος και την τελική επιβεβαίωση της κράτησης."",""vehiclesPageDisplayMode"":""categories"",""enableTriggeredEmails"":false,""rentalPoliciesBody"":""Η πολιτική καυσίμου, οι ώρες παράδοσης και παραλαβής, οι χρεώσεις εκτός ωραρίου, οι ακυρώσεις, οι καθυστερήσεις και οι όροι επέκτασης της μίσθωσης επιβεβαιώνονται πριν την παράδοση. Τυχόν ζημιές, πρόστιμα, απώλειες εξοπλισμού ή χρήση του οχήματος κατά παράβαση των συμφωνημένων όρων βαρύνουν τον ενοικιαστή σύμφωνα με την τελική σύμβαση."",""active"":true,""afterHoursNotice"":""Για εξυπηρέτηση εκτός ωραρίου ισχύουν επιπλέον χρεώσεις.""}","{""vehiclesPageModelsSource"":""fleet"",""rentalTermsIntro"":""Στην παρακάτω σελίδα συγκεντρώνονται βασικοί όροι, προϋποθέσεις και πολιτικές της ενοικίασης με μορφή εύκολη για ανάγνωση και ενημέρωση από το backroom."",""nightEndHour"":8,""bookingCanceledTriggerId"":"""",""defaultDeposit"":0,""operatingHoursLabel"":""08:00 - 22:00"",""companyPhone"":""+30 2310 000 000"",""companyAddress"":""Θεσσαλονίκη, Ελλάδα"",""_id"":""a5128991-cf12-4a62-bcde-64e77309b454"",""insuranceTermsBody"":""Η βασική κάλυψη αφορά την τυπική συμμετοχή του ενοικιαστή σύμφωνα με τους όρους της εταιρίας. Οι επιπλέον καλύψεις μειώνουν ή περιορίζουν την ευθύνη ανάλογα με το πρόγραμμα που θα επιλεγεί. Πριν από την τελική παράδοση του οχήματος, η ομάδα μας επιβεβαιώνει ξανά τις καλύψεις, τις εξαιρέσεις και το ύψος της συμμετοχής. Δεν καλύπτονται περιστατικά που προκύπτουν από παραβίαση του ΚΟΚ, οδήγηση υπό επήρεια, μη εξουσιοδοτημένο οδηγό, απώλεια κλειδιών ή εγγράφων και χρήση του οχήματος εκτός των συμφωνημένων όρων. Οι πληροφορίες της σελίδας έχουν ενημερωτικό χαρακτήρα και υπερισχύουν οι τελικοί όροι που επιβεβαιώνονται από την εταιρία πριν την παραλαβή."",""_owner"":""284e089f-48c1-4969-b018-a9add65901a8"",""_createdDate"":""2026-03-15T14:21:47.499Z"",""insuranceTermsIntro"":""Οι ασφαλιστικές επιλογές και οι σχετικοί όροι παρουσιάζονται με απλό τρόπο πριν από την ολοκλήρωση της κράτησης."",""insuranceDetailsTitle"":""Λεπτομέρειες ασφαλιστικών επιλογών"",""insuranceDetailsIntro"":""Παρακάτω βλέπεις συνοπτικά τις επιλογές κάλυψης που χρησιμοποιούνται στο front booking flow."",""insuranceDetailsBody"":""Το CDW αποτελεί τη βασική κάλυψη χωρίς επιπλέον ημερήσια χρέωση. Το SCDW μειώνει περαιτέρω την οικονομική έκθεση του οδηγού, ενώ το FULL παρέχει την πιο ενισχυμένη επιλογή προστασίας που εμφανίζεται στο backroom και στο booking flow. Για κάθε κράτηση, το τελικό πρόγραμμα ασφάλισης, οι χρεώσεις και οι εξαιρέσεις επιβεβαιώνονται από την ομάδα μας πριν από την παράδοση."",""rentalPrivacyBody"":""Τα προσωπικά δεδομένα χρησιμοποιούνται αποκλειστικά για την εξυπηρέτηση της κράτησης, την επικοινωνία με τον πελάτη και την εκπλήρωση νομικών ή φορολογικών υποχρεώσεων της εταιρίας. Για ειδικά αιτήματα, διορθώσεις στοιχείων ή απορίες σχετικά με την επεξεργασία δεδομένων, ο πελάτης μπορεί να επικοινωνεί με την εταιρία στα διαθέσιμα στοιχεία επικοινωνίας."",""nightStartHour"":22,""_updatedDate"":""2026-04-04T10:56:44.735Z"",""allowOverbooking"":true,""companyName"":""DIAMOND Rent A Car"",""insuranceTermsTitle"":""Όροι και λεπτομέρειες ασφαλειών"",""rentalTermsTitle"":""Όροι ενοικίασης και πολιτικές"",""companyCity"":""Thessaloniki"",""bookingConfirmedTriggerId"":"""",""currency"":""EUR"",""footerNote"":""Επαγγελματική εμπειρία ενοικίασης οχήματος με καθαρή ροή κράτησης, ξεκάθαρη τιμολόγηση και προσωπική επιβεβαίωση."",""title"":""Business settings"",""companyEmail"":""info@diamondrentacar.gr"",""companyTagline"":""Ενοικίαση οχημάτων στη Θεσσαλονίκη με καθαρή διαδικασία και γρήγορη επιβεβαίωση."",""rentalTermsBody"":""Η ενοικίαση ολοκληρώνεται μόνο μετά από επιβεβαίωση της διαθεσιμότητας από την εταιρία και έλεγχο των στοιχείων του οδηγού. Η εταιρία διατηρεί το δικαίωμα να προτείνει ισοδύναμο όχημα ίδιας ή ανώτερης κατηγορίας όταν αυτό απαιτηθεί από λειτουργικούς λόγους, χωρίς πρόσθετη χρέωση για τον πελάτη."",""vatRate"":24,""rentalRequirementsBody"":""Ο κύριος οδηγός οφείλει να διαθέτει ισχύουσα άδεια οδήγησης, ταυτότητα ή διαβατήριο και κάρτα ή άλλο μέσο πληρωμής αποδεκτό από την εταιρία. Ελάχιστη ηλικία, έτη κατοχής διπλώματος, εγγύηση και τυχόν επασφάλιστρα εξαρτώνται από την κατηγορία οχήματος και την τελική επιβεβαίωση της κράτησης."",""vehiclesPageDisplayMode"":""categories"",""enableTriggeredEmails"":false,""rentalPoliciesBody"":""Η πολιτική καυσίμου, οι ώρες παράδοσης και παραλαβής, οι χρεώσεις εκτός ωραρίου, οι ακυρώσεις, οι καθυστερήσεις και οι όροι επέκτασης της μίσθωσης επιβεβαιώνονται πριν την παράδοση. Τυχόν ζημιές, πρόστιμα, απώλειες εξοπλισμού ή χρήση του οχήματος κατά παράβαση των συμφωνημένων όρων βαρύνουν τον ενοικιαστή σύμφωνα με την τελική σύμβαση."",""active"":true,""afterHoursNotice"":""Για εξυπηρέτηση εκτός ωραρίου ισχύουν επιπλέον χρεώσεις."",""stationProfiles"":[{""key"":""default"",""label"":""Κεντρικός σταθμός"",""description"":""""},{""key"":""ath"",""label"":""ATH Athens"",""description"":""""}],""stationSettings"":{""ath"":{""vehiclesPageModelsSource"":""fleet"",""rentalTermsIntro"":""Στην παρακάτω σελίδα συγκεντρώνονται βασικοί όροι, προϋποθέσεις και πολιτικές της ενοικίασης με μορφή εύκολη για ανάγνωση και ενημέρωση από το backroom."",""nightEndHour"":8,""stationProfiles"":[{""key"":""default"",""label"":""Κεντρικός σταθμός"",""description"":""""},{""key"":""ath"",""label"":""ATH Athens"",""description"":""""}],""bookingCanceledTriggerId"":"""",""defaultDeposit"":0,""operatingHoursLabel"":""08:00 - 22:00"",""companyPhone"":""+30 2310 000 000"",""companyAddress"":""Θεσσαλονίκη, Ελλάδα"",""insuranceTermsBody"":""Η βασική κάλυψη αφορά την τυπική συμμετοχή του ενοικιαστή σύμφωνα με τους όρους της εταιρίας. Οι επιπλέον καλύψεις μειώνουν ή περιορίζουν την ευθύνη ανάλογα με το πρόγραμμα που θα επιλεγεί. Πριν από την τελική παράδοση του οχήματος, η ομάδα μας επιβεβαιώνει ξανά τις καλύψεις, τις εξαιρέσεις και το ύψος της συμμετοχής. Δεν καλύπτονται περιστατικά που προκύπτουν από παραβίαση του ΚΟΚ, οδήγηση υπό επήρεια, μη εξουσιοδοτημένο οδηγό, απώλεια κλειδιών ή εγγράφων και χρήση του οχήματος εκτός των συμφωνημένων όρων. Οι πληροφορίες της σελίδας έχουν ενημερωτικό χαρακτήρα και υπερισχύουν οι τελικοί όροι που επιβεβαιώνονται από την εταιρία πριν την παραλαβή."",""insuranceTermsIntro"":""Οι ασφαλιστικές επιλογές και οι σχετικοί όροι παρουσιάζονται με απλό τρόπο πριν από την ολοκλήρωση της κράτησης."",""insuranceDetailsTitle"":""Λεπτομέρειες ασφαλιστικών επιλογών"",""insuranceDetailsIntro"":""Παρακάτω βλέπεις συνοπτικά τις επιλογές κάλυψης που χρησιμοποιούνται στο front booking flow."",""insuranceDetailsBody"":""Το CDW αποτελεί τη βασική κάλυψη χωρίς επιπλέον ημερήσια χρέωση. Το SCDW μειώνει περαιτέρω την οικονομική έκθεση του οδηγού, ενώ το FULL παρέχει την πιο ενισχυμένη επιλογή προστασίας που εμφανίζεται στο backroom και στο booking flow. Για κάθε κράτηση, το τελικό πρόγραμμα ασφάλισης, οι χρεώσεις και οι εξαιρέσεις επιβεβαιώνονται από την ομάδα μας πριν από την παράδοση."",""rentalPrivacyBody"":""Τα προσωπικά δεδομένα χρησιμοποιούνται αποκλειστικά για την εξυπηρέτηση της κράτησης, την επικοινωνία με τον πελάτη και την εκπλήρωση νομικών ή φορολογικών υποχρεώσεων της εταιρίας. Για ειδικά αιτήματα, διορθώσεις στοιχείων ή απορίες σχετικά με την επεξεργασία δεδομένων, ο πελάτης μπορεί να επικοινωνεί με την εταιρία στα διαθέσιμα στοιχεία επικοινωνίας."",""nightStartHour"":22,""allowOverbooking"":true,""companyName"":""DIAMOND Rent A Car"",""insuranceTermsTitle"":""Όροι και λεπτομέρειες ασφαλειών"",""rentalTermsTitle"":""Όροι ενοικίασης και πολιτικές"",""companyCity"":""Thessaloniki"",""bookingConfirmedTriggerId"":"""",""currency"":""EUR"",""footerNote"":""Επαγγελματική εμπειρία ενοικίασης οχήματος με καθαρή ροή κράτησης, ξεκάθαρη τιμολόγηση και προσωπική επιβεβαίωση."",""title"":""Business settings"",""companyEmail"":""info@diamondrentacar.gr"",""companyTagline"":""Ενοικίαση οχημάτων στη Θεσσαλονίκη με καθαρή διαδικασία και γρήγορη επιβεβαίωση."",""rentalTermsBody"":""Η ενοικίαση ολοκληρώνεται μόνο μετά από επιβεβαίωση της διαθεσιμότητας από την εταιρία και έλεγχο των στοιχείων του οδηγού. Η εταιρία διατηρεί το δικαίωμα να προτείνει ισοδύναμο όχημα ίδιας ή ανώτερης κατηγορίας όταν αυτό απαιτηθεί από λειτουργικούς λόγους, χωρίς πρόσθετη χρέωση για τον πελάτη."",""vatRate"":24,""rentalRequirementsBody"":""Ο κύριος οδηγός οφείλει να διαθέτει ισχύουσα άδεια οδήγησης, ταυτότητα ή διαβατήριο και κάρτα ή άλλο μέσο πληρωμής αποδεκτό από την εταιρία. Ελάχιστη ηλικία, έτη κατοχής διπλώματος, εγγύηση και τυχόν επασφάλιστρα εξαρτώνται από την κατηγορία οχήματος και την τελική επιβεβαίωση της κράτησης."",""vehiclesPageDisplayMode"":""categories"",""enableTriggeredEmails"":false,""rentalPoliciesBody"":""Η πολιτική καυσίμου, οι ώρες παράδοσης και παραλαβής, οι χρεώσεις εκτός ωραρίου, οι ακυρώσεις, οι καθυστερήσεις και οι όροι επέκτασης της μίσθωσης επιβεβαιώνονται πριν την παράδοση. Τυχόν ζημιές, πρόστιμα, απώλειες εξοπλισμού ή χρήση του οχήματος κατά παράβαση των συμφωνημένων όρων βαρύνουν τον ενοικιαστή σύμφωνα με την τελική σύμβαση."",""active"":true,""afterHoursNotice"":""Για εξυπηρέτηση εκτός ωραρίου ισχύουν επιπλέον χρεώσεις.""}}}","ckatz1995@gmail.com","Nik nik",2026-04-04T10:56:44Z,2027-04-04T10:56:44Z
,"f2202cdd-6e1e-4820-862c-d96afc84a10c",2026-03-16T15:29:04Z,2026-03-16T15:29:04Z,"48ba7aa5-ed2b-43d2-bdd7-6596e6ec75a8","pricing.extra","booster","pricing.update","Ενημέρωση extra service Booster","{""description"":""Συμπληρωματική επιλογή για μεγαλύτερα παιδιά."",""_id"":""1c92d1aa-8f94-4a81-a507-c539fa683cc3"",""_owner"":""284e089f-48c1-4969-b018-a9add65901a8"",""_createdDate"":""2026-03-15T14:22:55.055Z"",""billingMode"":""perDay"",""price"":4,""publicVisible"":true,""label"":""Booster"",""_updatedDate"":""2026-03-15T16:54:51.907Z"",""key"":""booster"",""sortOrder"":3,""title"":""Booster"",""active"":true}","{""description"":""4+ Ετών"",""_id"":""1c92d1aa-8f94-4a81-a507-c539fa683cc3"",""_owner"":""284e089f-48c1-4969-b018-a9add65901a8"",""_createdDate"":""2026-03-15T14:22:55.055Z"",""billingMode"":""perDay"",""price"":4,""publicVisible"":true,""label"":""Booster"",""_updatedDate"":""2026-03-16T15:29:04.250Z"",""key"":""booster"",""sortOrder"":3,""title"":""Booster"",""active"":true}","ckatz1995@gmail.com","Nik nik",2026-03-16T15:29:04Z,2027-03-16T15:29:04Z
,"f6782659-cd7d-4213-be58-1d4ba7d07c93",2026-03-16T10:46:31Z,2026-03-16T10:46:31Z,"4139a8c1-c961-498e-9512-465437a7bf6c","pricing.pickupLocation","city_center_office","pricing.update","Ενημέρωση τοποθεσία Κέντρο Θεσσαλονίκης 1","{""description"":""Παραλαβή / παράδοση από το κεντρικό σημείο εξυπηρέτησης."",""_id"":""fe8e4bc4-9b1b-4dba-9369-d83ac7a68271"",""_owner"":""284e089f-48c1-4969-b018-a9add65901a8"",""_createdDate"":""2026-03-15T22:56:27.551Z"",""mapUrl"":"""",""publicVisible"":true,""label"":""Κέντρο Θεσσαλονίκης 1"",""_updatedDate"":""2026-03-16T09:53:55.480Z"",""key"":""city_center_office"",""extraFee"":40,""sortOrder"":20,""address"":""Θεσσαλονίκη, Κέντρο"",""locationType"":""both"",""active"":true}","{""description"":""Παραλαβή / παράδοση από το κεντρικό σημείο εξυπηρέτησης."",""_id"":""fe8e4bc4-9b1b-4dba-9369-d83ac7a68271"",""_owner"":""284e089f-48c1-4969-b018-a9add65901a8"",""_createdDate"":""2026-03-15T22:56:27.551Z"",""mapUrl"":"""",""publicVisible"":true,""label"":""Κέντρο Θεσσαλονίκης 1"",""_updatedDate"":""2026-03-16T10:46:31.296Z"",""key"":""city_center_office"",""extraFee"":40,""sortOrder"":20,""address"":""Θεσσαλονίκη, Κέντρο"",""locationType"":""both"",""active"":false}","ckatz1995@gmail.com","Nik nik",2026-03-16T10:46:31Z,2027-03-16T10:46:31Z
,"f748d685-57c4-4d9c-8b8b-38229f4e8c38",2026-03-18T08:27:57Z,2026-03-18T08:27:57Z,"48ba7aa5-ed2b-43d2-bdd7-6596e6ec75a8","pricing.businessSettings","a5128991-cf12-4a62-bcde-64e77309b454","pricing.saveBusinessSettings","Ενημέρωση business settings","{""vehiclesPageModelsSource"":""fleet"",""rentalTermsIntro"":""Στην παρακάτω σελίδα συγκεντρώνονται βασικοί όροι, προϋποθέσεις και πολιτικές της ενοικίασης με μορφή εύκολη για ανάγνωση και ενημέρωση από το backroom."",""nightEndHour"":8,""bookingCanceledTriggerId"":"""",""defaultDeposit"":0,""companyPhone"":""+30 2310 000 000"",""companyAddress"":""Θεσσαλονίκη, Ελλάδα"",""_id"":""a5128991-cf12-4a62-bcde-64e77309b454"",""insuranceTermsBody"":""Η βασική κάλυψη αφορά την τυπική συμμετοχή του ενοικιαστή σύμφωνα με τους όρους της εταιρίας. Οι επιπλέον καλύψεις μειώνουν ή περιορίζουν την ευθύνη ανάλογα με το πρόγραμμα που θα επιλεγεί. Πριν από την τελική παράδοση του οχήματος, η ομάδα μας επιβεβαιώνει ξανά τις καλύψεις, τις εξαιρέσεις και το ύψος της συμμετοχής. Δεν καλύπτονται περιστατικά που προκύπτουν από παραβίαση του ΚΟΚ, οδήγηση υπό επήρεια, μη εξουσιοδοτημένο οδηγό, απώλεια κλειδιών ή εγγράφων και χρήση του οχήματος εκτός των συμφωνημένων όρων. Οι πληροφορίες της σελίδας έχουν ενημερωτικό χαρακτήρα και υπερισχύουν οι τελικοί όροι που επιβεβαιώνονται από την εταιρία πριν την παραλαβή."",""_owner"":""284e089f-48c1-4969-b018-a9add65901a8"",""_createdDate"":""2026-03-15T14:21:47.499Z"",""insuranceTermsIntro"":""Οι ασφαλιστικές επιλογές και οι σχετικοί όροι παρουσιάζονται με απλό τρόπο πριν από την ολοκλήρωση της κράτησης."",""insuranceDetailsTitle"":""Λεπτομέρειες ασφαλιστικών επιλογών"",""insuranceDetailsIntro"":""Παρακάτω βλέπεις συνοπτικά τις επιλογές κάλυψης που χρησιμοποιούνται στο front booking flow."",""insuranceDetailsBody"":""Το CDW αποτελεί τη βασική κάλυψη χωρίς επιπλέον ημερήσια χρέωση. Το SCDW μειώνει περαιτέρω την οικονομική έκθεση του οδηγού, ενώ το FULL παρέχει την πιο ενισχυμένη επιλογή προστασίας που εμφανίζεται στο backroom και στο booking flow. Για κάθε κράτηση, το τελικό πρόγραμμα ασφάλισης, οι χρεώσεις και οι εξαιρέσεις επιβεβαιώνονται από την ομάδα μας πριν από την παράδοση."",""rentalPrivacyBody"":""Τα προσωπικά δεδομένα χρησιμοποιούνται αποκλειστικά για την εξυπηρέτηση της κράτησης, την επικοινωνία με τον πελάτη και την εκπλήρωση νομικών ή φορολογικών υποχρεώσεων της εταιρίας. Για ειδικά αιτήματα, διορθώσεις στοιχείων ή απορίες σχετικά με την επεξεργασία δεδομένων, ο πελάτης μπορεί να επικοινωνεί με την εταιρία στα διαθέσιμα στοιχεία επικοινωνίας."",""nightStartHour"":22,""_updatedDate"":""2026-03-18T08:27:22.541Z"",""allowOverbooking"":true,""companyName"":""DIAMOND Rent A Car"",""insuranceTermsTitle"":""Όροι και λεπτομέρειες ασφαλειών"",""rentalTermsTitle"":""Όροι ενοικίασης και πολιτικές"",""companyCity"":""Thessaloniki"",""bookingConfirmedTriggerId"":"""",""currency"":""EUR"",""footerNote"":""Επαγγελματική εμπειρία ενοικίασης οχήματος με καθαρή ροή κράτησης, ξεκάθαρη τιμολόγηση και προσωπική επιβεβαίωση."",""title"":""Default business settings"",""companyEmail"":""info@diamondrentacar.gr"",""companyTagline"":""Ενοικίαση οχημάτων στη Θεσσαλονίκη με καθαρή διαδικασία και γρήγορη επιβεβαίωση."",""rentalTermsBody"":""Η ενοικίαση ολοκληρώνεται μόνο μετά από επιβεβαίωση της διαθεσιμότητας από την εταιρία και έλεγχο των στοιχείων του οδηγού. Η εταιρία διατηρεί το δικαίωμα να προτείνει ισοδύναμο όχημα ίδιας ή ανώτερης κατηγορίας όταν αυτό απαιτηθεί από λειτουργικούς λόγους, χωρίς πρόσθετη χρέωση για τον πελάτη."",""vatRate"":24,""rentalRequirementsBody"":""Ο κύριος οδηγός οφείλει να διαθέτει ισχύουσα άδεια οδήγησης, ταυτότητα ή διαβατήριο και κάρτα ή άλλο μέσο πληρωμής αποδεκτό από την εταιρία. Ελάχιστη ηλικία, έτη κατοχής διπλώματος, εγγύηση και τυχόν επασφάλιστρα εξαρτώνται από την κατηγορία οχήματος και την τελική επιβεβαίωση της κράτησης."",""vehiclesPageDisplayMode"":""models"",""enableTriggeredEmails"":false,""rentalPoliciesBody"":""Η πολιτική καυσίμου, οι ώρες παράδοσης και παραλαβής, οι χρεώσεις εκτός ωραρίου, οι ακυρώσεις, οι καθυστερήσεις και οι όροι επέκτασης της μίσθωσης επιβεβαιώνονται πριν την παράδοση. Τυχόν ζημιές, πρόστιμα, απώλειες εξοπλισμού ή χρήση του οχήματος κατά παράβαση των συμφωνημένων όρων βαρύνουν τον ενοικιαστή σύμφωνα με την τελική σύμβαση."",""active"":true}","{""vehiclesPageModelsSource"":""vehicles"",""rentalTermsIntro"":""Στην παρακάτω σελίδα συγκεντρώνονται βασικοί όροι, προϋποθέσεις και πολιτικές της ενοικίασης με μορφή εύκολη για ανάγνωση και ενημέρωση από το backroom."",""nightEndHour"":8,""bookingCanceledTriggerId"":"""",""defaultDeposit"":0,""companyPhone"":""+30 2310 000 000"",""companyAddress"":""Θεσσαλονίκη, Ελλάδα"",""_id"":""a5128991-cf12-4a62-bcde-64e77309b454"",""insuranceTermsBody"":""Η βασική κάλυψη αφορά την τυπική συμμετοχή του ενοικιαστή σύμφωνα με τους όρους της εταιρίας. Οι επιπλέον καλύψεις μειώνουν ή περιορίζουν την ευθύνη ανάλογα με το πρόγραμμα που θα επιλεγεί. Πριν από την τελική παράδοση του οχήματος, η ομάδα μας επιβεβαιώνει ξανά τις καλύψεις, τις εξαιρέσεις και το ύψος της συμμετοχής. Δεν καλύπτονται περιστατικά που προκύπτουν από παραβίαση του ΚΟΚ, οδήγηση υπό επήρεια, μη εξουσιοδοτημένο οδηγό, απώλεια κλειδιών ή εγγράφων και χρήση του οχήματος εκτός των συμφωνημένων όρων. Οι πληροφορίες της σελίδας έχουν ενημερωτικό χαρακτήρα και υπερισχύουν οι τελικοί όροι που επιβεβαιώνονται από την εταιρία πριν την παραλαβή."",""_owner"":""284e089f-48c1-4969-b018-a9add65901a8"",""_createdDate"":""2026-03-15T14:21:47.499Z"",""insuranceTermsIntro"":""Οι ασφαλιστικές επιλογές και οι σχετικοί όροι παρουσιάζονται με απλό τρόπο πριν από την ολοκλήρωση της κράτησης."",""insuranceDetailsTitle"":""Λεπτομέρειες ασφαλιστικών επιλογών"",""insuranceDetailsIntro"":""Παρακάτω βλέπεις συνοπτικά τις επιλογές κάλυψης που χρησιμοποιούνται στο front booking flow."",""insuranceDetailsBody"":""Το CDW αποτελεί τη βασική κάλυψη χωρίς επιπλέον ημερήσια χρέωση. Το SCDW μειώνει περαιτέρω την οικονομική έκθεση του οδηγού, ενώ το FULL παρέχει την πιο ενισχυμένη επιλογή προστασίας που εμφανίζεται στο backroom και στο booking flow. Για κάθε κράτηση, το τελικό πρόγραμμα ασφάλισης, οι χρεώσεις και οι εξαιρέσεις επιβεβαιώνονται από την ομάδα μας πριν από την παράδοση."",""rentalPrivacyBody"":""Τα προσωπικά δεδομένα χρησιμοποιούνται αποκλειστικά για την εξυπηρέτηση της κράτησης, την επικοινωνία με τον πελάτη και την εκπλήρωση νομικών ή φορολογικών υποχρεώσεων της εταιρίας. Για ειδικά αιτήματα, διορθώσεις στοιχείων ή απορίες σχετικά με την επεξεργασία δεδομένων, ο πελάτης μπορεί να επικοινωνεί με την εταιρία στα διαθέσιμα στοιχεία επικοινωνίας."",""nightStartHour"":22,""_updatedDate"":""2026-03-18T08:27:57.628Z"",""allowOverbooking"":true,""companyName"":""DIAMOND Rent A Car"",""insuranceTermsTitle"":""Όροι και λεπτομέρειες ασφαλειών"",""rentalTermsTitle"":""Όροι ενοικίασης και πολιτικές"",""companyCity"":""Thessaloniki"",""bookingConfirmedTriggerId"":"""",""currency"":""EUR"",""footerNote"":""Επαγγελματική εμπειρία ενοικίασης οχήματος με καθαρή ροή κράτησης, ξεκάθαρη τιμολόγηση και προσωπική επιβεβαίωση."",""title"":""Default business settings"",""companyEmail"":""info@diamondrentacar.gr"",""companyTagline"":""Ενοικίαση οχημάτων στη Θεσσαλονίκη με καθαρή διαδικασία και γρήγορη επιβεβαίωση."",""rentalTermsBody"":""Η ενοικίαση ολοκληρώνεται μόνο μετά από επιβεβαίωση της διαθεσιμότητας από την εταιρία και έλεγχο των στοιχείων του οδηγού. Η εταιρία διατηρεί το δικαίωμα να προτείνει ισοδύναμο όχημα ίδιας ή ανώτερης κατηγορίας όταν αυτό απαιτηθεί από λειτουργικούς λόγους, χωρίς πρόσθετη χρέωση για τον πελάτη."",""vatRate"":24,""rentalRequirementsBody"":""Ο κύριος οδηγός οφείλει να διαθέτει ισχύουσα άδεια οδήγησης, ταυτότητα ή διαβατήριο και κάρτα ή άλλο μέσο πληρωμής αποδεκτό από την εταιρία. Ελάχιστη ηλικία, έτη κατοχής διπλώματος, εγγύηση και τυχόν επασφάλιστρα εξαρτώνται από την κατηγορία οχήματος και την τελική επιβεβαίωση της κράτησης."",""vehiclesPageDisplayMode"":""models"",""enableTriggeredEmails"":false,""rentalPoliciesBody"":""Η πολιτική καυσίμου, οι ώρες παράδοσης και παραλαβής, οι χρεώσεις εκτός ωραρίου, οι ακυρώσεις, οι καθυστερήσεις και οι όροι επέκτασης της μίσθωσης επιβεβαιώνονται πριν την παράδοση. Τυχόν ζημιές, πρόστιμα, απώλειες εξοπλισμού ή χρήση του οχήματος κατά παράβαση των συμφωνημένων όρων βαρύνουν τον ενοικιαστή σύμφωνα με την τελική σύμβαση."",""active"":true}","ckatz1995@gmail.com","Nik nik",2026-03-18T08:27:57Z,2027-03-18T08:27:57Z
,"f9102aa3-9224-4167-acbc-10d99eda0dc5",2026-03-16T15:21:51Z,2026-03-16T15:21:51Z,"48ba7aa5-ed2b-43d2-bdd7-6596e6ec75a8","pricing.extra","snow_chains","pricing.insert","Νέο extra service Αλυσίδες Χιονιού",,"{""title"":""Αλυσίδες Χιονιού"",""key"":""snow_chains"",""label"":""Αλυσίδες Χιονιού"",""description"":"""",""sortOrder"":9999,""active"":true,""publicVisible"":true,""price"":30,""billingMode"":""perBooking"",""_id"":""d7f5c08f-3975-4744-85b1-a299b3c144a4"",""_owner"":""48ba7aa5-ed2b-43d2-bdd7-6596e6ec75a8"",""_createdDate"":""2026-03-16T15:21:51.480Z"",""_updatedDate"":""2026-03-16T15:21:51.480Z""}","ckatz1995@gmail.com","Nik nik",2026-03-16T15:21:51Z,2027-03-16T15:21:51Z
,"f9123d67-6946-4b13-bed6-a741bd20f94e",2026-03-15T13:49:21Z,2026-03-15T13:49:21Z,"4139a8c1-c961-498e-9512-465437a7bf6c","staffAuth","admin@diamondrentacar.gr","loginSuccess","Backroom login",,,"admin@diamondrentacar.gr","Site Admin",2026-03-15T13:49:21Z,2027-03-15T13:49:21Z
,"f9254e62-26c2-47d0-b36f-87349a300d0a",2026-03-15T14:33:08Z,2026-03-15T14:33:08Z,"4139a8c1-c961-498e-9512-465437a7bf6c","staffAuth","admin@diamondrentacar.gr","loginFailed","Wrong password",,,"admin@diamondrentacar.gr","Site Admin",2026-03-15T14:33:08Z,2027-03-15T14:33:08Z
,"f93796b8-f855-42b8-be9a-64ef160a3148",2026-03-30T12:28:06Z,2026-03-30T12:28:06Z,"48ba7aa5-ed2b-43d2-bdd7-6596e6ec75a8","staffAuth","ckatz1995@gmail.com","loginSuccess","Backroom login",,,"ckatz1995@gmail.com","Nik nik",2026-03-30T12:28:06Z,2027-03-30T12:28:06Z
,"f9426217-2d3e-4422-a5dd-053aa59fd026",2026-05-14T14:56:06Z,2026-05-14T14:56:06Z,"ee6f533c-5006-4b8c-abb8-a82ea80908bf","staffAuth","ckatz1995@gmail.com","loginSuccess","Backroom login",,,"ckatz1995@gmail.com","Nik nik",2026-05-14T14:56:06Z,2027-05-14T14:56:06Z
,"f9827d38-863c-4141-a579-337fbf1cbcc9",2026-04-01T14:47:03Z,2026-04-01T14:47:03Z,"4139a8c1-c961-498e-9512-465437a7bf6c","pricing.fleetVehicle","81e01d45-f5ca-4b26-a90b-0f3c49fbdb36","pricing.updateFleetVehicle","Ενημέρωση όχημα στόλου ΝΗΧ1234 - Up (A)","{""plate"":""ΝΗΧ1234"",""fuelLevel"":1,""categoryId"":""46362b25-3bbb-4d22-826d-48ae404e5e85"",""currentStationCode"":""SKG"",""model"":""Up"",""_id"":""81e01d45-f5ca-4b26-a90b-0f3c49fbdb36"",""_owner"":""284e089f-48c1-4969-b018-a9add65901a8"",""_createdDate"":""2026-03-29T10:36:54.127Z"",""readyToGo"":true,""fuelType"":""Βενζίνη"",""poolType"":""car rental"",""ownershipState"":""owned"",""_updatedDate"":""2026-03-29T10:36:54.127Z"",""operationalStatus"":""available"",""fleetVehicleId"":""02a4bf5d-2644-4c5b-ab43-def409aaa60f"",""currentStationLabel"":""SKG Airport Thessaloniki Office"",""hardHold"":false,""status"":""available"",""legacyOwner"":""48ba7aa5-ed2b-43d2-bdd7-6596e6ec75a8"",""needsReview"":""Set excess, station, fuelLevel"",""vehicleLabel"":""ΝΗΧ1234 - Up"",""legacyCreatedAt"":""2026-03-16T16:33:46.000Z"",""categoryCode"":""A"",""categoryLabel"":""A - Hyundai i10"",""legacyUpdatedAt"":""2026-03-22T10:10:30.000Z"",""active"":true}","{""plate"":""ΝΗΧ1234"",""fuelLevel"":1,""categoryId"":"""",""currentStationCode"":""SKG"",""model"":""Up"",""_id"":""81e01d45-f5ca-4b26-a90b-0f3c49fbdb36"",""_owner"":""284e089f-48c1-4969-b018-a9add65901a8"",""_createdDate"":""2026-03-29T10:36:54.127Z"",""readyToGo"":true,""fuelType"":""Βενζίνη"",""poolType"":""car rental"",""ownershipState"":""owned"",""_updatedDate"":""2026-04-01T14:47:03.500Z"",""operationalStatus"":""available"",""fleetVehicleId"":""02a4bf5d-2644-4c5b-ab43-def409aaa60f"",""currentStationLabel"":""SKG Airport Thessaloniki Office"",""hardHold"":false,""status"":""available"",""legacyOwner"":""48ba7aa5-ed2b-43d2-bdd7-6596e6ec75a8"",""needsReview"":""Set excess, station, fuelLevel"",""vehicleLabel"":""ΝΗΧ1234 - Up"",""legacyCreatedAt"":""2026-03-16T16:33:46.000Z"",""categoryCode"":""A"",""categoryLabel"":""A - Hyundai i10"",""legacyUpdatedAt"":""2026-03-22T10:10:30.000Z"",""active"":true,""category"":""A"",""categoryDisplayTitle"":""A"",""categoryTitle"":"""",""notes"":""""}","ckatz1995@gmail.com","Nik nik",2026-04-01T14:47:03Z,2027-04-01T14:47:03Z
,"fa0bda6f-5935-4a56-b867-5124a1a0dc54",2026-03-30T12:27:26Z,2026-03-30T12:27:26Z,"48ba7aa5-ed2b-43d2-bdd7-6596e6ec75a8","staffAuth","ckatz1995@hotmail.gr","loginFailed","Unknown or inactive user",,,"ckatz1995@hotmail.gr","ckatz1995@hotmail.gr",2026-03-30T12:27:26Z,2027-03-30T12:27:26Z
,"fb574544-faf7-4455-a4cf-02109b8778b9",2026-03-16T16:11:54Z,2026-03-16T16:11:54Z,"48ba7aa5-ed2b-43d2-bdd7-6596e6ec75a8","pricing.extra","snow_chains","pricing.update","Ενημέρωση extra service Αλυσίδες Χιονιού","{""description"":"""",""_id"":""d7f5c08f-3975-4744-85b1-a299b3c144a4"",""_owner"":""48ba7aa5-ed2b-43d2-bdd7-6596e6ec75a8"",""_createdDate"":""2026-03-16T15:21:51.480Z"",""billingMode"":""perBooking"",""price"":30,""publicVisible"":true,""label"":""Αλυσίδες Χιονιού"",""_updatedDate"":""2026-03-16T15:24:08.020Z"",""key"":""snow_chains"",""sortOrder"":6,""title"":""Αλυσίδες Χιονιού"",""active"":true}","{""description"":"""",""_id"":""d7f5c08f-3975-4744-85b1-a299b3c144a4"",""_owner"":""48ba7aa5-ed2b-43d2-bdd7-6596e6ec75a8"",""_createdDate"":""2026-03-16T15:21:51.480Z"",""billingMode"":""perBooking"",""price"":30,""publicVisible"":true,""label"":""Αλυσίδες Χιονιού"",""_updatedDate"":""2026-03-16T16:11:54.736Z"",""key"":""snow_chains"",""sortOrder"":6,""title"":""Αλυσίδες Χιονιού"",""active"":true}","ckatz1995@gmail.com","Nik nik",2026-03-16T16:11:54Z,2027-03-16T16:11:54Z
,"fbd0eaeb-20c2-45e1-8e83-bd8c0d79b79d",2026-03-16T15:54:00Z,2026-03-16T15:54:00Z,"48ba7aa5-ed2b-43d2-bdd7-6596e6ec75a8","pricing.fleetVehicle","0eecf3cc-5ab4-4229-aea1-28af10251598","pricing.updateFleetVehicle","Ενημέρωση όχημα στόλου MNA 2219 - Panda (A)","{""plate"":""MNA 2219"",""model"":""Panda"",""_id"":""0eecf3cc-5ab4-4229-aea1-28af10251598"",""_owner"":""284e089f-48c1-4969-b018-a9add65901a8"",""_createdDate"":""2026-02-26T07:01:10.415Z"",""_updatedDate"":""2026-03-01T21:17:51.051Z"",""miliage"":2000,""status"":""Available"",""category"":""46362b25-3bbb-4d22-826d-48ae404e5e85"",""title"":""MNA 2219"",""active"":true}","{""plate"":""MNA 2219"",""model"":""Panda"",""_id"":""0eecf3cc-5ab4-4229-aea1-28af10251598"",""_owner"":""284e089f-48c1-4969-b018-a9add65901a8"",""_createdDate"":""2026-02-26T07:01:10.415Z"",""_updatedDate"":""2026-03-16T15:54:00.340Z"",""miliage"":2000,""status"":""available"",""category"":""A"",""title"":""MNA 2219"",""active"":true,""categoryId"":"""",""categoryDisplayTitle"":""A"",""categoryTitle"":"""",""notes"":""""}","ckatz1995@gmail.com","Nik nik",2026-03-16T15:54:00Z,2027-03-16T15:54:00Z
,"fbe70baa-a05d-4388-8aa5-354e7eda9477",2026-04-04T12:30:32Z,2026-04-04T12:30:32Z,"4139a8c1-c961-498e-9512-465437a7bf6c","pricing.pickupLocation","hotel_delivery_dropoff","pricing.update","Ενημέρωση τοποθεσία Παράδοση σε ξενοδοχείο","{""description"":""Παράδοση / παραλαβή σε ξενοδοχείο εντός πόλης."",""_id"":""832a21ee-b84f-4b25-8ecf-0e27cb694002"",""_owner"":""4139a8c1-c961-498e-9512-465437a7bf6c"",""_createdDate"":""2026-03-22T10:01:29.591Z"",""mapUrl"":"""",""publicVisible"":true,""label"":""Παράδοση σε ξενοδοχείο"",""_updatedDate"":""2026-03-22T10:02:04.816Z"",""key"":""hotel_delivery_dropoff"",""extraFee"":25,""sortOrder"":50,""address"":""Θεσσαλονίκη"",""locationType"":""dropoff"",""active"":true}","{""description"":""Παράδοση / παραλαβή σε ξενοδοχείο εντός πόλης."",""_id"":""832a21ee-b84f-4b25-8ecf-0e27cb694002"",""_owner"":""4139a8c1-c961-498e-9512-465437a7bf6c"",""_createdDate"":""2026-03-22T10:01:29.591Z"",""mapUrl"":"""",""publicVisible"":true,""label"":""Παράδοση σε ξενοδοχείο"",""_updatedDate"":""2026-04-04T12:30:32.234Z"",""key"":""hotel_delivery_dropoff"",""extraFee"":25,""sortOrder"":50,""address"":""Θεσσαλονίκη"",""locationType"":""dropoff"",""active"":true,""stationKey"":""a"",""stationLabel"":""a""}","ckatz1995@gmail.com","Nik nik",2026-04-04T12:30:32Z,2027-04-04T12:30:32Z
,"fbf7c5f7-5b9c-488f-8103-80994d276dde",2026-03-17T12:28:05Z,2026-03-17T12:28:05Z,"48ba7aa5-ed2b-43d2-bdd7-6596e6ec75a8","pricing.pickupLocation","ktel_thessaloniki","pricing.update","Ενημέρωση τοποθεσία ΚΤΕΛ Θεσσαλονίκης","{""description"":""Παραλαβή / παράδοση στον σταθμό ΚΤΕΛ."",""_id"":""4ad387f3-6096-4659-8b8a-1575019e0343"",""_owner"":""284e089f-48c1-4969-b018-a9add65901a8"",""_createdDate"":""2026-03-15T22:56:27.550Z"",""mapUrl"":"""",""publicVisible"":true,""label"":""ΚΤΕΛ Θεσσαλονίκης"",""_updatedDate"":""2026-03-17T12:27:04.227Z"",""key"":""ktel_thessaloniki"",""extraFee"":40,""sortOrder"":4,""address"":""Σταθμός ΚΤΕΛ Μακεδονία, Θεσσαλονίκη"",""locationType"":""both"",""active"":true}","{""description"":""Παραλαβή / παράδοση στον σταθμό ΚΤΕΛ."",""_id"":""4ad387f3-6096-4659-8b8a-1575019e0343"",""_owner"":""284e089f-48c1-4969-b018-a9add65901a8"",""_createdDate"":""2026-03-15T22:56:27.550Z"",""mapUrl"":"""",""publicVisible"":true,""label"":""ΚΤΕΛ Θεσσαλονίκης"",""_updatedDate"":""2026-03-17T12:28:05.150Z"",""key"":""ktel_thessaloniki"",""extraFee"":40,""sortOrder"":40,""address"":""Σταθμός ΚΤΕΛ Μακεδονία, Θεσσαλονίκη"",""locationType"":""both"",""active"":true}","ckatz1995@gmail.com","Nik nik",2026-03-17T12:28:05Z,2027-03-17T12:28:05Z
,"fc5fdf2c-f976-41e6-ac5f-d36705db3051",2026-03-15T13:48:18Z,2026-03-15T13:48:18Z,"4139a8c1-c961-498e-9512-465437a7bf6c","staffAuth","admin@diamondrentacar.gr","loginSuccess","Backroom login",,,"admin@diamondrentacar.gr","Site Admin",2026-03-15T13:48:18Z,2027-03-15T13:48:18Z
,"fcec6a25-764e-41d7-be6f-0ac0f079d2c9",2026-03-15T14:29:06Z,2026-03-15T14:29:06Z,"4139a8c1-c961-498e-9512-465437a7bf6c","staffAuth","admin@diamondrentacar.gr","loginFailed","Wrong password",,,"admin@diamondrentacar.gr","Site Admin",2026-03-15T14:29:06Z,2027-03-15T14:29:06Z
,"fe0cc251-7438-469d-9c8b-7331b0b188c4",2026-03-16T18:03:59Z,2026-03-16T18:03:59Z,"284e089f-48c1-4969-b018-a9add65901a8","pricing.extra","test","pricing.update","Ενημέρωση extra service Test","{""description"":""test2"",""_id"":""7fd6bc08-56b0-4b14-8ef5-6d86b07ca6a2"",""_owner"":""4139a8c1-c961-498e-9512-465437a7bf6c"",""_createdDate"":""2026-03-15T16:29:27.470Z"",""billingMode"":""perDay"",""price"":3,""publicVisible"":true,""label"":""Test1"",""_updatedDate"":""2026-03-16T15:23:53.784Z"",""key"":""test"",""sortOrder"":8,""title"":""Test1"",""active"":true}","{""description"":""Kati"",""_id"":""7fd6bc08-56b0-4b14-8ef5-6d86b07ca6a2"",""_owner"":""4139a8c1-c961-498e-9512-465437a7bf6c"",""_createdDate"":""2026-03-15T16:29:27.470Z"",""billingMode"":""perDay"",""price"":5,""publicVisible"":true,""label"":""Test"",""_updatedDate"":""2026-03-16T18:03:59.259Z"",""key"":""test"",""sortOrder"":9999,""title"":""Test"",""active"":true}","ckatz1995@gmail.com","Nik nik",2026-03-16T18:03:59Z,2027-03-16T18:03:59Z
,"fe5c54f3-7084-4fdc-91a4-567860fece9b",2026-03-16T15:24:25Z,2026-03-16T15:24:25Z,"48ba7aa5-ed2b-43d2-bdd7-6596e6ec75a8","pricing.extra","smartphone_holder","pricing.update","Ενημέρωση extra service Βάση Κινητού","{""description"":"""",""_id"":""93fb674a-5b2e-411b-8840-f2590e5db4c7"",""_owner"":""48ba7aa5-ed2b-43d2-bdd7-6596e6ec75a8"",""_createdDate"":""2026-03-16T15:23:34.941Z"",""billingMode"":""perDay"",""price"":1,""publicVisible"":true,""label"":""Βάση Κινητού"",""_updatedDate"":""2026-03-16T15:23:34.941Z"",""key"":""smartphone_holder"",""sortOrder"":9999,""title"":""Βάση Κινητού"",""active"":true}","{""description"":"""",""_id"":""93fb674a-5b2e-411b-8840-f2590e5db4c7"",""_owner"":""48ba7aa5-ed2b-43d2-bdd7-6596e6ec75a8"",""_createdDate"":""2026-03-16T15:23:34.941Z"",""billingMode"":""perDay"",""price"":1,""publicVisible"":true,""label"":""Βάση Κινητού"",""_updatedDate"":""2026-03-16T15:24:25.686Z"",""key"":""smartphone_holder"",""sortOrder"":7,""title"":""Βάση Κινητού"",""active"":true}","ckatz1995@gmail.com","Nik nik",2026-03-16T15:24:25Z,2027-03-16T15:24:25Z
,"ff9dd674-df43-4d56-a315-aa50d6bbe493",2026-03-16T07:42:43Z,2026-03-16T07:42:43Z,"4139a8c1-c961-498e-9512-465437a7bf6c","pricing.pickupLocation","city_center_office_copy","pricing.insert","Νέα τοποθεσία Κέντρο Θεσσαλονίκης Copy",,"{""key"":""city_center_office_copy"",""label"":""Κέντρο Θεσσαλονίκης Copy"",""description"":""Παραλαβή / παράδοση από το κεντρικό σημείο εξυπηρέτησης."",""locationType"":""pickup"",""address"":""Θεσσαλονίκη, Κέντρο"",""mapUrl"":"""",""extraFee"":20,""sortOrder"":20,""active"":true,""publicVisible"":true,""_id"":""ebb125a2-bdae-489c-87e1-5bc86581d185"",""_owner"":""4139a8c1-c961-498e-9512-465437a7bf6c"",""_createdDate"":""2026-03-16T07:42:43.237Z"",""_updatedDate"":""2026-03-16T07:42:43.237Z""}","ckatz1995@gmail.com","Nik nik",2026-03-16T07:42:43Z,2027-03-16T07:42:43Z
